Date,Close
2019-01-01T00:00:00Z,3672.747333333333
2019-01-01T01:00:00Z,3681.0332870370366
2019-01-01T02:00:00Z,3681.973388888888
2019-01-01T03:00:00Z,3680.6671018518523
2019-01-01T04:00:00Z,3679.5111574074085
2019-01-01T05:00:00Z,3682.3365925925937
2019-01-01T06:00:00Z,3686.997777777777
2019-01-01T07:00:00Z,3694.27275
2019-01-01T08:00:00Z,3704.1504537037035
2019-01-01T09:00:00Z,3707.4786388888883
2019-01-01T10:00:00Z,3708.5247407407405
2019-01-01T11:00:00Z,3706.8788333333337
2019-01-01T12:00:00Z,3708.445296296297
2019-01-01T13:00:00Z,3713.3175370370373
2019-01-01T14:00:00Z,3711.9305925925933
2019-01-01T15:00:00Z,3701.5099814814807
2019-01-01T16:00:00Z,3691.534342592593
2019-01-01T17:00:00Z,3684.800805555556
2019-01-01T18:00:00Z,3674.8879907407404
2019-01-01T19:00:00Z,3676.193861111111
2019-01-01T20:00:00Z,3691.3579259259263
2019-01-01T21:00:00Z,3710.6399537037046
2019-01-01T22:00:00Z,3725.3688518518525
2019-01-01T23:00:00Z,3761.7323240740748
2019-01-02T00:00:00Z,3796.47687962963
2019-01-02T01:00:00Z,3818.5054722222217
2019-01-02T02:00:00Z,3825.4727037037032
2019-01-02T03:00:00Z,3819.6597129629627
2019-01-02T04:00:00Z,3811.981407407407
2019-01-02T05:00:00Z,3805.7452037037033
2019-01-02T06:00:00Z,3795.9325555555565
2019-01-02T07:00:00Z,3790.2741018518523
2019-01-02T08:00:00Z,3791.7400000000002
2019-01-02T09:00:00Z,3794.1465833333336
2019-01-02T10:00:00Z,3799.7498611111114
2019-01-02T11:00:00Z,3805.3169814814814
2019-01-02T12:00:00Z,3810.8977407407415
2019-01-02T13:00:00Z,3823.5962685185186
2019-01-02T14:00:00Z,3833.9401018518524
2019-01-02T15:00:00Z,3835.644611111111
2019-01-02T16:00:00Z,3840.4874444444445
2019-01-02T17:00:00Z,3846.4486388888895
2019-01-02T18:00:00Z,3852.5708518518513
2019-01-02T19:00:00Z,3855.325962962963
2019-01-02T20:00:00Z,3863.0504259259255
2019-01-02T21:00:00Z,3875.3132500000006
2019-01-02T22:00:00Z,3889.63350925926
2019-01-02T23:00:00Z,3898.6222962962966
2019-01-03T00:00:00Z,3893.646675925927
2019-01-03T01:00:00Z,3882.0506666666674
2019-01-03T02:00:00Z,3869.5132777777785
2019-01-03T03:00:00Z,3863.9711481481477
2019-01-03T04:00:00Z,3861.668972222222
2019-01-03T05:00:00Z,3857.4514166666663
2019-01-03T06:00:00Z,3850.890962962962
2019-01-03T07:00:00Z,3845.205287037037
2019-01-03T08:00:00Z,3837.444111111112
2019-01-03T09:00:00Z,3831.5290833333333
2019-01-03T10:00:00Z,3829.053425925926
2019-01-03T11:00:00Z,3829.6569537037035
2019-01-03T12:00:00Z,3836.2878981481495
2019-01-03T13:00:00Z,3843.6205185185195
2019-01-03T14:00:00Z,3845.270490740741
2019-01-03T15:00:00Z,3844.1301944444444
2019-01-03T16:00:00Z,3821.1447962962957
2019-01-03T17:00:00Z,3794.01337037037
2019-01-03T18:00:00Z,3772.640537037036
2019-01-03T19:00:00Z,3762.6509259259255
2019-01-03T20:00:00Z,3769.291824074074
2019-01-03T21:00:00Z,3780.705138888889
2019-01-03T22:00:00Z,3791.2131203703707
2019-01-03T23:00:00Z,3794.5045000000005
2019-01-04T00:00:00Z,3786.0805740740743
2019-01-04T01:00:00Z,3778.887111111111
2019-01-04T02:00:00Z,3773.891166666667
2019-01-04T03:00:00Z,3779.571759259259
2019-01-04T04:00:00Z,3788.2009814814814
2019-01-04T05:00:00Z,3795.396074074073
2019-01-04T06:00:00Z,3800.6528333333335
2019-01-04T07:00:00Z,3804.1798611111103
2019-01-04T08:00:00Z,3803.2769166666662
2019-01-04T09:00:00Z,3796.5364074074073
2019-01-04T10:00:00Z,3792.3432685185185
2019-01-04T11:00:00Z,3786.808101851853
2019-01-04T12:00:00Z,3784.024027777779
2019-01-04T13:00:00Z,3779.9091944444444
2019-01-04T14:00:00Z,3767.5698518518525
2019-01-04T15:00:00Z,3754.5951574074074
2019-01-04T16:00:00Z,3750.561888888888
2019-01-04T17:00:00Z,3755.198999999999
2019-01-04T18:00:00Z,3759.2513888888884
2019-01-04T19:00:00Z,3761.7676574074067
2019-01-04T20:00:00Z,3769.2399907407403
2019-01-04T21:00:00Z,3793.453916666667
2019-01-04T22:00:00Z,3820.0062685185185
2019-01-04T23:00:00Z,3837.030962962963
2019-01-05T00:00:00Z,3847.1431388888886
2019-01-05T01:00:00Z,3851.1120370370368
2019-01-05T02:00:00Z,3852.4751296296295
2019-01-05T03:00:00Z,3851.8572037037034
2019-01-05T04:00:00Z,3849.5258055555564
2019-01-05T05:00:00Z,3851.6301203703697
2019-01-05T06:00:00Z,3848.5363981481473
2019-01-05T07:00:00Z,3838.7326759259254
2019-01-05T08:00:00Z,3829.4090833333325
2019-01-05T09:00:00Z,3823.595305555556
2019-01-05T10:00:00Z,3822.4724074074074
2019-01-05T11:00:00Z,3826.236351851852
2019-01-05T12:00:00Z,3832.056009259259
2019-01-05T13:00:00Z,3834.4345833333323
2019-01-05T14:00:00Z,3833.3415092592586
2019-01-05T15:00:00Z,3830.1864537037036
2019-01-05T16:00:00Z,3829.503407407407
2019-01-05T17:00:00Z,3830.911861111111
2019-01-05T18:00:00Z,3836.124175925925
2019-01-05T19:00:00Z,3842.117074074073
2019-01-05T20:00:00Z,3844.637768518518
2019-01-05T21:00:00Z,3844.426703703704
2019-01-05T22:00:00Z,3833.130527777778
2019-01-05T23:00:00Z,3814.7990555555557
2019-01-06T00:00:00Z,3800.6957777777784
2019-01-06T01:00:00Z,3788.4033148148155
2019-01-06T02:00:00Z,3783.217925925926
2019-01-06T03:00:00Z,3783.9426481481482
2019-01-06T04:00:00Z,3787.486435185185
2019-01-06T05:00:00Z,3793.2123611111115
2019-01-06T06:00:00Z,3797.042490740741
2019-01-06T07:00:00Z,3795.9640370370366
2019-01-06T08:00:00Z,3793.930490740741
2019-01-06T09:00:00Z,3793.5650833333334
2019-01-06T10:00:00Z,3801.892388888889
2019-01-06T11:00:00Z,3815.76687037037
2019-01-06T12:00:00Z,3823.576175925926
2019-01-06T13:00:00Z,3825.806833333334
2019-01-06T14:00:00Z,3824.8655648148147
2019-01-06T15:00:00Z,3825.3411666666666
2019-01-06T16:00:00Z,3829.208722222222
2019-01-06T17:00:00Z,3902.1115462962966
2019-01-06T18:00:00Z,3994.9198981481477
2019-01-06T19:00:00Z,4074.46512962963
2019-01-06T20:00:00Z,4108.3793981481485
2019-01-06T21:00:00Z,4099.789546296296
2019-01-06T22:00:00Z,4073.584999999999
2019-01-06T23:00:00Z,4052.536898148148
2019-01-07T00:00:00Z,4046.573981481482
2019-01-07T01:00:00Z,4043.4479722222222
2019-01-07T02:00:00Z,4039.4495925925935
2019-01-07T03:00:00Z,4035.7987037037037
2019-01-07T04:00:00Z,4031.588675925926
2019-01-07T05:00:00Z,4031.8579074074073
2019-01-07T06:00:00Z,4032.8652685185184
2019-01-07T07:00:00Z,4034.676148148148
2019-01-07T08:00:00Z,4038.8955925925925
2019-01-07T09:00:00Z,4028.779740740741
2019-01-07T10:00:00Z,4015.4898055555564
2019-01-07T11:00:00Z,4007.68262962963
2019-01-07T12:00:00Z,4000.672259259259
2019-01-07T13:00:00Z,4004.297351851852
2019-01-07T14:00:00Z,4012.945675925926
2019-01-07T15:00:00Z,4018.2033148148153
2019-01-07T16:00:00Z,4022.007592592592
2019-01-07T17:00:00Z,4020.963675925925
2019-01-07T18:00:00Z,4018.5444629629633
2019-01-07T19:00:00Z,4018.860481481481
2019-01-07T20:00:00Z,4016.492574074074
2019-01-07T21:00:00Z,4012.2182592592594
2019-01-07T22:00:00Z,4004.752129629629
2019-01-07T23:00:00Z,4000.3868611111116
2019-01-08T00:00:00Z,4002.137453703704
2019-01-08T01:00:00Z,4002.9805
2019-01-08T02:00:00Z,3997.2389166666667
2019-01-08T03:00:00Z,3987.8809351851855
2019-01-08T04:00:00Z,3979.638027777779
2019-01-08T05:00:00Z,3974.0834907407407
2019-01-08T06:00:00Z,3975.2914629629627
2019-01-08T07:00:00Z,3977.371027777777
2019-01-08T08:00:00Z,3983.991129629629
2019-01-08T09:00:00Z,3993.5093518518515
2019-01-08T10:00:00Z,4003.6540740740734
2019-01-08T11:00:00Z,4019.1358240740733
2019-01-08T12:00:00Z,4030.2005555555565
2019-01-08T13:00:00Z,4047.254907407408
2019-01-08T14:00:00Z,4059.401444444445
2019-01-08T15:00:00Z,4059.9236851851856
2019-01-08T16:00:00Z,4044.3589444444456
2019-01-08T17:00:00Z,4021.538490740741
2019-01-08T18:00:00Z,4003.116527777778
2019-01-08T19:00:00Z,3996.9010092592594
2019-01-08T20:00:00Z,3997.583537037037
2019-01-08T21:00:00Z,3998.8560092592593
2019-01-08T22:00:00Z,3999.0297870370373
2019-01-08T23:00:00Z,3996.234138888889
2019-01-09T00:00:00Z,3991.806462962964
2019-01-09T01:00:00Z,3996.1601574074084
2019-01-09T02:00:00Z,4005.087157407408
2019-01-09T03:00:00Z,4015.2811018518514
2019-01-09T04:00:00Z,4024.97837962963
2019-01-09T05:00:00Z,4028.448972222222
2019-01-09T06:00:00Z,4027.0785648148144
2019-01-09T07:00:00Z,4023.3991388888885
2019-01-09T08:00:00Z,4019.247675925926
2019-01-09T09:00:00Z,4015.8401481481483
2019-01-09T10:00:00Z,4014.2955462962964
2019-01-09T11:00:00Z,4017.4140370370365
2019-01-09T12:00:00Z,4018.8000740740736
2019-01-09T13:00:00Z,4016.136944444445
2019-01-09T14:00:00Z,4006.323546296296
2019-01-09T15:00:00Z,3994.8720833333336
2019-01-09T16:00:00Z,3989.183777777778
2019-01-09T17:00:00Z,3990.419398148148
2019-01-09T18:00:00Z,3997.2607314814813
2019-01-09T19:00:00Z,4005.499398148148
2019-01-09T20:00:00Z,4010.9372222222228
2019-01-09T21:00:00Z,4011.1539537037042
2019-01-09T22:00:00Z,4009.6465277777775
2019-01-09T23:00:00Z,4006.238046296296
2019-01-10T00:00:00Z,4009.616101851852
2019-01-10T01:00:00Z,4015.920694444445
2019-01-10T02:00:00Z,4021.1708981481484
2019-01-10T03:00:00Z,4021.8595
2019-01-10T04:00:00Z,4023.0806388888886
2019-01-10T05:00:00Z,4025.389805555556
2019-01-10T06:00:00Z,3963.086648148148
2019-01-10T07:00:00Z,3873.1894351851847
2019-01-10T08:00:00Z,3786.5916018518524
2019-01-10T09:00:00Z,3733.9781851851862
2019-01-10T10:00:00Z,3720.7566666666676
2019-01-10T11:00:00Z,3732.457296296297
2019-01-10T12:00:00Z,3750.431194444445
2019-01-10T13:00:00Z,3764.4095462962964
2019-01-10T14:00:00Z,3773.3885092592595
2019-01-10T15:00:00Z,3777.2715740740737
2019-01-10T16:00:00Z,3731.1569351851854
2019-01-10T17:00:00Z,3663.796314814815
2019-01-10T18:00:00Z,3602.3383796296307
2019-01-10T19:00:00Z,3577.0850555555553
2019-01-10T20:00:00Z,3581.4488796296296
2019-01-10T21:00:00Z,3599.0469907407405
2019-01-10T22:00:00Z,3614.007416666667
2019-01-10T23:00:00Z,3622.01424074074
2019-01-11T00:00:00Z,3630.692435185185
2019-01-11T01:00:00Z,3635.0407777777777
2019-01-11T02:00:00Z,3632.665675925926
2019-01-11T03:00:00Z,3626.540796296296
2019-01-11T04:00:00Z,3616.8405185185184
2019-01-11T05:00:00Z,3610.8719259259256
2019-01-11T06:00:00Z,3612.3904722222214
2019-01-11T07:00:00Z,3622.8134351851854
2019-01-11T08:00:00Z,3636.2073333333337
2019-01-11T09:00:00Z,3643.9542500000002
2019-01-11T10:00:00Z,3643.2101759259263
2019-01-11T11:00:00Z,3640.5831018518525
2019-01-11T12:00:00Z,3637.7287500000007
2019-01-11T13:00:00Z,3631.3204814814817
2019-01-11T14:00:00Z,3631.2429629629623
2019-01-11T15:00:00Z,3632.9907592592594
2019-01-11T16:00:00Z,3638.88337962963
2019-01-11T17:00:00Z,3646.5856296296297
2019-01-11T18:00:00Z,3652.872666666666
2019-01-11T19:00:00Z,3656.154740740741
2019-01-11T20:00:00Z,3657.6498148148153
2019-01-11T21:00:00Z,3656.077833333334
2019-01-11T22:00:00Z,3644.0054351851854
2019-01-11T23:00:00Z,3633.6817962962964
2019-01-12T00:00:00Z,3627.3493055555555
2019-01-12T01:00:00Z,3625.7526759259254
2019-01-12T02:00:00Z,3627.965601851851
2019-01-12T03:00:00Z,3632.6095462962962
2019-01-12T04:00:00Z,3634.586314814815
2019-01-12T05:00:00Z,3635.211546296297
2019-01-12T06:00:00Z,3630.099416666668
2019-01-12T07:00:00Z,3624.907574074074
2019-01-12T08:00:00Z,3619.680555555556
2019-01-12T09:00:00Z,3616.764101851852
2019-01-12T10:00:00Z,3615.144694444445
2019-01-12T11:00:00Z,3614.2757222222226
2019-01-12T12:00:00Z,3616.2036759259263
2019-01-12T13:00:00Z,3619.4434259259265
2019-01-12T14:00:00Z,3624.123148148148
2019-01-12T15:00:00Z,3627.7765370370366
2019-01-12T16:00:00Z,3628.893361111111
2019-01-12T17:00:00Z,3630.6049999999996
2019-01-12T18:00:00Z,3631.5350925925923
2019-01-12T19:00:00Z,3631.849444444444
2019-01-12T20:00:00Z,3632.376583333333
2019-01-12T21:00:00Z,3631.5528240740737
2019-01-12T22:00:00Z,3629.3909537037034
2019-01-12T23:00:00Z,3624.604574074074
2019-01-13T00:00:00Z,3615.7756481481483
2019-01-13T01:00:00Z,3606.0361574074072
2019-01-13T02:00:00Z,3603.761851851852
2019-01-13T03:00:00Z,3608.88575
2019-01-13T04:00:00Z,3616.3991759259256
2019-01-13T05:00:00Z,3620.2117314814823
2019-01-13T06:00:00Z,3618.9145462962965
2019-01-13T07:00:00Z,3615.4065925925934
2019-01-13T08:00:00Z,3611.8358240740745
2019-01-13T09:00:00Z,3611.7736296296302
2019-01-13T10:00:00Z,3613.8589722222227
2019-01-13T11:00:00Z,3616.389777777777
2019-01-13T12:00:00Z,3618.0707037037027
2019-01-13T13:00:00Z,3619.57062037037
2019-01-13T14:00:00Z,3617.9489722222224
2019-01-13T15:00:00Z,3615.175879629631
2019-01-13T16:00:00Z,3580.7671111111117
2019-01-13T17:00:00Z,3539.2016574074078
2019-01-13T18:00:00Z,3501.593509259259
2019-01-13T19:00:00Z,3481.305953703704
2019-01-13T20:00:00Z,3476.2928333333343
2019-01-13T21:00:00Z,3484.3446388888897
2019-01-13T22:00:00Z,3493.759435185186
2019-01-13T23:00:00Z,3503.4640000000004
2019-01-14T00:00:00Z,3511.578342592593
2019-01-14T01:00:00Z,3517.3727129629638
2019-01-14T02:00:00Z,3521.7566203703705
2019-01-14T03:00:00Z,3523.7377129629626
2019-01-14T04:00:00Z,3526.712277777777
2019-01-14T05:00:00Z,3531.00599074074
2019-01-14T06:00:00Z,3537.4101481481484
2019-01-14T07:00:00Z,3541.6148518518517
2019-01-14T08:00:00Z,3542.603796296296
2019-01-14T09:00:00Z,3541.6130925925922
2019-01-14T10:00:00Z,3537.8821018518515
2019-01-14T11:00:00Z,3532.5515555555553
2019-01-14T12:00:00Z,3532.0004351851844
2019-01-14T13:00:00Z,3533.2198611111103
2019-01-14T14:00:00Z,3536.007203703704
2019-01-14T15:00:00Z,3577.534722222222
2019-01-14T16:00:00Z,3629.884685185185
2019-01-14T17:00:00Z,3677.4858888888884
2019-01-14T18:00:00Z,3703.9052037037036
2019-01-14T19:00:00Z,3710.030240740741
2019-01-14T20:00:00Z,3703.1533796296294
2019-01-14T21:00:00Z,3689.8841481481486
2019-01-14T22:00:00Z,3676.025657407407
2019-01-14T23:00:00Z,3665.8532685185182
2019-01-15T00:00:00Z,3663.896666666666
2019-01-15T01:00:00Z,3666.9177222222224
2019-01-15T02:00:00Z,3670.453666666667
2019-01-15T03:00:00Z,3671.7720555555557
2019-01-15T04:00:00Z,3671.2024259259256
2019-01-15T05:00:00Z,3668.167546296296
2019-01-15T06:00:00Z,3663.020796296296
2019-01-15T07:00:00Z,3661.2355000000002
2019-01-15T08:00:00Z,3661.258870370371
2019-01-15T09:00:00Z,3655.6158703703695
2019-01-15T10:00:00Z,3649.1288148148146
2019-01-15T11:00:00Z,3643.922694444444
2019-01-15T12:00:00Z,3639.697694444445
2019-01-15T13:00:00Z,3643.5530277777775
2019-01-15T14:00:00Z,3649.8603981481488
2019-01-15T15:00:00Z,3648.7620555565554
2019-01-15T16:00:00Z,3642.215083334704
2019-01-15T17:00:00Z,3634.3561327172597
2019-01-15T18:00:00Z,3628.848197531481
2019-01-15T19:00:00Z,3627.551003086444
2019-01-15T20:00:00Z,3608.0588364195173
2019-01-15T21:00:00Z,3582.753104937999
2019-01-15T22:00:00Z,3562.797114197332
2019-01-15T23:00:00Z,3557.1110216048146
2019-01-16T00:00:00Z,3563.570567901185
2019-01-16T01:00:00Z,3575.091141975297
2019-01-16T02:00:00Z,3584.502462962964
2019-01-16T03:00:00Z,3592.1277592592596
2019-01-16T04:00:00Z,3597.9296203703702
2019-01-16T05:00:00Z,3603.0661203703708
2019-01-16T06:00:00Z,3603.633175925926
2019-01-16T07:00:00Z,3596.5226018518515
2019-01-16T08:00:00Z,3596.124416666667
2019-01-16T09:00:00Z,3600.249175925926
2019-01-16T10:00:00Z,3608.941138888889
2019-01-16T11:00:00Z,3616.4463333333333
2019-01-16T12:00:00Z,3625.661861111111
2019-01-16T13:00:00Z,3628.3163981481484
2019-01-16T14:00:00Z,3627.9052129629636
2019-01-16T15:00:00Z,3623.2397407407407
2019-01-16T16:00:00Z,3614.6834814814806
2019-01-16T17:00:00Z,3608.4356296296287
2019-01-16T18:00:00Z,3605.115185185185
2019-01-16T19:00:00Z,3600.9187592592593
2019-01-16T20:00:00Z,3595.2124351851853
2019-01-16T21:00:00Z,3593.5839814814813
2019-01-16T22:00:00Z,3593.379805555555
2019-01-16T23:00:00Z,3597.825731481482
2019-01-17T00:00:00Z,3601.6744537037034
2019-01-17T01:00:00Z,3605.5185462962963
2019-01-17T02:00:00Z,3596.829
2019-01-17T03:00:00Z,3587.1319814814815
2019-01-17T04:00:00Z,3580.2059907407406
2019-01-17T05:00:00Z,3578.201944444445
2019-01-17T06:00:00Z,3580.8210925925923
2019-01-17T07:00:00Z,3585.8218518518515
2019-01-17T08:00:00Z,3591.0176203703704
2019-01-17T09:00:00Z,3592.224777777778
2019-01-17T10:00:00Z,3592.27987037037
2019-01-17T11:00:00Z,3593.3382777777783
2019-01-17T12:00:00Z,3592.5376481481485
2019-01-17T13:00:00Z,3589.6547777777773
2019-01-17T14:00:00Z,3588.0726944444446
2019-01-17T15:00:00Z,3594.9258796296294
2019-01-17T16:00:00Z,3602.7308796296297
2019-01-17T17:00:00Z,3613.0269444444452
2019-01-17T18:00:00Z,3624.359527777778
2019-01-17T19:00:00Z,3632.023564814815
2019-01-17T20:00:00Z,3636.059055555555
2019-01-17T21:00:00Z,3634.812092592592
2019-01-17T22:00:00Z,3633.1320648148153
2019-01-17T23:00:00Z,3635.1493240740733
2019-01-18T00:00:00Z,3636.613361111111
2019-01-18T01:00:00Z,3635.0363333333335
2019-01-18T02:00:00Z,3631.91325925926
2019-01-18T03:00:00Z,3627.459916666668
2019-01-18T04:00:00Z,3621.7836481481486
2019-01-18T05:00:00Z,3617.415148148149
2019-01-18T06:00:00Z,3617.672990740741
2019-01-18T07:00:00Z,3620.72862037037
2019-01-18T08:00:00Z,3624.4419351851843
2019-01-18T09:00:00Z,3627.4575092592586
2019-01-18T10:00:00Z,3623.910629629629
2019-01-18T11:00:00Z,3617.899925925926
2019-01-18T12:00:00Z,3609.3286203703706
2019-01-18T13:00:00Z,3602.9008240740745
2019-01-18T14:00:00Z,3600.1444444444446
2019-01-18T15:00:00Z,3606.4121574074074
2019-01-18T16:00:00Z,3611.552462962964
2019-01-18T17:00:00Z,3609.529805555556
2019-01-18T18:00:00Z,3603.954750000001
2019-01-18T19:00:00Z,3598.2887777777783
2019-01-18T20:00:00Z,3597.7193888888887
2019-01-18T21:00:00Z,3602.320101851852
2019-01-18T22:00:00Z,3607.4882129629627
2019-01-18T23:00:00Z,3610.867101851852
2019-01-19T00:00:00Z,3612.3078425925924
2019-01-19T01:00:00Z,3614.0979629629624
2019-01-19T02:00:00Z,3618.5248611111106
2019-01-19T03:00:00Z,3622.607240740741
2019-01-19T04:00:00Z,3625.868231481482
2019-01-19T05:00:00Z,3625.4752592592595
2019-01-19T06:00:00Z,3622.7121666666667
2019-01-19T07:00:00Z,3619.7840370370373
2019-01-19T08:00:00Z,3619.870620370371
2019-01-19T09:00:00Z,3622.1617499999998
2019-01-19T10:00:00Z,3655.150675925926
2019-01-19T11:00:00Z,3696.0397407407404
2019-01-19T12:00:00Z,3730.5126111111113
2019-01-19T13:00:00Z,3744.138592592593
2019-01-19T14:00:00Z,3738.976111111111
2019-01-19T15:00:00Z,3726.895231481482
2019-01-19T16:00:00Z,3717.4286203703705
2019-01-19T17:00:00Z,3712.834888888889
2019-01-19T18:00:00Z,3708.828611111112
2019-01-19T19:00:00Z,3706.37137037037
2019-01-19T20:00:00Z,3704.006648148148
2019-01-19T21:00:00Z,3702.122194444444
2019-01-19T22:00:00Z,3699.227851851852
2019-01-19T23:00:00Z,3692.495814814815
2019-01-20T00:00:00Z,3686.190509259259
2019-01-20T01:00:00Z,3685.3423611111116
2019-01-20T02:00:00Z,3688.0678148148145
2019-01-20T03:00:00Z,3692.501981481481
2019-01-20T04:00:00Z,3695.6191296296297
2019-01-20T05:00:00Z,3694.968694444444
2019-01-20T06:00:00Z,3691.9679629629622
2019-01-20T07:00:00Z,3688.9205277777764
2019-01-20T08:00:00Z,3687.9043518518515
2019-01-20T09:00:00Z,3689.3052592592594
2019-01-20T10:00:00Z,3691.0938518518524
2019-01-20T11:00:00Z,3661.550314814816
2019-01-20T12:00:00Z,3597.5356759259266
2019-01-20T13:00:00Z,3532.6320370370377
2019-01-20T14:00:00Z,3490.614111111112
2019-01-20T15:00:00Z,3478.421101851852
2019-01-20T16:00:00Z,3486.829675925926
2019-01-20T17:00:00Z,3499.2274444444447
2019-01-20T18:00:00Z,3508.5136851851858
2019-01-20T19:00:00Z,3513.56999074074
2019-01-20T20:00:00Z,3519.9621574074076
2019-01-20T21:00:00Z,3528.4025277777782
2019-01-20T22:00:00Z,3538.2887685185183
2019-01-20T23:00:00Z,3542.984824074074
2019-01-21T00:00:00Z,3543.536425925926
2019-01-21T01:00:00Z,3541.756185185186
2019-01-21T02:00:00Z,3539.871731481482
2019-01-21T03:00:00Z,3538.5512500000004
2019-01-21T04:00:00Z,3535.4876759259264
2019-01-21T05:00:00Z,3532.709287037036
2019-01-21T06:00:00Z,3530.9057407407404
2019-01-21T07:00:00Z,3530.4567037037036
2019-01-21T08:00:00Z,3529.392342592593
2019-01-21T09:00:00Z,3527.294138888889
2019-01-21T10:00:00Z,3528.7516388888885
2019-01-21T11:00:00Z,3536.4753333333324
2019-01-21T12:00:00Z,3544.1385185185186
2019-01-21T13:00:00Z,3548.2259074074077
2019-01-21T14:00:00Z,3546.0051481481473
2019-01-21T15:00:00Z,3542.003407407408
2019-01-21T16:00:00Z,3540.924064814815
2019-01-21T17:00:00Z,3542.401666666667
2019-01-21T18:00:00Z,3543.7785555555565
2019-01-21T19:00:00Z,3543.105055555556
2019-01-21T20:00:00Z,3541.081064814816
2019-01-21T21:00:00Z,3533.678527777778
2019-01-21T22:00:00Z,3528.38574074074
2019-01-21T23:00:00Z,3526.203731481482
2019-01-22T00:00:00Z,3529.6297222222224
2019-01-22T01:00:00Z,3534.613361111111
2019-01-22T02:00:00Z,3537.721657407407
2019-01-22T03:00:00Z,3538.3280833333333
2019-01-22T04:00:00Z,3535.476648148148
2019-01-22T05:00:00Z,3531.947351851851
2019-01-22T06:00:00Z,3526.516462962963
2019-01-22T07:00:00Z,3522.016888888888
2019-01-22T08:00:00Z,3522.439824074074
2019-01-22T09:00:00Z,3521.06237037037
2019-01-22T10:00:00Z,3519.5206296296296
2019-01-22T11:00:00Z,3524.9779351851853
2019-01-22T12:00:00Z,3538.0359074074076
2019-01-22T13:00:00Z,3551.906268518518
2019-01-22T14:00:00Z,3564.249518518518
2019-01-22T15:00:00Z,3576.120990740739
2019-01-22T16:00:00Z,3584.5408888888887
2019-01-22T17:00:00Z,3591.531462962963
2019-01-22T18:00:00Z,3595.5658148148154
2019-01-22T19:00:00Z,3593.4656388888893
2019-01-22T20:00:00Z,3590.482268518519
2019-01-22T21:00:00Z,3584.058037037037
2019-01-22T22:00:00Z,3579.934416666667
2019-01-22T23:00:00Z,3577.021555555555
2019-01-23T00:00:00Z,3577.5137222222215
2019-01-23T01:00:00Z,3579.7218518518516
2019-01-23T02:00:00Z,3584.639342592593
2019-01-23T03:00:00Z,3586.910555555556
2019-01-23T04:00:00Z,3583.9758796296296
2019-01-23T05:00:00Z,3580.672157407407
2019-01-23T06:00:00Z,3578.352722222222
2019-01-23T07:00:00Z,3574.4412407407413
2019-01-23T08:00:00Z,3570.6122499999997
2019-01-23T09:00:00Z,3565.0979351851856
2019-01-23T10:00:00Z,3563.5348611111112
2019-01-23T11:00:00Z,3567.4353981481486
2019-01-23T12:00:00Z,3570.791574074074
2019-01-23T13:00:00Z,3579.2198333333326
2019-01-23T14:00:00Z,3580.4275370370365
2019-01-23T15:00:00Z,3572.710222222222
2019-01-23T16:00:00Z,3566.9985833333326
2019-01-23T17:00:00Z,3564.5945462962954
2019-01-23T18:00:00Z,3569.0101111111107
2019-01-23T19:00:00Z,3562.4167407407417
2019-01-23T20:00:00Z,3550.07401851852
2019-01-23T21:00:00Z,3539.1823425925936
2019-01-23T22:00:00Z,3537.493518518519
2019-01-23T23:00:00Z,3542.853805555556
2019-01-24T00:00:00Z,3550.5397037037037
2019-01-24T01:00:00Z,3551.6808333333333
2019-01-24T02:00:00Z,3549.4588518518526
2019-01-24T03:00:00Z,3543.1194999999993
2019-01-24T04:00:00Z,3538.243203703704
2019-01-24T05:00:00Z,3533.3887592592596
2019-01-24T06:00:00Z,3531.0776666666666
2019-01-24T07:00:00Z,3534.130111111111
2019-01-24T08:00:00Z,3538.8678981481485
2019-01-24T09:00:00Z,3543.6649907407404
2019-01-24T10:00:00Z,3544.9168148148146
2019-01-24T11:00:00Z,3549.2878425925924
2019-01-24T12:00:00Z,3557.783777777778
2019-01-24T13:00:00Z,3565.162083333334
2019-01-24T14:00:00Z,3569.2438518518525
2019-01-24T15:00:00Z,3567.3378518518516
2019-01-24T16:00:00Z,3562.9640185185185
2019-01-24T17:00:00Z,3559.008759259259
2019-01-24T18:00:00Z,3557.6186851851853
2019-01-24T19:00:00Z,3563.637694444445
2019-01-24T20:00:00Z,3569.7654907407414
2019-01-24T21:00:00Z,3574.137222222223
2019-01-24T22:00:00Z,3573.972879629631
2019-01-24T23:00:00Z,3572.2637499999996
2019-01-25T00:00:00Z,3570.7023611111113
2019-01-25T01:00:00Z,3572.1503055555563
2019-01-25T02:00:00Z,3572.4786388888897
2019-01-25T03:00:00Z,3571.7961296296294
2019-01-25T04:00:00Z,3571.174805555556
2019-01-25T05:00:00Z,3568.564398148148
2019-01-25T06:00:00Z,3565.66612037037
2019-01-25T07:00:00Z,3564.074842592592
2019-01-25T08:00:00Z,3557.1918240740742
2019-01-25T09:00:00Z,3551.3437777777776
2019-01-25T10:00:00Z,3544.5282314814813
2019-01-25T11:00:00Z,3537.5619907407417
2019-01-25T12:00:00Z,3535.289203703704
2019-01-25T13:00:00Z,3536.5215555555556
2019-01-25T14:00:00Z,3542.8503240740743
2019-01-25T15:00:00Z,3553.164722222222
2019-01-25T16:00:00Z,3558.61313888889
2019-01-25T17:00:00Z,3560.7177592592598
2019-01-25T18:00:00Z,3555.422203703705
2019-01-25T19:00:00Z,3549.1667962962965
2019-01-25T20:00:00Z,3546.6587685185186
2019-01-25T21:00:00Z,3549.372296296296
2019-01-25T22:00:00Z,3556.003990740741
2019-01-25T23:00:00Z,3561.5213148148155
2019-01-26T00:00:00Z,3564.3782592592597
2019-01-26T01:00:00Z,3564.9300462962965
2019-01-26T02:00:00Z,3565.911342592592
2019-01-26T03:00:00Z,3568.291888888889
2019-01-26T04:00:00Z,3569.69212037037
2019-01-26T05:00:00Z,3570.1388703703706
2019-01-26T06:00:00Z,3571.8425740740736
2019-01-26T07:00:00Z,3587.615870370371
2019-01-26T08:00:00Z,3603.529527777779
2019-01-26T09:00:00Z,3612.1025277777794
2019-01-26T10:00:00Z,3610.5175462962966
2019-01-26T11:00:00Z,3600.9767500000003
2019-01-26T12:00:00Z,3589.136981481481
2019-01-26T13:00:00Z,3579.8905462962975
2019-01-26T14:00:00Z,3575.1152777777775
2019-01-26T15:00:00Z,3565.6031481481477
2019-01-26T16:00:00Z,3556.225935185185
2019-01-26T17:00:00Z,3550.1607222222215
2019-01-26T18:00:00Z,3549.843629629629
2019-01-26T19:00:00Z,3552.8134259259255
2019-01-26T20:00:00Z,3555.038083333333
2019-01-26T21:00:00Z,3556.2811296296295
2019-01-26T22:00:00Z,3558.8805370370374
2019-01-26T23:00:00Z,3559.765212962963
2019-01-27T00:00:00Z,3559.359453703704
2019-01-27T01:00:00Z,3557.6172129629635
2019-01-27T02:00:00Z,3557.6695185185185
2019-01-27T03:00:00Z,3559.328537037037
2019-01-27T04:00:00Z,3558.4290925925925
2019-01-27T05:00:00Z,3554.6469444444447
2019-01-27T06:00:00Z,3549.895212962963
2019-01-27T07:00:00Z,3546.797185185185
2019-01-27T08:00:00Z,3547.3516388888893
2019-01-27T09:00:00Z,3546.4609907407407
2019-01-27T10:00:00Z,3541.1036388888883
2019-01-27T11:00:00Z,3535.2074259259266
2019-01-27T12:00:00Z,3530.6048981481485
2019-01-27T13:00:00Z,3528.729564814815
2019-01-27T14:00:00Z,3530.2679814814815
2019-01-27T15:00:00Z,3533.5461481481484
2019-01-27T16:00:00Z,3539.1527592592597
2019-01-27T17:00:00Z,3545.72263888889
2019-01-27T18:00:00Z,3549.5229259259263
2019-01-27T19:00:00Z,3551.21125925926
2019-01-27T20:00:00Z,3551.792759259259
2019-01-27T21:00:00Z,3549.276305555555
2019-01-27T22:00:00Z,3545.614694444444
2019-01-27T23:00:00Z,3539.2100462962967
2019-01-28T00:00:00Z,3531.889175925926
2019-01-28T01:00:00Z,3518.657185185184
2019-01-28T02:00:00Z,3504.806731481481
2019-01-28T03:00:00Z,3485.1985833333333
2019-01-28T04:00:00Z,3467.2242685185192
2019-01-28T05:00:00Z,3442.1149907407403
2019-01-28T06:00:00Z,3422.3287685185182
2019-01-28T07:00:00Z,3413.7915648148155
2019-01-28T08:00:00Z,3408.282777777778
2019-01-28T09:00:00Z,3412.2103981481487
2019-01-28T10:00:00Z,3416.206842592593
2019-01-28T11:00:00Z,3415.8748611111114
2019-01-28T12:00:00Z,3411.97837037037
2019-01-28T13:00:00Z,3409.5458611111103
2019-01-28T14:00:00Z,3409.7603796296294
2019-01-28T15:00:00Z,3412.2274722222223
2019-01-28T16:00:00Z,3412.9042870370363
2019-01-28T17:00:00Z,3412.782194444444
2019-01-28T18:00:00Z,3413.756166666666
2019-01-28T19:00:00Z,3415.2892870370374
2019-01-28T20:00:00Z,3417.9993240740746
2019-01-28T21:00:00Z,3419.150731481482
2019-01-28T22:00:00Z,3422.9758425925925
2019-01-28T23:00:00Z,3427.52025925926
2019-01-29T00:00:00Z,3432.244537037037
2019-01-29T01:00:00Z,3431.136009259259
2019-01-29T02:00:00Z,3426.83237962963
2019-01-29T03:00:00Z,3418.3512962962964
2019-01-29T04:00:00Z,3409.5549351851855
2019-01-29T05:00:00Z,3398.3604629629626
2019-01-29T06:00:00Z,3387.5781481481476
2019-01-29T07:00:00Z,3372.7481018518515
2019-01-29T08:00:00Z,3363.659231481482
2019-01-29T09:00:00Z,3364.402907407408
2019-01-29T10:00:00Z,3370.9213796296294
2019-01-29T11:00:00Z,3376.192268518518
2019-01-29T12:00:00Z,3380.1398703703694
2019-01-29T13:00:00Z,3385.997509259259
2019-01-29T14:00:00Z,3395.4656759259256
2019-01-29T15:00:00Z,3404.5288518518514
2019-01-29T16:00:00Z,3409.9733518518515
2019-01-29T17:00:00Z,3409.460601851852
2019-01-29T18:00:00Z,3406.113888888889
2019-01-29T19:00:00Z,3405.09787962963
2019-01-29T20:00:00Z,3403.764324074074
2019-01-29T21:00:00Z,3402.9923703703703
2019-01-29T22:00:00Z,3400.292435185185
2019-01-29T23:00:00Z,3396.853324074074
2019-01-30T00:00:00Z,3389.551379629629
2019-01-30T01:00:00Z,3384.0112129629633
2019-01-30T02:00:00Z,3384.7235092592596
2019-01-30T03:00:00Z,3391.6083981481484
2019-01-30T04:00:00Z,3403.2262777777773
2019-01-30T05:00:00Z,3415.5907499999994
2019-01-30T06:00:00Z,3420.9639814814814
2019-01-30T07:00:00Z,3421.005009259259
2019-01-30T08:00:00Z,3419.514916666667
2019-01-30T09:00:00Z,3417.316407407407
2019-01-30T10:00:00Z,3418.630462962963
2019-01-30T11:00:00Z,3419.1145185185183
2019-01-30T12:00:00Z,3426.5690185185194
2019-01-30T13:00:00Z,3435.238490740741
2019-01-30T14:00:00Z,3442.7945370370367
2019-01-30T15:00:00Z,3447.476666666666
2019-01-30T16:00:00Z,3446.8144722222223
2019-01-30T17:00:00Z,3444.790379629629
2019-01-30T18:00:00Z,3443.31400925926
2019-01-30T19:00:00Z,3440.9881018518518
2019-01-30T20:00:00Z,3437.5676666666673
2019-01-30T21:00:00Z,3433.97
2019-01-30T22:00:00Z,3433.898564814815
2019-01-30T23:00:00Z,3435.0748518518535
2019-01-31T00:00:00Z,3444.185037037038
2019-01-31T01:00:00Z,3452.7514537037036
2019-01-31T02:00:00Z,3457.5755000000004
2019-01-31T03:00:00Z,3457.11562962963
2019-01-31T04:00:00Z,3453.2836388888886
2019-01-31T05:00:00Z,3448.395851851852
2019-01-31T06:00:00Z,3445.886768518519
2019-01-31T07:00:00Z,3446.329444444445
2019-01-31T08:00:00Z,3438.9606666666664
2019-01-31T09:00:00Z,3427.207527777777
2019-01-31T10:00:00Z,3412.0676851851845
2019-01-31T11:00:00Z,3401.812546296296
2019-01-31T12:00:00Z,3399.47287037037
2019-01-31T13:00:00Z,3404.1365555555553
2019-01-31T14:00:00Z,3407.2196851851854
2019-01-31T15:00:00Z,3410.1306203703703
2019-01-31T16:00:00Z,3409.241333333334
2019-01-31T17:00:00Z,3407.351546296297
2019-01-31T18:00:00Z,3404.0274907407406
2019-01-31T19:00:00Z,3404.4948888888885
2019-01-31T20:00:00Z,3411.070166666667
2019-01-31T21:00:00Z,3417.55537037037
2019-01-31T22:00:00Z,3422.950509259259
2019-01-31T23:00:00Z,3422.0080370370365
2019-02-01T00:00:00Z,3417.9333425925925
2019-02-01T01:00:00Z,3406.159638888889
2019-02-01T02:00:00Z,3393.787009259259
2019-02-01T03:00:00Z,3386.7013148148144
2019-02-01T04:00:00Z,3383.7177777777774
2019-02-01T05:00:00Z,3385.39125
2019-02-01T06:00:00Z,3388.105944444445
2019-02-01T07:00:00Z,3386.532351851852
2019-02-01T08:00:00Z,3387.6863518518517
2019-02-01T09:00:00Z,3390.2352407407416
2019-02-01T10:00:00Z,3396.3883981481486
2019-02-01T11:00:00Z,3407.3234074074076
2019-02-01T12:00:00Z,3419.7666018518516
2019-02-01T13:00:00Z,3433.158731481481
2019-02-01T14:00:00Z,3441.6196111111108
2019-02-01T15:00:00Z,3443.860953703704
2019-02-01T16:00:00Z,3439.82337962963
2019-02-01T17:00:00Z,3434.903481481482
2019-02-01T18:00:00Z,3434.2180000000008
2019-02-01T19:00:00Z,3437.526925925927
2019-02-01T20:00:00Z,3443.403175925927
2019-02-01T21:00:00Z,3448.8920370370374
2019-02-01T22:00:00Z,3450.949212962963
2019-02-01T23:00:00Z,3448.0998703703704
2019-02-02T00:00:00Z,3441.9560370370377
2019-02-02T01:00:00Z,3435.6916018518527
2019-02-02T02:00:00Z,3433.129509259259
2019-02-02T03:00:00Z,3433.9224351851844
2019-02-02T04:00:00Z,3434.679527777778
2019-02-02T05:00:00Z,3430.9232314814813
2019-02-02T06:00:00Z,3423.6524259259263
2019-02-02T07:00:00Z,3418.4537685185182
2019-02-02T08:00:00Z,3415.757657407407
2019-02-02T09:00:00Z,3419.3309074074073
2019-02-02T10:00:00Z,3425.896953703704
2019-02-02T11:00:00Z,3434.505824074074
2019-02-02T12:00:00Z,3440.9503055555556
2019-02-02T13:00:00Z,3442.4213703703704
2019-02-02T14:00:00Z,3441.6366018518515
2019-02-02T15:00:00Z,3436.5372037037037
2019-02-02T16:00:00Z,3431.5148981481484
2019-02-02T17:00:00Z,3428.8336851851855
2019-02-02T18:00:00Z,3429.082731481482
2019-02-02T19:00:00Z,3431.681166666666
2019-02-02T20:00:00Z,3433.5651018518515
2019-02-02T21:00:00Z,3434.0718703703697
2019-02-02T22:00:00Z,3434.569462962964
2019-02-02T23:00:00Z,3444.4716574074077
2019-02-03T00:00:00Z,3455.202777777778
2019-02-03T01:00:00Z,3460.831898148148
2019-02-03T02:00:00Z,3458.6338240740747
2019-02-03T03:00:00Z,3451.9133148148144
2019-02-03T04:00:00Z,3445.235388888889
2019-02-03T05:00:00Z,3441.1998240740736
2019-02-03T06:00:00Z,3437.4047870370377
2019-02-03T07:00:00Z,3431.5965462962963
2019-02-03T08:00:00Z,3424.951805555555
2019-02-03T09:00:00Z,3418.225287037037
2019-02-03T10:00:00Z,3416.5128148148146
2019-02-03T11:00:00Z,3417.1539629629638
2019-02-03T12:00:00Z,3419.701268518518
2019-02-03T13:00:00Z,3423.1555740740737
2019-02-03T14:00:00Z,3424.2888148148154
2019-02-03T15:00:00Z,3423.8990185185194
2019-02-03T16:00:00Z,3423.940537037037
2019-02-03T17:00:00Z,3422.403481481482
2019-02-03T18:00:00Z,3421.4753333333333
2019-02-03T19:00:00Z,3415.6892777777775
2019-02-03T20:00:00Z,3408.6667037037028
2019-02-03T21:00:00Z,3400.051509259259
2019-02-03T22:00:00Z,3396.931277777778
2019-02-03T23:00:00Z,3400.8816666666667
2019-02-04T00:00:00Z,3409.1043333333328
2019-02-04T01:00:00Z,3418.072898148148
2019-02-04T02:00:00Z,3420.933416666667
2019-02-04T03:00:00Z,3419.697509259259
2019-02-04T04:00:00Z,3417.2680092592586
2019-02-04T05:00:00Z,3415.6095277777786
2019-02-04T06:00:00Z,3415.8210555555565
2019-02-04T07:00:00Z,3417.435935185186
2019-02-04T08:00:00Z,3419.7779629629626
2019-02-04T09:00:00Z,3416.574138888889
2019-02-04T10:00:00Z,3412.0023518518524
2019-02-04T11:00:00Z,3404.967268518518
2019-02-04T12:00:00Z,3401.1606203703705
2019-02-04T13:00:00Z,3401.3168148148143
2019-02-04T14:00:00Z,3403.0177592592595
2019-02-04T15:00:00Z,3406.8463518518524
2019-02-04T16:00:00Z,3410.389962962963
2019-02-04T17:00:00Z,3413.990796296297
2019-02-04T18:00:00Z,3417.436666666667
2019-02-04T19:00:00Z,3419.85462962963
2019-02-04T20:00:00Z,3420.333768518518
2019-02-04T21:00:00Z,3420.115907407407
2019-02-04T22:00:00Z,3417.20087037037
2019-02-04T23:00:00Z,3413.830611111111
2019-02-05T00:00:00Z,3411.256055555555
2019-02-05T01:00:00Z,3407.4366203703707
2019-02-05T02:00:00Z,3406.466490740741
2019-02-05T03:00:00Z,3407.806027777778
2019-02-05T04:00:00Z,3411.070444444444
2019-02-05T05:00:00Z,3414.906157407406
2019-02-05T06:00:00Z,3417.795101851852
2019-02-05T07:00:00Z,3418.97500925926
2019-02-05T08:00:00Z,3418.560824074073
2019-02-05T09:00:00Z,3421.4817407407404
2019-02-05T10:00:00Z,3425.3762685185197
2019-02-05T11:00:00Z,3427.243277777778
2019-02-05T12:00:00Z,3426.4055277777784
2019-02-05T13:00:00Z,3424.8351574074077
2019-02-05T14:00:00Z,3421.9102222222223
2019-02-05T15:00:00Z,3420.1164351851853
2019-02-05T16:00:00Z,3418.4457962962965
2019-02-05T17:00:00Z,3417.7341574074076
2019-02-05T18:00:00Z,3418.5501111111103
2019-02-05T19:00:00Z,3420.7469166666665
2019-02-05T20:00:00Z,3423.5731666666666
2019-02-05T21:00:00Z,3425.130592592593
2019-02-05T22:00:00Z,3425.7187592592586
2019-02-05T23:00:00Z,3427.1277592592583
2019-02-06T00:00:00Z,3425.633916666666
2019-02-06T01:00:00Z,3411.6269444444442
2019-02-06T02:00:00Z,3391.364601851852
2019-02-06T03:00:00Z,3373.9393055555556
2019-02-06T04:00:00Z,3363.08174074074
2019-02-06T05:00:00Z,3360.423592592592
2019-02-06T06:00:00Z,3362.7409074074076
2019-02-06T07:00:00Z,3368.1298148148157
2019-02-06T08:00:00Z,3371.6909814814826
2019-02-06T09:00:00Z,3372.170481481482
2019-02-06T10:00:00Z,3370.2303888888887
2019-02-06T11:00:00Z,3366.3852592592593
2019-02-06T12:00:00Z,3364.8877314814818
2019-02-06T13:00:00Z,3364.4443333333334
2019-02-06T14:00:00Z,3363.6129074074074
2019-02-06T15:00:00Z,3365.463611111111
2019-02-06T16:00:00Z,3367.6432037037034
2019-02-06T17:00:00Z,3368.215314814815
2019-02-06T18:00:00Z,3368.083712962963
2019-02-06T19:00:00Z,3365.842935185186
2019-02-06T20:00:00Z,3363.796722222223
2019-02-06T21:00:00Z,3363.440611111111
2019-02-06T22:00:00Z,3365.026972222222
2019-02-06T23:00:00Z,3366.6531666666665
2019-02-07T00:00:00Z,3367.0267222222224
2019-02-07T01:00:00Z,3367.866222222223
2019-02-07T02:00:00Z,3368.9353703703705
2019-02-07T03:00:00Z,3371.211935185185
2019-02-07T04:00:00Z,3372.697601851852
2019-02-07T05:00:00Z,3372.9248796296292
2019-02-07T06:00:00Z,3372.0540648148144
2019-02-07T07:00:00Z,3370.8517407407403
2019-02-07T08:00:00Z,3370.897277777778
2019-02-07T09:00:00Z,3372.4068796296306
2019-02-07T10:00:00Z,3375.4476851851855
2019-02-07T11:00:00Z,3375.3125185185186
2019-02-07T12:00:00Z,3371.0885555555556
2019-02-07T13:00:00Z,3365.88862037037
2019-02-07T14:00:00Z,3362.388416666666
2019-02-07T15:00:00Z,3361.42675
2019-02-07T16:00:00Z,3361.308601851852
2019-02-07T17:00:00Z,3360.9326574074075
2019-02-07T18:00:00Z,3360.0674166666668
2019-02-07T19:00:00Z,3358.954240740741
2019-02-07T20:00:00Z,3358.6885740740745
2019-02-07T21:00:00Z,3358.789083333333
2019-02-07T22:00:00Z,3360.238268518517
2019-02-07T23:00:00Z,3360.91325
2019-02-08T00:00:00Z,3360.4701203703703
2019-02-08T01:00:00Z,3358.4927314814813
2019-02-08T02:00:00Z,3355.699444444444
2019-02-08T03:00:00Z,3355.5554537037037
2019-02-08T04:00:00Z,3356.6370277777773
2019-02-08T05:00:00Z,3360.289898148147
2019-02-08T06:00:00Z,3364.302138888888
2019-02-08T07:00:00Z,3364.0084166666657
2019-02-08T08:00:00Z,3364.029129629629
2019-02-08T09:00:00Z,3369.349611111111
2019-02-08T10:00:00Z,3379.118509259259
2019-02-08T11:00:00Z,3389.5824444444447
2019-02-08T12:00:00Z,3397.169148148148
2019-02-08T13:00:00Z,3402.5772037037036
2019-02-08T14:00:00Z,3408.882537037036
2019-02-08T15:00:00Z,3426.695888888889
2019-02-08T16:00:00Z,3509.2826851851846
2019-02-08T17:00:00Z,3601.4119907407403
2019-02-08T18:00:00Z,3668.076583333333
2019-02-08T19:00:00Z,3694.5409629629626
2019-02-08T20:00:00Z,3685.0130277777776
2019-02-08T21:00:00Z,3655.9190370370366
2019-02-08T22:00:00Z,3624.214842592593
2019-02-08T23:00:00Z,3608.7012407407406
2019-02-09T00:00:00Z,3607.187194444445
2019-02-09T01:00:00Z,3611.931685185186
2019-02-09T02:00:00Z,3614.9813425925927
2019-02-09T03:00:00Z,3613.364981481481
2019-02-09T04:00:00Z,3611.559055555556
2019-02-09T05:00:00Z,3609.987046296297
2019-02-09T06:00:00Z,3609.109675925927
2019-02-09T07:00:00Z,3611.9427407407416
2019-02-09T08:00:00Z,3616.9706111111113
2019-02-09T09:00:00Z,3622.8128240740734
2019-02-09T10:00:00Z,3627.050685185184
2019-02-09T11:00:00Z,3628.4769999999994
2019-02-09T12:00:00Z,3624.8967870370375
2019-02-09T13:00:00Z,3622.222398148149
2019-02-09T14:00:00Z,3619.856842592593
2019-02-09T15:00:00Z,3614.587583333334
2019-02-09T16:00:00Z,3609.1753240740745
2019-02-09T17:00:00Z,3603.7152777777787
2019-02-09T18:00:00Z,3600.9181018518525
2019-02-09T19:00:00Z,3602.792537037037
2019-02-09T20:00:00Z,3607.28212037037
2019-02-09T21:00:00Z,3614.1181666666666
2019-02-09T22:00:00Z,3619.6550648148145
2019-02-09T23:00:00Z,3624.0277777777774
2019-02-10T00:00:00Z,3624.6963055555548
2019-02-10T01:00:00Z,3622.806777777778
2019-02-10T02:00:00Z,3620.595805555555
2019-02-10T03:00:00Z,3618.03975
2019-02-10T04:00:00Z,3617.5805092592586
2019-02-10T05:00:00Z,3617.67375925926
2019-02-10T06:00:00Z,3613.145351851852
2019-02-10T07:00:00Z,3606.0911759259257
2019-02-10T08:00:00Z,3600.6011481481473
2019-02-10T09:00:00Z,3597.8955925925925
2019-02-10T10:00:00Z,3600.412212962963
2019-02-10T11:00:00Z,3602.9720370370374
2019-02-10T12:00:00Z,3601.7546481481477
2019-02-10T13:00:00Z,3599.399222222221
2019-02-10T14:00:00Z,3593.382009259259
2019-02-10T15:00:00Z,3590.5117685185182
2019-02-10T16:00:00Z,3595.1266111111113
2019-02-10T17:00:00Z,3601.6430185185186
2019-02-10T18:00:00Z,3607.94712962963
2019-02-10T19:00:00Z,3610.7157500000008
2019-02-10T20:00:00Z,3609.4795
2019-02-10T21:00:00Z,3607.349796296296
2019-02-10T22:00:00Z,3610.9168981481475
2019-02-10T23:00:00Z,3625.075018518519
2019-02-11T00:00:00Z,3630.266583333334
2019-02-11T01:00:00Z,3624.9937870370363
2019-02-11T02:00:00Z,3612.1064629629623
2019-02-11T03:00:00Z,3598.7933055555554
2019-02-11T04:00:00Z,3591.125185185186
2019-02-11T05:00:00Z,3586.2317499999995
2019-02-11T06:00:00Z,3586.0968703703707
2019-02-11T07:00:00Z,3588.8932037037034
2019-02-11T08:00:00Z,3590.59675
2019-02-11T09:00:00Z,3592.385277777778
2019-02-11T10:00:00Z,3591.8617870370367
2019-02-11T11:00:00Z,3589.5076388888897
2019-02-11T12:00:00Z,3589.2213240740734
2019-02-11T13:00:00Z,3591.939314814815
2019-02-11T14:00:00Z,3598.8409629629637
2019-02-11T15:00:00Z,3603.832407407408
2019-02-11T16:00:00Z,3602.4188888888893
2019-02-11T17:00:00Z,3598.1134722222228
2019-02-11T18:00:00Z,3594.3326018518515
2019-02-11T19:00:00Z,3594.8091018518517
2019-02-11T20:00:00Z,3596.861601851853
2019-02-11T21:00:00Z,3596.5826111111114
2019-02-11T22:00:00Z,3595.80775
2019-02-11T23:00:00Z,3593.2021481481484
2019-02-12T00:00:00Z,3583.8478518518514
2019-02-12T01:00:00Z,3572.956759259259
2019-02-12T02:00:00Z,3564.024777777777
2019-02-12T03:00:00Z,3562.014824074073
2019-02-12T04:00:00Z,3566.30312962963
2019-02-12T05:00:00Z,3572.731462962963
2019-02-12T06:00:00Z,3578.086731481482
2019-02-12T07:00:00Z,3580.3814629629633
2019-02-12T08:00:00Z,3576.8210833333337
2019-02-12T09:00:00Z,3570.876287037036
2019-02-12T10:00:00Z,3565.4171759259257
2019-02-12T11:00:00Z,3563.5328703703703
2019-02-12T12:00:00Z,3567.913138888889
2019-02-12T13:00:00Z,3574.122509259259
2019-02-12T14:00:00Z,3578.4727685185176
2019-02-12T15:00:00Z,3578.835907407407
2019-02-12T16:00:00Z,3577.7677685185186
2019-02-12T17:00:00Z,3578.158435185185
2019-02-12T18:00:00Z,3584.5193796296303
2019-02-12T19:00:00Z,3593.0867129629637
2019-02-12T20:00:00Z,3602.516055555556
2019-02-12T21:00:00Z,3600.562814814815
2019-02-12T22:00:00Z,3592.528083333333
2019-02-12T23:00:00Z,3585.6112500000004
2019-02-13T00:00:00Z,3585.189342592593
2019-02-13T01:00:00Z,3589.3399907407415
2019-02-13T02:00:00Z,3595.036574074076
2019-02-13T03:00:00Z,3599.570435185187
2019-02-13T04:00:00Z,3600.2632685185185
2019-02-13T05:00:00Z,3601.0576111111113
2019-02-13T06:00:00Z,3600.4640370370375
2019-02-13T07:00:00Z,3596.9464814814805
2019-02-13T08:00:00Z,3589.8271018518517
2019-02-13T09:00:00Z,3582.522111111111
2019-02-13T10:00:00Z,3576.95887962963
2019-02-13T11:00:00Z,3572.9602222222225
2019-02-13T12:00:00Z,3573.1881203703706
2019-02-13T13:00:00Z,3574.2622685185183
2019-02-13T14:00:00Z,3574.568833333334
2019-02-13T15:00:00Z,3570.921046296297
2019-02-13T16:00:00Z,3569.384398148148
2019-02-13T17:00:00Z,3570.6922407407405
2019-02-13T18:00:00Z,3575.3462685185173
2019-02-13T19:00:00Z,3577.35936111111
2019-02-13T20:00:00Z,3575.191555555555
2019-02-13T21:00:00Z,3572.2256481481477
2019-02-13T22:00:00Z,3570.2965370370366
2019-02-13T23:00:00Z,3571.2637037037034
2019-02-14T00:00:00Z,3576.04825
2019-02-14T01:00:00Z,3580.5876481481487
2019-02-14T02:00:00Z,3581.428944444444
2019-02-14T03:00:00Z,3578.8447870370364
2019-02-14T04:00:00Z,3577.6983333333324
2019-02-14T05:00:00Z,3575.968314814814
2019-02-14T06:00:00Z,3575.349583333333
2019-02-14T07:00:00Z,3572.2949444444453
2019-02-14T08:00:00Z,3568.519361111112
2019-02-14T09:00:00Z,3566.595953703704
2019-02-14T10:00:00Z,3564.1288518518522
2019-02-14T11:00:00Z,3559.6806574074085
2019-02-14T12:00:00Z,3555.6929814814816
2019-02-14T13:00:00Z,3555.019212962962
2019-02-14T14:00:00Z,3557.1831944444443
2019-02-14T15:00:00Z,3561.7291203703703
2019-02-14T16:00:00Z,3565.910240740741
2019-02-14T17:00:00Z,3569.8331574074073
2019-02-14T18:00:00Z,3573.688037037037
2019-02-14T19:00:00Z,3576.192203703704
2019-02-14T20:00:00Z,3574.667898148149
2019-02-14T21:00:00Z,3572.2163981481485
2019-02-14T22:00:00Z,3568.449694444444
2019-02-14T23:00:00Z,3564.497166666666
2019-02-15T00:00:00Z,3562.1960740740737
2019-02-15T01:00:00Z,3563.1253796296296
2019-02-15T02:00:00Z,3566.3507314814815
2019-02-15T03:00:00Z,3570.890750000001
2019-02-15T04:00:00Z,3576.3688611111124
2019-02-15T05:00:00Z,3579.4133703703715
2019-02-15T06:00:00Z,3580.578731481482
2019-02-15T07:00:00Z,3579.590259259259
2019-02-15T08:00:00Z,3577.7267222222217
2019-02-15T09:00:00Z,3574.781916666667
2019-02-15T10:00:00Z,3575.00225
2019-02-15T11:00:00Z,3575.3837962962966
2019-02-15T12:00:00Z,3578.045351851852
2019-02-15T13:00:00Z,3582.11637037037
2019-02-15T14:00:00Z,3576.5723796296297
2019-02-15T15:00:00Z,3566.8380370370364
2019-02-15T16:00:00Z,3558.1550277777774
2019-02-15T17:00:00Z,3555.5462777777775
2019-02-15T18:00:00Z,3558.63212037037
2019-02-15T19:00:00Z,3562.721009259259
2019-02-15T20:00:00Z,3565.552361111111
2019-02-15T21:00:00Z,3566.500361111111
2019-02-15T22:00:00Z,3566.7453333333337
2019-02-15T23:00:00Z,3566.835824074073
2019-02-16T00:00:00Z,3568.400944444444
2019-02-16T01:00:00Z,3570.9280370370375
2019-02-16T02:00:00Z,3575.5009351851854
2019-02-16T03:00:00Z,3581.9740833333344
2019-02-16T04:00:00Z,3586.6622129629636
2019-02-16T05:00:00Z,3588.931722222222
2019-02-16T06:00:00Z,3588.217194444444
2019-02-16T07:00:00Z,3586.6978796296303
2019-02-16T08:00:00Z,3586.427324074075
2019-02-16T09:00:00Z,3586.4995000000004
2019-02-16T10:00:00Z,3586.6008425925925
2019-02-16T11:00:00Z,3587.343222222223
2019-02-16T12:00:00Z,3587.4581388888887
2019-02-16T13:00:00Z,3590.263731481482
2019-02-16T14:00:00Z,3594.368824074074
2019-02-16T15:00:00Z,3597.9230462962964
2019-02-16T16:00:00Z,3599.6075370370368
2019-02-16T17:00:00Z,3598.0943425925925
2019-02-16T18:00:00Z,3595.3497129629627
2019-02-16T19:00:00Z,3594.0357962962967
2019-02-16T20:00:00Z,3595.0800092592594
2019-02-16T21:00:00Z,3596.095833333334
2019-02-16T22:00:00Z,3595.661583333333
2019-02-16T23:00:00Z,3590.7272870370366
2019-02-17T00:00:00Z,3584.998444444444
2019-02-17T01:00:00Z,3581.749148148148
2019-02-17T02:00:00Z,3581.5158888888886
2019-02-17T03:00:00Z,3583.9409722222226
2019-02-17T04:00:00Z,3588.860398148148
2019-02-17T05:00:00Z,3594.5343611111107
2019-02-17T06:00:00Z,3598.300287037038
2019-02-17T07:00:00Z,3600.5212592592593
2019-02-17T08:00:00Z,3600.508861111111
2019-02-17T09:00:00Z,3600.3179907407407
2019-02-17T10:00:00Z,3596.616712962963
2019-02-17T11:00:00Z,3589.8171111111114
2019-02-17T12:00:00Z,3577.7576018518516
2019-02-17T13:00:00Z,3567.059805555555
2019-02-17T14:00:00Z,3562.815953703703
2019-02-17T15:00:00Z,3562.7099814814806
2019-02-17T16:00:00Z,3565.656712962962
2019-02-17T17:00:00Z,3569.792305555555
2019-02-17T18:00:00Z,3572.159148148148
2019-02-17T19:00:00Z,3572.585009259259
2019-02-17T20:00:00Z,3572.3977685185178
2019-02-17T21:00:00Z,3575.930925925925
2019-02-17T22:00:00Z,3586.1030462962967
2019-02-17T23:00:00Z,3604.8876111111113
2019-02-18T00:00:00Z,3632.7873425925923
2019-02-18T01:00:00Z,3654.3167500000004
2019-02-18T02:00:00Z,3672.0549351851855
2019-02-18T03:00:00Z,3686.7711666666673
2019-02-18T04:00:00Z,3692.7703611111115
2019-02-18T05:00:00Z,3693.6814166666677
2019-02-18T06:00:00Z,3695.188592592593
2019-02-18T07:00:00Z,3696.3608703703703
2019-02-18T08:00:00Z,3698.552916666667
2019-02-18T09:00:00Z,3703.028611111111
2019-02-18T10:00:00Z,3701.975768518518
2019-02-18T11:00:00Z,3703.1893703703704
2019-02-18T12:00:00Z,3713.305268518519
2019-02-18T13:00:00Z,3746.554388888889
2019-02-18T14:00:00Z,3784.763981481481
2019-02-18T15:00:00Z,3815.3269629629635
2019-02-18T16:00:00Z,3845.728546296296
2019-02-18T17:00:00Z,3869.9723333333336
2019-02-18T18:00:00Z,3890.877425925926
2019-02-18T19:00:00Z,3898.133166666667
2019-02-18T20:00:00Z,3892.934166666666
2019-02-18T21:00:00Z,3878.413759259259
2019-02-18T22:00:00Z,3865.1862777777774
2019-02-18T23:00:00Z,3860.547259259259
2019-02-19T00:00:00Z,3879.723185185185
2019-02-19T01:00:00Z,3889.32436111111
2019-02-19T02:00:00Z,3885.643351851851
2019-02-19T03:00:00Z,3874.734925925926
2019-02-19T04:00:00Z,3866.9249444444445
2019-02-19T05:00:00Z,3865.7743425925923
2019-02-19T06:00:00Z,3869.9981666666667
2019-02-19T07:00:00Z,3878.6164629629634
2019-02-19T08:00:00Z,3885.889916666667
2019-02-19T09:00:00Z,3883.2562129629637
2019-02-19T10:00:00Z,3876.9946851851855
2019-02-19T11:00:00Z,3871.2317314814813
2019-02-19T12:00:00Z,3874.5473240740744
2019-02-19T13:00:00Z,3901.806851851852
2019-02-19T14:00:00Z,3929.3897314814817
2019-02-19T15:00:00Z,3954.0111388888886
2019-02-19T16:00:00Z,3963.4934074074076
2019-02-19T17:00:00Z,3960.5447592592595
2019-02-19T18:00:00Z,3949.7519166666666
2019-02-19T19:00:00Z,3944.1303796296293
2019-02-19T20:00:00Z,3938.591527777777
2019-02-19T21:00:00Z,3921.4644999999996
2019-02-19T22:00:00Z,3907.263657407407
2019-02-19T23:00:00Z,3892.2684629629634
2019-02-20T00:00:00Z,3881.200907407407
2019-02-20T01:00:00Z,3878.520796296296
2019-02-20T02:00:00Z,3882.974055555555
2019-02-20T03:00:00Z,3888.985037037037
2019-02-20T04:00:00Z,3891.3595833333334
2019-02-20T05:00:00Z,3889.048592592593
2019-02-20T06:00:00Z,3884.67225
2019-02-20T07:00:00Z,3884.5262592592594
2019-02-20T08:00:00Z,3894.793435185185
2019-02-20T09:00:00Z,3907.4116574074073
2019-02-20T10:00:00Z,3924.0568981481483
2019-02-20T11:00:00Z,3934.3179259259255
2019-02-20T12:00:00Z,3943.854472222222
2019-02-20T13:00:00Z,3941.3838981481476
2019-02-20T14:00:00Z,3934.4913981481477
2019-02-20T15:00:00Z,3922.876712962963
2019-02-20T16:00:00Z,3915.686537037036
2019-02-20T17:00:00Z,3912.596249999999
2019-02-20T18:00:00Z,3915.184962962962
2019-02-20T19:00:00Z,3920.0657037037035
2019-02-20T20:00:00Z,3926.6267037037032
2019-02-20T21:00:00Z,3926.96437037037
2019-02-20T22:00:00Z,3925.7386666666657
2019-02-20T23:00:00Z,3928.722027777778
2019-02-21T00:00:00Z,3930.0013796296284
2019-02-21T01:00:00Z,3928.341129629629
2019-02-21T02:00:00Z,3924.543064814814
2019-02-21T03:00:00Z,3927.23424074074
2019-02-21T04:00:00Z,3931.1011111111106
2019-02-21T05:00:00Z,3939.872851851851
2019-02-21T06:00:00Z,3940.667240740741
2019-02-21T07:00:00Z,3937.747064814815
2019-02-21T08:00:00Z,3928.0323148148145
2019-02-21T09:00:00Z,3911.2406944444433
2019-02-21T10:00:00Z,3896.6521388888887
2019-02-21T11:00:00Z,3886.4068148148144
2019-02-21T12:00:00Z,3883.0577314814814
2019-02-21T13:00:00Z,3889.290638888889
2019-02-21T14:00:00Z,3896.1210648148135
2019-02-21T15:00:00Z,3899.3855740740732
2019-02-21T16:00:00Z,3895.995185185185
2019-02-21T17:00:00Z,3891.6600185185184
2019-02-21T18:00:00Z,3885.411740740741
2019-02-21T19:00:00Z,3883.059981481482
2019-02-21T20:00:00Z,3884.4575000000004
2019-02-21T21:00:00Z,3889.405685185186
2019-02-21T22:00:00Z,3892.1202129629637
2019-02-21T23:00:00Z,3895.306907407408
2019-02-22T00:00:00Z,3897.939287037037
2019-02-22T01:00:00Z,3902.574953703703
2019-02-22T02:00:00Z,3910.882787037037
2019-02-22T03:00:00Z,3916.654509259259
2019-02-22T04:00:00Z,3920.1079629629635
2019-02-22T05:00:00Z,3920.09950925926
2019-02-22T06:00:00Z,3917.591138888889
2019-02-22T07:00:00Z,3908.866583333334
2019-02-22T08:00:00Z,3909.255851851852
2019-02-22T09:00:00Z,3914.3793703703705
2019-02-22T10:00:00Z,3921.1313611111123
2019-02-22T11:00:00Z,3926.213101851852
2019-02-22T12:00:00Z,3929.0634444444445
2019-02-22T13:00:00Z,3935.910064814816
2019-02-22T14:00:00Z,3943.1328240740745
2019-02-22T15:00:00Z,3944.395564814815
2019-02-22T16:00:00Z,3940.2878611111114
2019-02-22T17:00:00Z,3937.612944444445
2019-02-22T18:00:00Z,3938.2945833333324
2019-02-22T19:00:00Z,3940.3173148148144
2019-02-22T20:00:00Z,3939.2782314814813
2019-02-22T21:00:00Z,3938.769787037037
2019-02-22T22:00:00Z,3940.6846296296303
2019-02-22T23:00:00Z,3942.9475000000007
2019-02-23T00:00:00Z,3942.6636388888887
2019-02-23T01:00:00Z,3943.4024814814816
2019-02-23T02:00:00Z,3942.661972222222
2019-02-23T03:00:00Z,3942.6543333333334
2019-02-23T04:00:00Z,3937.7546851851853
2019-02-23T05:00:00Z,3931.1729444444445
2019-02-23T06:00:00Z,3926.242425925926
2019-02-23T07:00:00Z,3923.9260833333333
2019-02-23T08:00:00Z,3922.268342592593
2019-02-23T09:00:00Z,3923.9045092592587
2019-02-23T10:00:00Z,3928.8703055555543
2019-02-23T11:00:00Z,3934.376046296296
2019-02-23T12:00:00Z,3938.6084444444446
2019-02-23T13:00:00Z,3938.5866944444447
2019-02-23T14:00:00Z,3936.4837962962956
2019-02-23T15:00:00Z,3931.5163518518516
2019-02-23T16:00:00Z,3936.490074074074
2019-02-23T17:00:00Z,3986.1350925925926
2019-02-23T18:00:00Z,4051.5673240740743
2019-02-23T19:00:00Z,4108.374537037038
2019-02-23T20:00:00Z,4149.94738888889
2019-02-23T21:00:00Z,4159.667333333334
2019-02-23T22:00:00Z,4154.127185185186
2019-02-23T23:00:00Z,4140.022
2019-02-24T00:00:00Z,4130.509305555555
2019-02-24T01:00:00Z,4128.015148148148
2019-02-24T02:00:00Z,4136.309611111111
2019-02-24T03:00:00Z,4150.80961111111
2019-02-24T04:00:00Z,4160.5271018518515
2019-02-24T05:00:00Z,4165.787092592592
2019-02-24T06:00:00Z,4166.337009259259
2019-02-24T07:00:00Z,4165.0043796296295
2019-02-24T08:00:00Z,4155.052861111111
2019-02-24T09:00:00Z,4142.372425925927
2019-02-24T10:00:00Z,4132.967842592593
2019-02-24T11:00:00Z,4127.693231481481
2019-02-24T12:00:00Z,4119.66924074074
2019-02-24T13:00:00Z,4102.417953703704
2019-02-24T14:00:00Z,3996.9300370370365
2019-02-24T15:00:00Z,3861.2644444444436
2019-02-24T16:00:00Z,3740.7580277777765
2019-02-24T17:00:00Z,3677.0326018518513
2019-02-24T18:00:00Z,3675.742
2019-02-24T19:00:00Z,3702.062194444445
2019-02-24T20:00:00Z,3736.58412962963
2019-02-24T21:00:00Z,3763.953018518518
2019-02-24T22:00:00Z,3773.6586851851857
2019-02-24T23:00:00Z,3762.17125925926
2019-02-25T00:00:00Z,3751.194305555556
2019-02-25T01:00:00Z,3747.3113888888893
2019-02-25T02:00:00Z,3754.840453703704
2019-02-25T03:00:00Z,3767.178833333334
2019-02-25T04:00:00Z,3778.579027777778
2019-02-25T05:00:00Z,3785.5964351851853
2019-02-25T06:00:00Z,3786.7199444444436
2019-02-25T07:00:00Z,3778.6461018518526
2019-02-25T08:00:00Z,3771.7976296296292
2019-02-25T09:00:00Z,3768.697537037037
2019-02-25T10:00:00Z,3771.7743240740742
2019-02-25T11:00:00Z,3776.7334074074083
2019-02-25T12:00:00Z,3782.9472314814825
2019-02-25T13:00:00Z,3788.6166018518525
2019-02-25T14:00:00Z,3788.88925
2019-02-25T15:00:00Z,3789.7509629629635
2019-02-25T16:00:00Z,3802.48775925926
2019-02-25T17:00:00Z,3817.487564814815
2019-02-25T18:00:00Z,3839.860870370371
2019-02-25T19:00:00Z,3855.125768518519
2019-02-25T20:00:00Z,3855.9782685185196
2019-02-25T21:00:00Z,3840.5517962962967
2019-02-25T22:00:00Z,3824.886259259261
2019-02-25T23:00:00Z,3815.1867592592594
2019-02-26T00:00:00Z,3813.5589722222226
2019-02-26T01:00:00Z,3815.744231481481
2019-02-26T02:00:00Z,3819.069333333333
2019-02-26T03:00:00Z,3822.40587037037
2019-02-26T04:00:00Z,3821.429342592592
2019-02-26T05:00:00Z,3812.0673888888887
2019-02-26T06:00:00Z,3795.0851851851858
2019-02-26T07:00:00Z,3782.1392129629635
2019-02-26T08:00:00Z,3777.3444814814816
2019-02-26T09:00:00Z,3779.1886851851864
2019-02-26T10:00:00Z,3786.2256851851857
2019-02-26T11:00:00Z,3790.514074074074
2019-02-26T12:00:00Z,3791.6692962962957
2019-02-26T13:00:00Z,3791.287731481482
2019-02-26T14:00:00Z,3796.0736018518523
2019-02-26T15:00:00Z,3803.501138888889
2019-02-26T16:00:00Z,3805.557851851852
2019-02-26T17:00:00Z,3804.6866944444446
2019-02-26T18:00:00Z,3799.9337037037035
2019-02-26T19:00:00Z,3797.0894537037034
2019-02-26T20:00:00Z,3795.351879629629
2019-02-26T21:00:00Z,3792.8987870370365
2019-02-26T22:00:00Z,3792.440953703703
2019-02-26T23:00:00Z,3793.5926388888874
2019-02-27T00:00:00Z,3791.9512870370368
2019-02-27T01:00:00Z,3788.0791296296297
2019-02-27T02:00:00Z,3788.8913148148154
2019-02-27T03:00:00Z,3793.298620370371
2019-02-27T04:00:00Z,3799.434342592592
2019-02-27T05:00:00Z,3805.402287037037
2019-02-27T06:00:00Z,3805.988722222222
2019-02-27T07:00:00Z,3807.370453703703
2019-02-27T08:00:00Z,3809.040111111111
2019-02-27T09:00:00Z,3810.730555555556
2019-02-27T10:00:00Z,3810.8325185185186
2019-02-27T11:00:00Z,3811.276148148149
2019-02-27T12:00:00Z,3811.78262962963
2019-02-27T13:00:00Z,3812.668231481481
2019-02-27T14:00:00Z,3811.109083333333
2019-02-27T15:00:00Z,3805.9945648148146
2019-02-27T16:00:00Z,3801.068907407407
2019-02-27T17:00:00Z,3799.219916666667
2019-02-27T18:00:00Z,3797.97525
2019-02-27T19:00:00Z,3798.4050925925926
2019-02-27T20:00:00Z,3776.0750185185184
2019-02-27T21:00:00Z,3752.547777777778
2019-02-27T22:00:00Z,3742.6429074074076
2019-02-27T23:00:00Z,3755.5291388888886
2019-02-28T00:00:00Z,3780.8317962962956
2019-02-28T01:00:00Z,3805.3636018518505
2019-02-28T02:00:00Z,3817.6903796296283
2019-02-28T03:00:00Z,3818.376740740741
2019-02-28T04:00:00Z,3814.795231481481
2019-02-28T05:00:00Z,3812.04637962963
2019-02-28T06:00:00Z,3809.56112962963
2019-02-28T07:00:00Z,3807.321712962963
2019-02-28T08:00:00Z,3811.2462499999997
2019-02-28T09:00:00Z,3818.4284444444443
2019-02-28T10:00:00Z,3822.9570462962965
2019-02-28T11:00:00Z,3825.004851851852
2019-02-28T12:00:00Z,3823.590092592593
2019-02-28T13:00:00Z,3820.7704166666676
2019-02-28T14:00:00Z,3819.5811666666673
2019-02-28T15:00:00Z,3826.1294907407414
2019-02-28T16:00:00Z,3829.5710925925923
2019-02-28T17:00:00Z,3822.5066574074067
2019-02-28T18:00:00Z,3814.452064814815
2019-02-28T19:00:00Z,3806.6521944444444
2019-02-28T20:00:00Z,3802.082398148148
2019-02-28T21:00:00Z,3799.7471944444446
2019-02-28T22:00:00Z,3796.8974074074067
2019-02-28T23:00:00Z,3793.343574074074
2019-03-01T00:00:00Z,3791.4701111111112
2019-03-01T01:00:00Z,3793.779240740741
2019-03-01T02:00:00Z,3797.297120370371
2019-03-01T03:00:00Z,3801.5314999999996
2019-03-01T04:00:00Z,3803.399768518518
2019-03-01T05:00:00Z,3803.3134166666664
2019-03-01T06:00:00Z,3802.468601851852
2019-03-01T07:00:00Z,3803.721675925926
2019-03-01T08:00:00Z,3806.658212962963
2019-03-01T09:00:00Z,3810.8259537037034
2019-03-01T10:00:00Z,3814.319111111112
2019-03-01T11:00:00Z,3815.045388888889
2019-03-01T12:00:00Z,3813.8579166666664
2019-03-01T13:00:00Z,3814.120712962962
2019-03-01T14:00:00Z,3816.3015555555553
2019-03-01T15:00:00Z,3817.8997870370367
2019-03-01T16:00:00Z,3821.9717685185183
2019-03-01T17:00:00Z,3828.094611111111
2019-03-01T18:00:00Z,3834.036
2019-03-01T19:00:00Z,3836.572305555556
2019-03-01T20:00:00Z,3835.544898148149
2019-03-01T21:00:00Z,3832.859555555556
2019-03-01T22:00:00Z,3826.061564814814
2019-03-01T23:00:00Z,3816.35812962963
2019-03-02T00:00:00Z,3808.489935185185
2019-03-02T01:00:00Z,3805.3076574074075
2019-03-02T02:00:00Z,3806.874101851852
2019-03-02T03:00:00Z,3810.7512592592598
2019-03-02T04:00:00Z,3809.9817592592594
2019-03-02T05:00:00Z,3806.951111111111
2019-03-02T06:00:00Z,3803.007824074073
2019-03-02T07:00:00Z,3797.824796296296
2019-03-02T08:00:00Z,3794.539194444444
2019-03-02T09:00:00Z,3792.2966851851847
2019-03-02T10:00:00Z,3793.9147314814813
2019-03-02T11:00:00Z,3799.7424166666665
2019-03-02T12:00:00Z,3806.5272314814815
2019-03-02T13:00:00Z,3811.8149259259258
2019-03-02T14:00:00Z,3813.047555555555
2019-03-02T15:00:00Z,3809.966842592592
2019-03-02T16:00:00Z,3806.486694444444
2019-03-02T17:00:00Z,3801.6538888888886
2019-03-02T18:00:00Z,3799.673296296296
2019-03-02T19:00:00Z,3801.24512037037
2019-03-02T20:00:00Z,3803.037740740741
2019-03-02T21:00:00Z,3806.4276388888884
2019-03-02T22:00:00Z,3809.489824074073
2019-03-02T23:00:00Z,3811.6647037037037
2019-03-03T00:00:00Z,3813.150166666667
2019-03-03T01:00:00Z,3814.359259259259
2019-03-03T02:00:00Z,3813.6166944444435
2019-03-03T03:00:00Z,3812.2833611111105
2019-03-03T04:00:00Z,3810.695916666666
2019-03-03T05:00:00Z,3809.76712962963
2019-03-03T06:00:00Z,3809.847231481481
2019-03-03T07:00:00Z,3809.9043796296296
2019-03-03T08:00:00Z,3808.164925925926
2019-03-03T09:00:00Z,3806.817490740741
2019-03-03T10:00:00Z,3806.569990740741
2019-03-03T11:00:00Z,3807.2740925925923
2019-03-03T12:00:00Z,3807.9879074074074
2019-03-03T13:00:00Z,3808.586731481481
2019-03-03T14:00:00Z,3806.7396388888897
2019-03-03T15:00:00Z,3799.6706759259264
2019-03-03T16:00:00Z,3792.375333333333
2019-03-03T17:00:00Z,3787.619064814815
2019-03-03T18:00:00Z,3786.482740740741
2019-03-03T19:00:00Z,3787.2138611111113
2019-03-03T20:00:00Z,3789.394212962963
2019-03-03T21:00:00Z,3790.546212962963
2019-03-03T22:00:00Z,3789.0425555555557
2019-03-03T23:00:00Z,3787.3669444444445
2019-03-04T00:00:00Z,3790.780796296296
2019-03-04T01:00:00Z,3797.058907407407
2019-03-04T02:00:00Z,3799.118638888889
2019-03-04T03:00:00Z,3794.833425925925
2019-03-04T04:00:00Z,3777.4118518518517
2019-03-04T05:00:00Z,3749.768611111112
2019-03-04T06:00:00Z,3725.0272129629634
2019-03-04T07:00:00Z,3708.915351851853
2019-03-04T08:00:00Z,3700.279722222223
2019-03-04T09:00:00Z,3695.6376759259256
2019-03-04T10:00:00Z,3691.700037037037
2019-03-04T11:00:00Z,3691.6846759259256
2019-03-04T12:00:00Z,3692.122259259259
2019-03-04T13:00:00Z,3695.2501666666667
2019-03-04T14:00:00Z,3699.9733333333334
2019-03-04T15:00:00Z,3703.1596666666665
2019-03-04T16:00:00Z,3708.0775833333337
2019-03-04T17:00:00Z,3711.6950092592597
2019-03-04T18:00:00Z,3712.496333333333
2019-03-04T19:00:00Z,3710.317962962963
2019-03-04T20:00:00Z,3706.847268518519
2019-03-04T21:00:00Z,3702.9266574074068
2019-03-04T22:00:00Z,3697.309851851851
2019-03-04T23:00:00Z,3694.7354166666664
2019-03-05T00:00:00Z,3696.2551296296297
2019-03-05T01:00:00Z,3698.9046018518525
2019-03-05T02:00:00Z,3698.7761944444446
2019-03-05T03:00:00Z,3696.626166666667
2019-03-05T04:00:00Z,3697.460953703703
2019-03-05T05:00:00Z,3701.068564814815
2019-03-05T06:00:00Z,3706.1435648148145
2019-03-05T07:00:00Z,3711.929685185185
2019-03-05T08:00:00Z,3720.1489907407413
2019-03-05T09:00:00Z,3725.92100925926
2019-03-05T10:00:00Z,3728.1895277777785
2019-03-05T11:00:00Z,3728.291944444445
2019-03-05T12:00:00Z,3729.7672407407413
2019-03-05T13:00:00Z,3763.0480462962964
2019-03-05T14:00:00Z,3802.6679814814815
2019-03-05T15:00:00Z,3835.882944444444
2019-03-05T16:00:00Z,3853.6338333333333
2019-03-05T17:00:00Z,3858.5781388888886
2019-03-05T18:00:00Z,3856.942222222222
2019-03-05T19:00:00Z,3855.7044814814813
2019-03-05T20:00:00Z,3851.6928333333344
2019-03-05T21:00:00Z,3845.420351851853
2019-03-05T22:00:00Z,3838.969731481482
2019-03-05T23:00:00Z,3837.446611111112
2019-03-06T00:00:00Z,3835.5812500000006
2019-03-06T01:00:00Z,3832.8410000000003
2019-03-06T02:00:00Z,3829.7251388888894
2019-03-06T03:00:00Z,3823.904509259259
2019-03-06T04:00:00Z,3820.0123148148145
2019-03-06T05:00:00Z,3818.748527777778
2019-03-06T06:00:00Z,3824.23675925926
2019-03-06T07:00:00Z,3832.6296666666676
2019-03-06T08:00:00Z,3837.818407407409
2019-03-06T09:00:00Z,3841.571527777778
2019-03-06T10:00:00Z,3844.2751111111115
2019-03-06T11:00:00Z,3848.9515000000006
2019-03-06T12:00:00Z,3851.968157407408
2019-03-06T13:00:00Z,3850.1243518518518
2019-03-06T14:00:00Z,3844.867
2019-03-06T15:00:00Z,3842.7898425925923
2019-03-06T16:00:00Z,3846.2673240740746
2019-03-06T17:00:00Z,3849.5370000000003
2019-03-06T18:00:00Z,3851.358361111111
2019-03-06T19:00:00Z,3849.7696018518523
2019-03-06T20:00:00Z,3846.622777777778
2019-03-06T21:00:00Z,3844.67062037037
2019-03-06T22:00:00Z,3846.1552592592584
2019-03-06T23:00:00Z,3849.048638888888
2019-03-07T00:00:00Z,3854.920611111111
2019-03-07T01:00:00Z,3862.787194444445
2019-03-07T02:00:00Z,3868.861388888889
2019-03-07T03:00:00Z,3873.672425925926
2019-03-07T04:00:00Z,3879.3553240740744
2019-03-07T05:00:00Z,3879.1566851851844
2019-03-07T06:00:00Z,3873.0517777777773
2019-03-07T07:00:00Z,3865.603138888888
2019-03-07T08:00:00Z,3855.71961111111
2019-03-07T09:00:00Z,3847.332314814814
2019-03-07T10:00:00Z,3841.290824074074
2019-03-07T11:00:00Z,3840.596518518519
2019-03-07T12:00:00Z,3847.3714074074073
2019-03-07T13:00:00Z,3855.048722222223
2019-03-07T14:00:00Z,3865.090675925927
2019-03-07T15:00:00Z,3869.5930277777784
2019-03-07T16:00:00Z,3872.5089907407414
2019-03-07T17:00:00Z,3870.2330185185187
2019-03-07T18:00:00Z,3868.044925925926
2019-03-07T19:00:00Z,3865.8275648148156
2019-03-07T20:00:00Z,3866.113814814815
2019-03-07T21:00:00Z,3868.384907407408
2019-03-07T22:00:00Z,3868.2591759259267
2019-03-07T23:00:00Z,3864.3750370370376
2019-03-08T00:00:00Z,3861.6784259259257
2019-03-08T01:00:00Z,3858.462935185185
2019-03-08T02:00:00Z,3856.999916666666
2019-03-08T03:00:00Z,3855.5318148148144
2019-03-08T04:00:00Z,3857.9758148148153
2019-03-08T05:00:00Z,3864.948750000001
2019-03-08T06:00:00Z,3876.1565833333334
2019-03-08T07:00:00Z,3881.3591759259266
2019-03-08T08:00:00Z,3878.2047407407413
2019-03-08T09:00:00Z,3871.8322499999995
2019-03-08T10:00:00Z,3872.120351851852
2019-03-08T11:00:00Z,3874.8836759259248
2019-03-08T12:00:00Z,3878.5726388888884
2019-03-08T13:00:00Z,3882.6893611111104
2019-03-08T14:00:00Z,3887.961888888889
2019-03-08T15:00:00Z,3891.453888888889
2019-03-08T16:00:00Z,3890.782481481481
2019-03-08T17:00:00Z,3890.167194444444
2019-03-08T18:00:00Z,3889.217416666666
2019-03-08T19:00:00Z,3891.971388888889
2019-03-08T20:00:00Z,3895.6257592592597
2019-03-08T21:00:00Z,3889.8682592592595
2019-03-08T22:00:00Z,3867.5045648148152
2019-03-08T23:00:00Z,3845.0630462962968
2019-03-09T00:00:00Z,3832.5508888888894
2019-03-09T01:00:00Z,3833.6896574074076
2019-03-09T02:00:00Z,3843.7802777777783
2019-03-09T03:00:00Z,3851.7754999999997
2019-03-09T04:00:00Z,3857.145444444445
2019-03-09T05:00:00Z,3860.03500925926
2019-03-09T06:00:00Z,3870.4362870370373
2019-03-09T07:00:00Z,3882.924351851852
2019-03-09T08:00:00Z,3895.5885277777784
2019-03-09T09:00:00Z,3903.092407407408
2019-03-09T10:00:00Z,3903.6015185185183
2019-03-09T11:00:00Z,3901.3217685185177
2019-03-09T12:00:00Z,3900.886935185185
2019-03-09T13:00:00Z,3902.645685185185
2019-03-09T14:00:00Z,3911.0162685185187
2019-03-09T15:00:00Z,3921.4729351851843
2019-03-09T16:00:00Z,3923.6425092592594
2019-03-09T17:00:00Z,3916.5669074074067
2019-03-09T18:00:00Z,3909.0513148148143
2019-03-09T19:00:00Z,3905.1640648148145
2019-03-09T20:00:00Z,3900.089583333333
2019-03-09T21:00:00Z,3895.0505925925922
2019-03-09T22:00:00Z,3892.593555555555
2019-03-09T23:00:00Z,3898.7154629629636
2019-03-10T00:00:00Z,3905.7559351851855
2019-03-10T01:00:00Z,3912.563833333334
2019-03-10T02:00:00Z,3914.342703703705
2019-03-10T03:00:00Z,3910.959648148149
2019-03-10T04:00:00Z,3905.497944444445
2019-03-10T05:00:00Z,3900.4111759259263
2019-03-10T06:00:00Z,3893.574675925926
2019-03-10T07:00:00Z,3887.289064814815
2019-03-10T08:00:00Z,3885.1077037037035
2019-03-10T09:00:00Z,3883.525175925926
2019-03-10T10:00:00Z,3884.0514259259267
2019-03-10T11:00:00Z,3886.459648148148
2019-03-10T12:00:00Z,3888.782027777778
2019-03-10T13:00:00Z,3886.7684629629625
2019-03-10T14:00:00Z,3887.1406111111114
2019-03-10T15:00:00Z,3887.5494259259262
2019-03-10T16:00:00Z,3885.4841481481476
2019-03-10T17:00:00Z,3884.1651759259257
2019-03-10T18:00:00Z,3882.100268518518
2019-03-10T19:00:00Z,3881.413833333334
2019-03-10T20:00:00Z,3885.842444444445
2019-03-10T21:00:00Z,3891.345527777778
2019-03-10T22:00:00Z,3897.6669722222214
2019-03-10T23:00:00Z,3901.635954653518
2019-03-11T00:00:00Z,3903.9336624812963
2019-03-11T01:00:00Z,3906.0201140892586
2019-03-11T02:00:00Z,3906.9747908240734
2019-03-11T03:00:00Z,3908.4865508922226
2019-03-11T04:00:00Z,3903.7746415238894
2019-03-11T05:00:00Z,3889.505042037408
2019-03-11T06:00:00Z,3875.868574343704
2019-03-11T07:00:00Z,3864.581662205556
2019-03-11T08:00:00Z,3860.4828796970364
2019-03-11T09:00:00Z,3863.0580532575927
2019-03-11T10:00:00Z,3863.749851851853
2019-03-11T11:00:00Z,3860.7646944444446
2019-03-11T12:00:00Z,3848.5622962962966
2019-03-11T13:00:00Z,3839.1997592592597
2019-03-11T14:00:00Z,3834.3794259259266
2019-03-11T15:00:00Z,3832.461759259259
2019-03-11T16:00:00Z,3833.4426388888883
2019-03-11T17:00:00Z,3837.49525
2019-03-11T18:00:00Z,3843.637962962963
2019-03-11T19:00:00Z,3846.5313240740747
2019-03-11T20:00:00Z,3848.4886388888895
2019-03-11T21:00:00Z,3850.043907407407
2019-03-11T22:00:00Z,3852.850083333333
2019-03-11T23:00:00Z,3854.226666666667
2019-03-12T00:00:00Z,3847.536361111112
2019-03-12T01:00:00Z,3834.9282685185185
2019-03-12T02:00:00Z,3819.1084907407417
2019-03-12T03:00:00Z,3806.5948055555564
2019-03-12T04:00:00Z,3802.1975000000007
2019-03-12T05:00:00Z,3804.6578518518522
2019-03-12T06:00:00Z,3811.030212962963
2019-03-12T07:00:00Z,3818.1995833333335
2019-03-12T08:00:00Z,3833.566777777778
2019-03-12T09:00:00Z,3851.2675277777776
2019-03-12T10:00:00Z,3867.399981481481
2019-03-12T11:00:00Z,3874.5684444444437
2019-03-12T12:00:00Z,3877.0401481481476
2019-03-12T13:00:00Z,3875.751962962963
2019-03-12T14:00:00Z,3873.2045740740737
2019-03-12T15:00:00Z,3865.421111111111
2019-03-12T16:00:00Z,3859.0636203703702
2019-03-12T17:00:00Z,3855.1108148148146
2019-03-12T18:00:00Z,3853.669314814815
2019-03-12T19:00:00Z,3853.4115
2019-03-12T20:00:00Z,3856.2631944444443
2019-03-12T21:00:00Z,3860.445833333333
2019-03-12T22:00:00Z,3865.0070462962963
2019-03-12T23:00:00Z,3866.5041944444442
2019-03-13T00:00:00Z,3865.36837962963
2019-03-13T01:00:00Z,3863.3448888888893
2019-03-13T02:00:00Z,3860.630222222222
2019-03-13T03:00:00Z,3861.5431018518516
2019-03-13T04:00:00Z,3862.3568611111114
2019-03-13T05:00:00Z,3861.4927314814813
2019-03-13T06:00:00Z,3858.8351296296296
2019-03-13T07:00:00Z,3858.0400555555566
2019-03-13T08:00:00Z,3855.98150925926
2019-03-13T09:00:00Z,3851.888833333333
2019-03-13T10:00:00Z,3844.7424166666665
2019-03-13T11:00:00Z,3838.644574074074
2019-03-13T12:00:00Z,3842.2553888888883
2019-03-13T13:00:00Z,3849.951444444445
2019-03-13T14:00:00Z,3854.180064814815
2019-03-13T15:00:00Z,3854.7844444444454
2019-03-13T16:00:00Z,3851.3154074074077
2019-03-13T17:00:00Z,3849.2269629629627
2019-03-13T18:00:00Z,3849.750787037037
2019-03-13T19:00:00Z,3851.7360555555547
2019-03-13T20:00:00Z,3853.2961296296294
2019-03-13T21:00:00Z,3851.576277777777
2019-03-13T22:00:00Z,3849.864888888888
2019-03-13T23:00:00Z,3849.001537037037
2019-03-14T00:00:00Z,3852.2296388888894
2019-03-14T01:00:00Z,3856.9985833333335
2019-03-14T02:00:00Z,3860.1700462962963
2019-03-14T03:00:00Z,3859.105231481482
2019-03-14T04:00:00Z,3855.551064814815
2019-03-14T05:00:00Z,3851.1822870370365
2019-03-14T06:00:00Z,3846.6814999999992
2019-03-14T07:00:00Z,3842.2748981481477
2019-03-14T08:00:00Z,3840.884074074074
2019-03-14T09:00:00Z,3841.286842592593
2019-03-14T10:00:00Z,3844.0733518518514
2019-03-14T11:00:00Z,3845.3493796296293
2019-03-14T12:00:00Z,3845.401129629629
2019-03-14T13:00:00Z,3846.2145185185186
2019-03-14T14:00:00Z,3848.5940555555558
2019-03-14T15:00:00Z,3852.755092592593
2019-03-14T16:00:00Z,3854.3081296296295
2019-03-14T17:00:00Z,3855.902027777778
2019-03-14T18:00:00Z,3855.5410092592588
2019-03-14T19:00:00Z,3854.203185185185
2019-03-14T20:00:00Z,3852.860194444444
2019-03-14T21:00:00Z,3852.8834814814813
2019-03-14T22:00:00Z,3853.5387129629635
2019-03-14T23:00:00Z,3854.4335000000005
2019-03-15T00:00:00Z,3856.9498240740745
2019-03-15T01:00:00Z,3860.776453703704
2019-03-15T02:00:00Z,3863.542175925926
2019-03-15T03:00:00Z,3863.9314166666663
2019-03-15T04:00:00Z,3862.7344444444448
2019-03-15T05:00:00Z,3861.808583333334
2019-03-15T06:00:00Z,3860.2683425925934
2019-03-15T07:00:00Z,3857.8449722222226
2019-03-15T08:00:00Z,3854.8248240740745
2019-03-15T09:00:00Z,3856.1998703703707
2019-03-15T10:00:00Z,3859.8380277777774
2019-03-15T11:00:00Z,3870.007435185185
2019-03-15T12:00:00Z,3879.7346388888877
2019-03-15T13:00:00Z,3887.146046296295
2019-03-15T14:00:00Z,3891.0852222222215
2019-03-15T15:00:00Z,3896.2934537037036
2019-03-15T16:00:00Z,3899.810750000001
2019-03-15T17:00:00Z,3903.287555555556
2019-03-15T18:00:00Z,3905.2920370370375
2019-03-15T19:00:00Z,3906.786972222222
2019-03-15T20:00:00Z,3905.511027777777
2019-03-15T21:00:00Z,3900.8305462962962
2019-03-15T22:00:00Z,3895.945416666667
2019-03-15T23:00:00Z,3894.7312592592593
2019-03-16T00:00:00Z,3901.296037037037
2019-03-16T01:00:00Z,3915.483814814814
2019-03-16T02:00:00Z,3929.103472222221
2019-03-16T03:00:00Z,3944.57186111111
2019-03-16T04:00:00Z,3974.190796296296
2019-03-16T05:00:00Z,4003.1120555555553
2019-03-16T06:00:00Z,4022.556907407408
2019-03-16T07:00:00Z,4026.634083333334
2019-03-16T08:00:00Z,4018.1349444444445
2019-03-16T09:00:00Z,4009.730046296297
2019-03-16T10:00:00Z,4005.982425925926
2019-03-16T11:00:00Z,4005.2055092592595
2019-03-16T12:00:00Z,3995.745620370371
2019-03-16T13:00:00Z,3984.2317592592594
2019-03-16T14:00:00Z,3977.0045555555557
2019-03-16T15:00:00Z,3973.4285833333347
2019-03-16T16:00:00Z,3974.4595648148156
2019-03-16T17:00:00Z,3977.6005000000005
2019-03-16T18:00:00Z,3980.377194444444
2019-03-16T19:00:00Z,3980.684287037036
2019-03-16T20:00:00Z,3979.7415648148144
2019-03-16T21:00:00Z,3980.1753425925926
2019-03-16T22:00:00Z,3982.54787037037
2019-03-16T23:00:00Z,3986.57237037037
2019-03-17T00:00:00Z,3982.780194444445
2019-03-17T01:00:00Z,3976.2551481481482
2019-03-17T02:00:00Z,3964.334018518519
2019-03-17T03:00:00Z,3954.372555555555
2019-03-17T04:00:00Z,3946.2186111111114
2019-03-17T05:00:00Z,3941.646722222223
2019-03-17T06:00:00Z,3942.6703055555554
2019-03-17T07:00:00Z,3946.6346388888887
2019-03-17T08:00:00Z,3950.9290370370363
2019-03-17T09:00:00Z,3953.0012129629627
2019-03-17T10:00:00Z,3957.35174074074
2019-03-17T11:00:00Z,3962.861425925925
2019-03-17T12:00:00Z,3965.522694444444
2019-03-17T13:00:00Z,3968.0593981481484
2019-03-17T14:00:00Z,3971.1628333333333
2019-03-17T15:00:00Z,3973.8721296296303
2019-03-17T16:00:00Z,3973.4499074074083
2019-03-17T17:00:00Z,3970.4166111111117
2019-03-17T18:00:00Z,3967.657203703704
2019-03-17T19:00:00Z,3968.000777777777
2019-03-17T20:00:00Z,3971.0717129629616
2019-03-17T21:00:00Z,3975.138351851851
2019-03-17T22:00:00Z,3975.670805555555
2019-03-17T23:00:00Z,3972.6649351851847
2019-03-18T00:00:00Z,3973.815083333333
2019-03-18T01:00:00Z,3981.794342592593
2019-03-18T02:00:00Z,3994.4102222222214
2019-03-18T03:00:00Z,4000.378212962963
2019-03-18T04:00:00Z,3997.070407407408
2019-03-18T05:00:00Z,3976.8539907407408
2019-03-18T06:00:00Z,3957.375342592592
2019-03-18T07:00:00Z,3945.7371296296296
2019-03-18T08:00:00Z,3946.6108148148146
2019-03-18T09:00:00Z,3951.0293055555558
2019-03-18T10:00:00Z,3953.6272777777776
2019-03-18T11:00:00Z,3954.7417685185187
2019-03-18T12:00:00Z,3956.455324074074
2019-03-18T13:00:00Z,3960.1136851851857
2019-03-18T14:00:00Z,3962.4405648148154
2019-03-18T15:00:00Z,3964.9475648148145
2019-03-18T16:00:00Z,3966.547768518519
2019-03-18T17:00:00Z,3966.7386851851857
2019-03-18T18:00:00Z,3965.126907407408
2019-03-18T19:00:00Z,3963.112518518518
2019-03-18T20:00:00Z,3964.6034537037026
2019-03-18T21:00:00Z,3968.8001203703693
2019-03-18T22:00:00Z,3973.8003703703703
2019-03-18T23:00:00Z,3975.5842870370366
2019-03-19T00:00:00Z,3977.938675925925
2019-03-19T01:00:00Z,3978.3561111111107
2019-03-19T02:00:00Z,3977.806425925926
2019-03-19T03:00:00Z,3976.5511944444443
2019-03-19T04:00:00Z,3969.7795648148144
2019-03-19T05:00:00Z,3963.3293425925926
2019-03-19T06:00:00Z,3957.8865648148144
2019-03-19T07:00:00Z,3956.0336666666676
2019-03-19T08:00:00Z,3956.476787037038
2019-03-19T09:00:00Z,3961.6495092592595
2019-03-19T10:00:00Z,3968.195833333333
2019-03-19T11:00:00Z,3971.9199999999996
2019-03-19T12:00:00Z,3972.5456759259255
2019-03-19T13:00:00Z,3971.887537037037
2019-03-19T14:00:00Z,3972.7922129629637
2019-03-19T15:00:00Z,3976.2641388888883
2019-03-19T16:00:00Z,3983.1555925925927
2019-03-19T17:00:00Z,3990.9277222222213
2019-03-19T18:00:00Z,3994.9661388888885
2019-03-19T19:00:00Z,3997.2526574074077
2019-03-19T20:00:00Z,3996.984333333334
2019-03-19T21:00:00Z,3994.873648148148
2019-03-19T22:00:00Z,3993.2218611111107
2019-03-19T23:00:00Z,3994.532314814814
2019-03-20T00:00:00Z,3988.2801481481474
2019-03-20T01:00:00Z,3979.8703148148147
2019-03-20T02:00:00Z,3972.5324537037036
2019-03-20T03:00:00Z,3969.9108518518515
2019-03-20T04:00:00Z,3971.3902407407404
2019-03-20T05:00:00Z,3976.861111111111
2019-03-20T06:00:00Z,3980.8726111111114
2019-03-20T07:00:00Z,3984.3800833333335
2019-03-20T08:00:00Z,3987.7942314814813
2019-03-20T09:00:00Z,3985.434546296296
2019-03-20T10:00:00Z,3986.375370370371
2019-03-20T11:00:00Z,3989.4930185185185
2019-03-20T12:00:00Z,3995.006046296296
2019-03-20T13:00:00Z,3999.7578796296293
2019-03-20T14:00:00Z,4003.3802314814807
2019-03-20T15:00:00Z,4004.445064814814
2019-03-20T16:00:00Z,4004.7155185185184
2019-03-20T17:00:00Z,4002.929101851851
2019-03-20T18:00:00Z,4003.43362962963
2019-03-20T19:00:00Z,4007.14762037037
2019-03-20T20:00:00Z,4010.8248981481483
2019-03-20T21:00:00Z,4012.730101851852
2019-03-20T22:00:00Z,4019.0002685185186
2019-03-20T23:00:00Z,4026.9980092592596
2019-03-21T00:00:00Z,4036.4777129629633
2019-03-21T01:00:00Z,4039.4933611111105
2019-03-21T02:00:00Z,4037.8523240740737
2019-03-21T03:00:00Z,4034.675787037037
2019-03-21T04:00:00Z,4031.3660648148143
2019-03-21T05:00:00Z,4027.141527777778
2019-03-21T06:00:00Z,4024.768537037037
2019-03-21T07:00:00Z,4027.0098333333335
2019-03-21T08:00:00Z,4030.749388888888
2019-03-21T09:00:00Z,4033.624583333333
2019-03-21T10:00:00Z,4032.684305555555
2019-03-21T11:00:00Z,4032.2213796296296
2019-03-21T12:00:00Z,4032.456777777778
2019-03-21T13:00:00Z,4030.6292870370376
2019-03-21T14:00:00Z,4000.485175925926
2019-03-21T15:00:00Z,3969.4757962962963
2019-03-21T16:00:00Z,3946.8745555555556
2019-03-21T17:00:00Z,3940.617212962963
2019-03-21T18:00:00Z,3946.1017407407403
2019-03-21T19:00:00Z,3956.2586759259248
2019-03-21T20:00:00Z,3966.0741481481473
2019-03-21T21:00:00Z,3974.047231481481
2019-03-21T22:00:00Z,3978.698472222221
2019-03-21T23:00:00Z,3979.0295740740735
2019-03-22T00:00:00Z,3978.907388888889
2019-03-22T01:00:00Z,3978.6243518518513
2019-03-22T02:00:00Z,3979.803472222222
2019-03-22T03:00:00Z,3979.033111111112
2019-03-22T04:00:00Z,3976.3548148148147
2019-03-22T05:00:00Z,3974.323731481482
2019-03-22T06:00:00Z,3972.649712962963
2019-03-22T07:00:00Z,3970.014092592593
2019-03-22T08:00:00Z,3970.5517777777786
2019-03-22T09:00:00Z,3971.951416666667
2019-03-22T10:00:00Z,3975.0875370370363
2019-03-22T11:00:00Z,3979.319148148148
2019-03-22T12:00:00Z,3984.2136203703703
2019-03-22T13:00:00Z,3987.6273425925924
2019-03-22T14:00:00Z,3990.928111111111
2019-03-22T15:00:00Z,3991.296268518518
2019-03-22T16:00:00Z,3991.2997407407406
2019-03-22T17:00:00Z,3992.982175925926
2019-03-22T18:00:00Z,3994.4552777777776
2019-03-22T19:00:00Z,3995.031814814816
2019-03-22T20:00:00Z,3990.2563148148147
2019-03-22T21:00:00Z,3985.092138888889
2019-03-22T22:00:00Z,3981.7895092592594
2019-03-22T23:00:00Z,3980.919425925925
2019-03-23T00:00:00Z,3980.1606574074067
2019-03-23T01:00:00Z,3979.8951759259253
2019-03-23T02:00:00Z,3984.054444444444
2019-03-23T03:00:00Z,3990.5873888888887
2019-03-23T04:00:00Z,3993.494185185185
2019-03-23T05:00:00Z,3993.458212962962
2019-03-23T06:00:00Z,3993.3352685185187
2019-03-23T07:00:00Z,3992.724935185186
2019-03-23T08:00:00Z,3993.5703240740745
2019-03-23T09:00:00Z,3993.3603518518516
2019-03-23T10:00:00Z,3988.2065925925926
2019-03-23T11:00:00Z,3982.9917499999997
2019-03-23T12:00:00Z,3976.9607314814807
2019-03-23T13:00:00Z,3972.555953703704
2019-03-23T14:00:00Z,3969.5313240740747
2019-03-23T15:00:00Z,3969.91325
2019-03-23T16:00:00Z,3970.475194444444
2019-03-23T17:00:00Z,3970.481879629629
2019-03-23T18:00:00Z,3970.363694444444
2019-03-23T19:00:00Z,3970.1734814814813
2019-03-23T20:00:00Z,3970.312675925926
2019-03-23T21:00:00Z,3971.558277777778
2019-03-23T22:00:00Z,3973.68887037037
2019-03-23T23:00:00Z,3977.7151388888888
2019-03-24T00:00:00Z,3979.5878240740726
2019-03-24T01:00:00Z,3978.457027777777
2019-03-24T02:00:00Z,3972.1951574074064
2019-03-24T03:00:00Z,3967.4269722222216
2019-03-24T04:00:00Z,3965.508333333333
2019-03-24T05:00:00Z,3964.718398148149
2019-03-24T06:00:00Z,3965.110916666667
2019-03-24T07:00:00Z,3964.1135925925923
2019-03-24T08:00:00Z,3963.3201111111107
2019-03-24T09:00:00Z,3965.308842592593
2019-03-24T10:00:00Z,3970.0043055555557
2019-03-24T11:00:00Z,3973.734398148148
2019-03-24T12:00:00Z,3975.1032314814815
2019-03-24T13:00:00Z,3976.1345185185182
2019-03-24T14:00:00Z,3975.6123611111107
2019-03-24T15:00:00Z,3973.875527777778
2019-03-24T16:00:00Z,3970.8123148148147
2019-03-24T17:00:00Z,3967.5552314814818
2019-03-24T18:00:00Z,3963.276898148148
2019-03-24T19:00:00Z,3960.4410925925936
2019-03-24T20:00:00Z,3958.1566944444444
2019-03-24T21:00:00Z,3958.921166666667
2019-03-24T22:00:00Z,3961.4770462962965
2019-03-24T23:00:00Z,3965.5761944444444
2019-03-25T00:00:00Z,3967.1830555555557
2019-03-25T01:00:00Z,3969.4886851851847
2019-03-25T02:00:00Z,3971.9097222222226
2019-03-25T03:00:00Z,3974.950925925926
2019-03-25T04:00:00Z,3976.0648611111114
2019-03-25T05:00:00Z,3975.7915092592593
2019-03-25T06:00:00Z,3974.278537037037
2019-03-25T07:00:00Z,3971.8305277777777
2019-03-25T08:00:00Z,3969.9266666666676
2019-03-25T09:00:00Z,3969.26562962963
2019-03-25T10:00:00Z,3969.0495277777773
2019-03-25T11:00:00Z,3969.4207037037036
2019-03-25T12:00:00Z,3965.9241944444443
2019-03-25T13:00:00Z,3962.169740740741
2019-03-25T14:00:00Z,3960.3440833333334
2019-03-25T15:00:00Z,3956.238916666666
2019-03-25T16:00:00Z,3953.433777777777
2019-03-25T17:00:00Z,3948.5763148148144
2019-03-25T18:00:00Z,3929.1569722222216
2019-03-25T19:00:00Z,3907.198314814815
2019-03-25T20:00:00Z,3886.8591759259266
2019-03-25T21:00:00Z,3874.8057037037047
2019-03-25T22:00:00Z,3877.160555555556
2019-03-25T23:00:00Z,3887.6569444444444
2019-03-26T00:00:00Z,3899.504138888888
2019-03-26T01:00:00Z,3909.5367870370374
2019-03-26T02:00:00Z,3916.5219259259266
2019-03-26T03:00:00Z,3918.0355092592595
2019-03-26T04:00:00Z,3916.919861111112
2019-03-26T05:00:00Z,3914.1322777777773
2019-03-26T06:00:00Z,3908.419731481481
2019-03-26T07:00:00Z,3903.146407407407
2019-03-26T08:00:00Z,3901.619564814815
2019-03-26T09:00:00Z,3901.8465648148144
2019-03-26T10:00:00Z,3901.7155092592598
2019-03-26T11:00:00Z,3899.7762314814822
2019-03-26T12:00:00Z,3894.4632037037045
2019-03-26T13:00:00Z,3888.4559629629634
2019-03-26T14:00:00Z,3890.6657314814815
2019-03-26T15:00:00Z,3900.062925925927
2019-03-26T16:00:00Z,3910.275018518519
2019-03-26T17:00:00Z,3916.9982037037043
2019-03-26T18:00:00Z,3920.5709629629637
2019-03-26T19:00:00Z,3920.966296296296
2019-03-26T20:00:00Z,3919.3375555555544
2019-03-26T21:00:00Z,3915.7004629629623
2019-03-26T22:00:00Z,3913.1479074074064
2019-03-26T23:00:00Z,3914.317953703703
2019-03-27T00:00:00Z,3921.336907407407
2019-03-27T01:00:00Z,3940.2061481481483
2019-03-27T02:00:00Z,3962.724287037037
2019-03-27T03:00:00Z,3981.4133333333325
2019-03-27T04:00:00Z,3990.3894444444436
2019-03-27T05:00:00Z,3995.259601851851
2019-03-27T06:00:00Z,3995.5397407407404
2019-03-27T07:00:00Z,3993.4628240740735
2019-03-27T08:00:00Z,3990.024092592593
2019-03-27T09:00:00Z,3986.902675925927
2019-03-27T10:00:00Z,3993.6351203703707
2019-03-27T11:00:00Z,4007.4809814814816
2019-03-27T12:00:00Z,4017.947240740741
2019-03-27T13:00:00Z,4022.456685185185
2019-03-27T14:00:00Z,4019.8960925925917
2019-03-27T15:00:00Z,4016.341324074074
2019-03-27T16:00:00Z,4012.5451944444435
2019-03-27T17:00:00Z,4010.3695648148146
2019-03-27T18:00:00Z,4007.6820092592593
2019-03-27T19:00:00Z,4005.623249999999
2019-03-27T20:00:00Z,4005.489416666666
2019-03-27T21:00:00Z,4006.832157407407
2019-03-27T22:00:00Z,4009.300416666667
2019-03-27T23:00:00Z,4015.772157407408
2019-03-28T00:00:00Z,4020.069703703705
2019-03-28T01:00:00Z,4021.1582962962966
2019-03-28T02:00:00Z,4020.539851851852
2019-03-28T03:00:00Z,4014.8708148148144
2019-03-28T04:00:00Z,4007.1524722222225
2019-03-28T05:00:00Z,4004.371611111111
2019-03-28T06:00:00Z,4004.7745462962957
2019-03-28T07:00:00Z,4008.581564814814
2019-03-28T08:00:00Z,4010.4938518518516
2019-03-28T09:00:00Z,4010.894898148148
2019-03-28T10:00:00Z,4008.725851851852
2019-03-28T11:00:00Z,4004.9213703703704
2019-03-28T12:00:00Z,4001.8503611111114
2019-03-28T13:00:00Z,4003.084416666666
2019-03-28T14:00:00Z,4008.1063796296294
2019-03-28T15:00:00Z,4014.4859999999994
2019-03-28T16:00:00Z,4015.2296481481485
2019-03-28T17:00:00Z,4012.6994629629626
2019-03-28T18:00:00Z,4010.8697314814804
2019-03-28T19:00:00Z,4010.109796296296
2019-03-28T20:00:00Z,4010.5196481481485
2019-03-28T21:00:00Z,4011.318037037037
2019-03-28T22:00:00Z,4011.3386759259265
2019-03-28T23:00:00Z,4011.687898148148
2019-03-29T00:00:00Z,4012.553351851852
2019-03-29T01:00:00Z,4013.122861111111
2019-03-29T02:00:00Z,4016.8664351851853
2019-03-29T03:00:00Z,4021.745175925926
2019-03-29T04:00:00Z,4023.660657407408
2019-03-29T05:00:00Z,4020.8089074074082
2019-03-29T06:00:00Z,4016.933731481482
2019-03-29T07:00:00Z,4021.2785740740746
2019-03-29T08:00:00Z,4027.7432314814814
2019-03-29T09:00:00Z,4045.6380277777776
2019-03-29T10:00:00Z,4066.1447314814814
2019-03-29T11:00:00Z,4089.1327962962955
2019-03-29T12:00:00Z,4101.563731481481
2019-03-29T13:00:00Z,4102.56136111111
2019-03-29T14:00:00Z,4093.207138888889
2019-03-29T15:00:00Z,4083.6368148148154
2019-03-29T16:00:00Z,4078.9865000000004
2019-03-29T17:00:00Z,4079.004907407407
2019-03-29T18:00:00Z,4084.790379629629
2019-03-29T19:00:00Z,4086.4346574074075
2019-03-29T20:00:00Z,4083.3733148148153
2019-03-29T21:00:00Z,4080.692731481482
2019-03-29T22:00:00Z,4079.230361111111
2019-03-29T23:00:00Z,4081.8493888888893
2019-03-30T00:00:00Z,4095.253944444444
2019-03-30T01:00:00Z,4110.059944444444
2019-03-30T02:00:00Z,4120.639037037036
2019-03-30T03:00:00Z,4116.3516851851855
2019-03-30T04:00:00Z,4100.126583333334
2019-03-30T05:00:00Z,4086.3085370370372
2019-03-30T06:00:00Z,4079.9576851851853
2019-03-30T07:00:00Z,4080.7539074074066
2019-03-30T08:00:00Z,4081.3227407407408
2019-03-30T09:00:00Z,4079.904277777777
2019-03-30T10:00:00Z,4075.36775
2019-03-30T11:00:00Z,4074.5516759259262
2019-03-30T12:00:00Z,4077.0064537037038
2019-03-30T13:00:00Z,4079.053351851852
2019-03-30T14:00:00Z,4079.888999999999
2019-03-30T15:00:00Z,4076.194509259259
2019-03-30T16:00:00Z,4074.089861111111
2019-03-30T17:00:00Z,4072.152583333334
2019-03-30T18:00:00Z,4073.028342592593
2019-03-30T19:00:00Z,4075.087000000001
2019-03-30T20:00:00Z,4077.2043518518512
2019-03-30T21:00:00Z,4081.172509259259
2019-03-30T22:00:00Z,4084.454666666667
2019-03-30T23:00:00Z,4089.2906851851853
2019-03-31T00:00:00Z,4091.2062037037044
2019-03-31T01:00:00Z,4091.1985000000004
2019-03-31T02:00:00Z,4087.085972222223
2019-03-31T03:00:00Z,4084.29175
2019-03-31T04:00:00Z,4082.8750740740743
2019-03-31T05:00:00Z,4082.8759629629635
2019-03-31T06:00:00Z,4083.637064814815
2019-03-31T07:00:00Z,4082.787953703704
2019-03-31T08:00:00Z,4083.0801666666666
2019-03-31T09:00:00Z,4083.9252592592597
2019-03-31T10:00:00Z,4086.5572407407412
2019-03-31T11:00:00Z,4091.8029074074075
2019-03-31T12:00:00Z,4093.7052685185186
2019-03-31T13:00:00Z,4093.7875925925932
2019-03-31T14:00:00Z,4093.629231481482
2019-03-31T15:00:00Z,4091.5564259259263
2019-03-31T16:00:00Z,4089.88362037037
2019-03-31T17:00:00Z,4088.4635092592584
2019-03-31T18:00:00Z,4088.3364351851847
2019-03-31T19:00:00Z,4090.8564537037037
2019-03-31T20:00:00Z,4093.2172314814816
2019-03-31T21:00:00Z,4093.871037037037
2019-03-31T22:00:00Z,4093.776861111111
2019-03-31T23:00:00Z,4094.0436851851846
2019-04-01T00:00:00Z,4099.643194444445
2019-04-01T01:00:00Z,4108.288472222222
2019-04-01T02:00:00Z,4117.976083333332
2019-04-01T03:00:00Z,4126.894509259259
2019-04-01T04:00:00Z,4131.513407407408
2019-04-01T05:00:00Z,4131.679101851852
2019-04-01T06:00:00Z,4130.2804074074065
2019-04-01T07:00:00Z,4127.345851851852
2019-04-01T08:00:00Z,4124.822231481481
2019-04-01T09:00:00Z,4122.608185185185
2019-04-01T10:00:00Z,4119.596712962962
2019-04-01T11:00:00Z,4115.758657407408
2019-04-01T12:00:00Z,4116.733296296296
2019-04-01T13:00:00Z,4123.681
2019-04-01T14:00:00Z,4131.817212962963
2019-04-01T15:00:00Z,4138.7614907407415
2019-04-01T16:00:00Z,4143.182296296297
2019-04-01T17:00:00Z,4142.7870370370365
2019-04-01T18:00:00Z,4139.897638888889
2019-04-01T19:00:00Z,4135.892972222222
2019-04-01T20:00:00Z,4131.374953703703
2019-04-01T21:00:00Z,4129.62185185185
2019-04-01T22:00:00Z,4131.031685185183
2019-04-01T23:00:00Z,4134.00449074074
2019-04-02T00:00:00Z,4139.797240740741
2019-04-02T01:00:00Z,4148.086444444445
2019-04-02T02:00:00Z,4160.309935185185
2019-04-02T03:00:00Z,4172.698157407408
2019-04-02T04:00:00Z,4329.521916666667
2019-04-02T05:00:00Z,4557.594620370371
2019-04-02T06:00:00Z,4759.020435185186
2019-04-02T07:00:00Z,4858.010435185185
2019-04-02T08:00:00Z,4855.62425
2019-04-02T09:00:00Z,4838.623425925926
2019-04-02T10:00:00Z,4826.880203703704
2019-04-02T11:00:00Z,4822.211907407408
2019-04-02T12:00:00Z,4822.893388888889
2019-04-02T13:00:00Z,4821.512824074074
2019-04-02T14:00:00Z,4803.101518518518
2019-04-02T15:00:00Z,4775.864962962963
2019-04-02T16:00:00Z,4747.373537037037
2019-04-02T17:00:00Z,4724.599407407407
2019-04-02T18:00:00Z,4717.780490740741
2019-04-02T19:00:00Z,4728.250166666667
2019-04-02T20:00:00Z,4757.634611111112
2019-04-02T21:00:00Z,4785.224027777777
2019-04-02T22:00:00Z,4813.9255370370365
2019-04-02T23:00:00Z,4855.852564814814
2019-04-03T00:00:00Z,4919.17386111111
2019-04-03T01:00:00Z,4976.9849629629625
2019-04-03T02:00:00Z,5042.320824074074
2019-04-03T03:00:00Z,5085.621425925926
2019-04-03T04:00:00Z,5063.4253333333345
2019-04-03T05:00:00Z,5015.942277777778
2019-04-03T06:00:00Z,4973.155212962963
2019-04-03T07:00:00Z,4951.661703703705
2019-04-03T08:00:00Z,4948.589101851852
2019-04-03T09:00:00Z,4955.936833333334
2019-04-03T10:00:00Z,4958.367055555555
2019-04-03T11:00:00Z,4961.872944444444
2019-04-03T12:00:00Z,4977.400259259259
2019-04-03T13:00:00Z,5006.461222222221
2019-04-03T14:00:00Z,5027.002027777777
2019-04-03T15:00:00Z,5034.312333333332
2019-04-03T16:00:00Z,5065.294907407409
2019-04-03T17:00:00Z,5104.174712962965
2019-04-03T18:00:00Z,5144.797509259261
2019-04-03T19:00:00Z,5168.806240740742
2019-04-03T20:00:00Z,5219.775166666666
2019-04-03T21:00:00Z,5244.354537037036
2019-04-03T22:00:00Z,5223.127018518517
2019-04-03T23:00:00Z,5132.544814814814
2019-04-04T00:00:00Z,5041.390333333333
2019-04-04T01:00:00Z,4973.309953703704
2019-04-04T02:00:00Z,4952.48537037037
2019-04-04T03:00:00Z,4947.838148148149
2019-04-04T04:00:00Z,4959.95475925926
2019-04-04T05:00:00Z,4983.055675925926
2019-04-04T06:00:00Z,5012.4534814814815
2019-04-04T07:00:00Z,5034.560083333334
2019-04-04T08:00:00Z,5042.261231481482
2019-04-04T09:00:00Z,5035.700074074074
2019-04-04T10:00:00Z,5008.934546296296
2019-04-04T11:00:00Z,4988.022407407408
2019-04-04T12:00:00Z,4985.825296296297
2019-04-04T13:00:00Z,4995.607064814815
2019-04-04T14:00:00Z,5005.551990740741
2019-04-04T15:00:00Z,5009.198138888888
2019-04-04T16:00:00Z,4987.881305555555
2019-04-04T17:00:00Z,4946.207324074073
2019-04-04T18:00:00Z,4893.463972222223
2019-04-04T19:00:00Z,4840.286962962963
2019-04-04T20:00:00Z,4811.396490740742
2019-04-04T21:00:00Z,4830.203277777779
2019-04-04T22:00:00Z,4859.052703703705
2019-04-04T23:00:00Z,4890.120694444445
2019-04-05T00:00:00Z,4919.912861111111
2019-04-05T01:00:00Z,4933.550518518518
2019-04-05T02:00:00Z,4938.749240740741
2019-04-05T03:00:00Z,4926.8410277777775
2019-04-05T04:00:00Z,4925.385666666668
2019-04-05T05:00:00Z,4941.237564814815
2019-04-05T06:00:00Z,4952.751944444445
2019-04-05T07:00:00Z,4956.071574074074
2019-04-05T08:00:00Z,4959.092898148148
2019-04-05T09:00:00Z,4958.769018518519
2019-04-05T10:00:00Z,4961.812796296296
2019-04-05T11:00:00Z,4976.118074074075
2019-04-05T12:00:00Z,5001.164787037037
2019-04-05T13:00:00Z,5019.830314814814
2019-04-05T14:00:00Z,5020.772537037036
2019-04-05T15:00:00Z,5010.295157407408
2019-04-05T16:00:00Z,5004.393759259259
2019-04-05T17:00:00Z,5011.311268518519
2019-04-05T18:00:00Z,5022.6665555555555
2019-04-05T19:00:00Z,5027.514777777778
2019-04-05T20:00:00Z,5020.567592592593
2019-04-05T21:00:00Z,5011.154601851852
2019-04-05T22:00:00Z,5012.6371944444445
2019-04-05T23:00:00Z,5023.566249999999
2019-04-06T00:00:00Z,5028.621259259259
2019-04-06T01:00:00Z,5020.804953703704
2019-04-06T02:00:00Z,5008.878416666666
2019-04-06T03:00:00Z,4999.377537037038
2019-04-06T04:00:00Z,4998.643851851853
2019-04-06T05:00:00Z,5005.557787037037
2019-04-06T06:00:00Z,5013.463611111111
2019-04-06T07:00:00Z,5014.189962962962
2019-04-06T08:00:00Z,5006.665092592593
2019-04-06T09:00:00Z,4994.255055555556
2019-04-06T10:00:00Z,4986.379740740741
2019-04-06T11:00:00Z,4986.713231481482
2019-04-06T12:00:00Z,4994.004027777777
2019-04-06T13:00:00Z,5006.222194444444
2019-04-06T14:00:00Z,5026.087675925925
2019-04-06T15:00:00Z,5066.160546296296
2019-04-06T16:00:00Z,5127.593888888889
2019-04-06T17:00:00Z,5171.832481481481
2019-04-06T18:00:00Z,5195.585601851852
2019-04-06T19:00:00Z,5195.8218518518515
2019-04-06T20:00:00Z,5162.055398148149
2019-04-06T21:00:00Z,5097.6317685185195
2019-04-06T22:00:00Z,5037.400750000001
2019-04-06T23:00:00Z,5005.140388888889
2019-04-07T00:00:00Z,5001.353361111112
2019-04-07T01:00:00Z,5014.850592592592
2019-04-07T02:00:00Z,5054.176685185185
2019-04-07T03:00:00Z,5097.896851851852
2019-04-07T04:00:00Z,5136.953666666666
2019-04-07T05:00:00Z,5146.463574074075
2019-04-07T06:00:00Z,5142.767490740741
2019-04-07T07:00:00Z,5136.314416666668
2019-04-07T08:00:00Z,5141.981027777777
2019-04-07T09:00:00Z,5146.236435185184
2019-04-07T10:00:00Z,5140.755879629629
2019-04-07T11:00:00Z,5129.315824074074
2019-04-07T12:00:00Z,5126.200203703703
2019-04-07T13:00:00Z,5134.613314814815
2019-04-07T14:00:00Z,5141.321805555555
2019-04-07T15:00:00Z,5138.365620370371
2019-04-07T16:00:00Z,5128.130129629631
2019-04-07T17:00:00Z,5121.436055555557
2019-04-07T18:00:00Z,5120.708564814815
2019-04-07T19:00:00Z,5124.31837962963
2019-04-07T20:00:00Z,5132.273
2019-04-07T21:00:00Z,5146.133166666667
2019-04-07T22:00:00Z,5165.869074074075
2019-04-07T23:00:00Z,5186.782194444445
2019-04-08T00:00:00Z,5221.58114814815
2019-04-08T01:00:00Z,5260.444046296297
2019-04-08T02:00:00Z,5294.574277777778
2019-04-08T03:00:00Z,5302.695777777778
2019-04-08T04:00:00Z,5310.507222222222
2019-04-08T05:00:00Z,5310.1326666666655
2019-04-08T06:00:00Z,5302.3990277777775
2019-04-08T07:00:00Z,5284.439805555555
2019-04-08T08:00:00Z,5257.860601851851
2019-04-08T09:00:00Z,5243.583083333332
2019-04-08T10:00:00Z,5226.091453703703
2019-04-08T11:00:00Z,5189.871287037036
2019-04-08T12:00:00Z,5164.447249999999
2019-04-08T13:00:00Z,5154.182194444445
2019-04-08T14:00:00Z,5176.9918611111125
2019-04-08T15:00:00Z,5209.467666666668
2019-04-08T16:00:00Z,5229.141916666668
2019-04-08T17:00:00Z,5229.531157407408
2019-04-08T18:00:00Z,5219.934444444444
2019-04-08T19:00:00Z,5208.8682777777785
2019-04-08T20:00:00Z,5217.177148148148
2019-04-08T21:00:00Z,5243.200527777778
2019-04-08T22:00:00Z,5269.098657407408
2019-04-08T23:00:00Z,5290.066388888889
2019-04-09T00:00:00Z,5287.394888888889
2019-04-09T01:00:00Z,5276.028842592593
2019-04-09T02:00:00Z,5263.451638888889
2019-04-09T03:00:00Z,5250.856379629629
2019-04-09T04:00:00Z,5236.958583333333
2019-04-09T05:00:00Z,5221.603870370371
2019-04-09T06:00:00Z,5215.763324074073
2019-04-09T07:00:00Z,5214.351240740741
2019-04-09T08:00:00Z,5217.971407407407
2019-04-09T09:00:00Z,5210.529018518519
2019-04-09T10:00:00Z,5201.886750000001
2019-04-09T11:00:00Z,5196.459027777778
2019-04-09T12:00:00Z,5191.548564814814
2019-04-09T13:00:00Z,5194.150453703704
2019-04-09T14:00:00Z,5197.9170555555565
2019-04-09T15:00:00Z,5203.59587037037
2019-04-09T16:00:00Z,5214.497787037038
2019-04-09T17:00:00Z,5219.584925925926
2019-04-09T18:00:00Z,5222.810351851852
2019-04-09T19:00:00Z,5221.434101851852
2019-04-09T20:00:00Z,5220.203324074074
2019-04-09T21:00:00Z,5218.544833333333
2019-04-09T22:00:00Z,5210.504814814815
2019-04-09T23:00:00Z,5199.730138888889
2019-04-10T00:00:00Z,5193.855675925926
2019-04-10T01:00:00Z,5203.882314814815
2019-04-10T02:00:00Z,5219.529379629629
2019-04-10T03:00:00Z,5229.9101666666675
2019-04-10T04:00:00Z,5235.307583333334
2019-04-10T05:00:00Z,5244.289324074075
2019-04-10T06:00:00Z,5257.048370370371
2019-04-10T07:00:00Z,5262.6315092592595
2019-04-10T08:00:00Z,5261.896231481482
2019-04-10T09:00:00Z,5256.859231481482
2019-04-10T10:00:00Z,5250.532731481482
2019-04-10T11:00:00Z,5245.062842592593
2019-04-10T12:00:00Z,5251.415101851852
2019-04-10T13:00:00Z,5261.021490740742
2019-04-10T14:00:00Z,5270.989101851852
2019-04-10T15:00:00Z,5279.345333333334
2019-04-10T16:00:00Z,5281.3133240740735
2019-04-10T17:00:00Z,5286.376407407407
2019-04-10T18:00:00Z,5325.568759259259
2019-04-10T19:00:00Z,5375.472842592592
2019-04-10T20:00:00Z,5388.187314814815
2019-04-10T21:00:00Z,5364.645675925926
2019-04-10T22:00:00Z,5322.664712962963
2019-04-10T23:00:00Z,5298.545527777777
2019-04-11T00:00:00Z,5292.794555555555
2019-04-11T01:00:00Z,5294.743055555556
2019-04-11T02:00:00Z,5297.07399074074
2019-04-11T03:00:00Z,5265.88711111111
2019-04-11T04:00:00Z,5231.102638888889
2019-04-11T05:00:00Z,5202.544009259259
2019-04-11T06:00:00Z,5191.874574074074
2019-04-11T07:00:00Z,5190.714453703705
2019-04-11T08:00:00Z,5192.2498796296295
2019-04-11T09:00:00Z,5155.215870370371
2019-04-11T10:00:00Z,5104.424564814814
2019-04-11T11:00:00Z,5051.729453703704
2019-04-11T12:00:00Z,5018.5615
2019-04-11T13:00:00Z,5003.490481481483
2019-04-11T14:00:00Z,5006.362444444446
2019-04-11T15:00:00Z,5015.927953703705
2019-04-11T16:00:00Z,5030.734324074075
2019-04-11T17:00:00Z,5045.433462962963
2019-04-11T18:00:00Z,5063.315638888888
2019-04-11T19:00:00Z,5076.482657407406
2019-04-11T20:00:00Z,5077.009249999999
2019-04-11T21:00:00Z,5060.945240740741
2019-04-11T22:00:00Z,5045.49975
2019-04-11T23:00:00Z,5035.805675925927
2019-04-12T00:00:00Z,5028.7799537037035
2019-04-12T01:00:00Z,5005.172
2019-04-12T02:00:00Z,4987.4870740740735
2019-04-12T03:00:00Z,4986.685962962963
2019-04-12T04:00:00Z,5002.266287037037
2019-04-12T05:00:00Z,5019.434407407407
2019-04-12T06:00:00Z,5029.707064814816
2019-04-12T07:00:00Z,5035.2551018518525
2019-04-12T08:00:00Z,5034.047740740741
2019-04-12T09:00:00Z,5033.080055555555
2019-04-12T10:00:00Z,5045.690851851852
2019-04-12T11:00:00Z,5064.1795833333335
2019-04-12T12:00:00Z,5084.642601851853
2019-04-12T13:00:00Z,5091.905157407407
2019-04-12T14:00:00Z,5092.975194444444
2019-04-12T15:00:00Z,5087.223499999999
2019-04-12T16:00:00Z,5083.674712962963
2019-04-12T17:00:00Z,5079.333324074075
2019-04-12T18:00:00Z,5072.809768518519
2019-04-12T19:00:00Z,5064.411555555556
2019-04-12T20:00:00Z,5052.417629629629
2019-04-12T21:00:00Z,5048.164851851851
2019-04-12T22:00:00Z,5057.235972222222
2019-04-12T23:00:00Z,5071.239611111111
2019-04-13T00:00:00Z,5077.8725
2019-04-13T01:00:00Z,5080.140925925926
2019-04-13T02:00:00Z,5087.730268518519
2019-04-13T03:00:00Z,5100.025537037037
2019-04-13T04:00:00Z,5113.4795185185185
2019-04-13T05:00:00Z,5121.524962962964
2019-04-13T06:00:00Z,5122.528851851852
2019-04-13T07:00:00Z,5114.465574074074
2019-04-13T08:00:00Z,5100.525583333333
2019-04-13T09:00:00Z,5084.9679259259265
2019-04-13T10:00:00Z,5065.600305555557
2019-04-13T11:00:00Z,5053.426296296298
2019-04-13T12:00:00Z,5054.0117129629625
2019-04-13T13:00:00Z,5062.611583333334
2019-04-13T14:00:00Z,5079.727444444446
2019-04-13T15:00:00Z,5091.3360648148155
2019-04-13T16:00:00Z,5095.100555555556
2019-04-13T17:00:00Z,5097.188296296295
2019-04-13T18:00:00Z,5096.531629629629
2019-04-13T19:00:00Z,5091.286861111111
2019-04-13T20:00:00Z,5085.967583333334
2019-04-13T21:00:00Z,5079.284842592593
2019-04-13T22:00:00Z,5071.887472222222
2019-04-13T23:00:00Z,5065.884805555556
2019-04-14T00:00:00Z,5065.514759259259
2019-04-14T01:00:00Z,5067.487759259259
2019-04-14T02:00:00Z,5064.4553796296295
2019-04-14T03:00:00Z,5058.816111111112
2019-04-14T04:00:00Z,5053.381685185186
2019-04-14T05:00:00Z,5048.188805555556
2019-04-14T06:00:00Z,5041.910527777779
2019-04-14T07:00:00Z,5043.717620370371
2019-04-14T08:00:00Z,5049.9627222222225
2019-04-14T09:00:00Z,5061.239111111113
2019-04-14T10:00:00Z,5070.694944444444
2019-04-14T11:00:00Z,5074.748527777778
2019-04-14T12:00:00Z,5075.416175925926
2019-04-14T13:00:00Z,5075.774416666666
2019-04-14T14:00:00Z,5076.92212962963
2019-04-14T15:00:00Z,5079.171574074074
2019-04-14T16:00:00Z,5081.376416666667
2019-04-14T17:00:00Z,5086.273037037037
2019-04-14T18:00:00Z,5096.178166666667
2019-04-14T19:00:00Z,5100.452481481481
2019-04-14T20:00:00Z,5099.875037037037
2019-04-14T21:00:00Z,5100.598148148148
2019-04-14T22:00:00Z,5119.640583333333
2019-04-14T23:00:00Z,5146.273388888889
2019-04-15T00:00:00Z,5167.030046296298
2019-04-15T01:00:00Z,5178.114620370371
2019-04-15T02:00:00Z,5180.360916666667
2019-04-15T03:00:00Z,5177.076574074074
2019-04-15T04:00:00Z,5178.757611111111
2019-04-15T05:00:00Z,5177.9141944444455
2019-04-15T06:00:00Z,5174.529314814816
2019-04-15T07:00:00Z,5168.518527777778
2019-04-15T08:00:00Z,5160.300824074075
2019-04-15T09:00:00Z,5156.248833333334
2019-04-15T10:00:00Z,5148.608916666667
2019-04-15T11:00:00Z,5140.077814814816
2019-04-15T12:00:00Z,5136.314990740741
2019-04-15T13:00:00Z,5136.973805555556
2019-04-15T14:00:00Z,5143.386194444445
2019-04-15T15:00:00Z,5151.847324074075
2019-04-15T16:00:00Z,5150.731379629629
2019-04-15T17:00:00Z,5121.646037037038
2019-04-15T18:00:00Z,5079.752240740741
2019-04-15T19:00:00Z,5032.795055555555
2019-04-15T20:00:00Z,5002.526583333333
2019-04-15T21:00:00Z,4991.749601851851
2019-04-15T22:00:00Z,5001.007787037037
2019-04-15T23:00:00Z,5015.209064814815
2019-04-16T00:00:00Z,5031.492962962963
2019-04-16T01:00:00Z,5044.72125
2019-04-16T02:00:00Z,5049.57874074074
2019-04-16T03:00:00Z,5052.445546296297
2019-04-16T04:00:00Z,5055.340287037038
2019-04-16T05:00:00Z,5063.064194444444
2019-04-16T06:00:00Z,5069.423
2019-04-16T07:00:00Z,5074.26486111111
2019-04-16T08:00:00Z,5076.605731481482
2019-04-16T09:00:00Z,5079.9409074074065
2019-04-16T10:00:00Z,5076.170620370369
2019-04-16T11:00:00Z,5072.160277777776
2019-04-16T12:00:00Z,5058.2084722222235
2019-04-16T13:00:00Z,5044.158083333334
2019-04-16T14:00:00Z,5039.381472222222
2019-04-16T15:00:00Z,5050.316092592594
2019-04-16T16:00:00Z,5068.970546296296
2019-04-16T17:00:00Z,5122.398722222221
2019-04-16T18:00:00Z,5174.326
2019-04-16T19:00:00Z,5212.665203703705
2019-04-16T20:00:00Z,5225.320824074075
2019-04-16T21:00:00Z,5224.160157407408
2019-04-16T22:00:00Z,5217.536962962964
2019-04-16T23:00:00Z,5212.521194444445
2019-04-17T00:00:00Z,5217.1504629629635
2019-04-17T01:00:00Z,5222.714444444445
2019-04-17T02:00:00Z,5228.361537037038
2019-04-17T03:00:00Z,5232.600740740741
2019-04-17T04:00:00Z,5236.031916666667
2019-04-17T05:00:00Z,5235.922962962963
2019-04-17T06:00:00Z,5228.863203703704
2019-04-17T07:00:00Z,5220.831731481482
2019-04-17T08:00:00Z,5210.250222222222
2019-04-17T09:00:00Z,5205.152759259258
2019-04-17T10:00:00Z,5209.604481481481
2019-04-17T11:00:00Z,5224.870805555555
2019-04-17T12:00:00Z,5225.883444444444
2019-04-17T13:00:00Z,5221.147601851852
2019-04-17T14:00:00Z,5213.072222222222
2019-04-17T15:00:00Z,5206.746537037037
2019-04-17T16:00:00Z,5206.576787037037
2019-04-17T17:00:00Z,5212.187740740741
2019-04-17T18:00:00Z,5219.596564814816
2019-04-17T19:00:00Z,5229.1239629629645
2019-04-17T20:00:00Z,5231.954240740742
2019-04-17T21:00:00Z,5233.242333333333
2019-04-17T22:00:00Z,5229.72887962963
2019-04-17T23:00:00Z,5228.8486203703715
2019-04-18T00:00:00Z,5229.436898148148
2019-04-18T01:00:00Z,5241.98373148148
2019-04-18T02:00:00Z,5257.40512037037
2019-04-18T03:00:00Z,5272.328648148147
2019-04-18T04:00:00Z,5282.765287037037
2019-04-18T05:00:00Z,5282.081953703703
2019-04-18T06:00:00Z,5278.0401111111105
2019-04-18T07:00:00Z,5271.972444444443
2019-04-18T08:00:00Z,5261.584231481481
2019-04-18T09:00:00Z,5251.648935185185
2019-04-18T10:00:00Z,5242.837712962963
2019-04-18T11:00:00Z,5236.250027777778
2019-04-18T12:00:00Z,5237.136638888888
2019-04-18T13:00:00Z,5245.973675925925
2019-04-18T14:00:00Z,5253.147157407408
2019-04-18T15:00:00Z,5256.917638888888
2019-04-18T16:00:00Z,5259.127629629631
2019-04-18T17:00:00Z,5261.564935185186
2019-04-18T18:00:00Z,5267.109157407408
2019-04-18T19:00:00Z,5278.584259259259
2019-04-18T20:00:00Z,5295.169999999999
2019-04-18T21:00:00Z,5305.964972222221
2019-04-18T22:00:00Z,5306.281611111111
2019-04-18T23:00:00Z,5298.205277777777
2019-04-19T00:00:00Z,5285.808212962963
2019-04-19T01:00:00Z,5259.726250000001
2019-04-19T02:00:00Z,5232.1346018518525
2019-04-19T03:00:00Z,5214.603944444444
2019-04-19T04:00:00Z,5212.543157407407
2019-04-19T05:00:00Z,5219.027638888888
2019-04-19T06:00:00Z,5228.604907407406
2019-04-19T07:00:00Z,5238.307851851851
2019-04-19T08:00:00Z,5250.545361111111
2019-04-19T09:00:00Z,5259.293305555556
2019-04-19T10:00:00Z,5263.221361111111
2019-04-19T11:00:00Z,5263.79937962963
2019-04-19T12:00:00Z,5259.037907407408
2019-04-19T13:00:00Z,5253.7044444444455
2019-04-19T14:00:00Z,5248.665324074075
2019-04-19T15:00:00Z,5256.440212962963
2019-04-19T16:00:00Z,5269.351175925926
2019-04-19T17:00:00Z,5280.965342592593
2019-04-19T18:00:00Z,5291.828194444444
2019-04-19T19:00:00Z,5299.7818240740735
2019-04-19T20:00:00Z,5296.61749074074
2019-04-19T21:00:00Z,5287.556564814815
2019-04-19T22:00:00Z,5279.512712962964
2019-04-19T23:00:00Z,5278.2240648148145
2019-04-20T00:00:00Z,5282.254518518518
2019-04-20T01:00:00Z,5293.229944444444
2019-04-20T02:00:00Z,5302.047537037038
2019-04-20T03:00:00Z,5308.238092592593
2019-04-20T04:00:00Z,5316.729101851853
2019-04-20T05:00:00Z,5325.245944444444
2019-04-20T06:00:00Z,5330.890453703704
2019-04-20T07:00:00Z,5334.390203703703
2019-04-20T08:00:00Z,5332.91250925926
2019-04-20T09:00:00Z,5328.758824074074
2019-04-20T10:00:00Z,5322.0907962962965
2019-04-20T11:00:00Z,5314.677962962964
2019-04-20T12:00:00Z,5311.642101851853
2019-04-20T13:00:00Z,5312.542592592593
2019-04-20T14:00:00Z,5313.791981481482
2019-04-20T15:00:00Z,5315.569361111112
2019-04-20T16:00:00Z,5319.671638888888
2019-04-20T17:00:00Z,5318.448333333333
2019-04-20T18:00:00Z,5316.384185185185
2019-04-20T19:00:00Z,5315.818712962963
2019-04-20T20:00:00Z,5316.519194444444
2019-04-20T21:00:00Z,5304.9049629629635
2019-04-20T22:00:00Z,5293.716259259259
2019-04-20T23:00:00Z,5293.498314814815
2019-04-21T00:00:00Z,5305.667361111112
2019-04-21T01:00:00Z,5321.999675925927
2019-04-21T02:00:00Z,5334.787509259259
2019-04-21T03:00:00Z,5341.042203703705
2019-04-21T04:00:00Z,5340.64612037037
2019-04-21T05:00:00Z,5332.388092592594
2019-04-21T06:00:00Z,5325.115611111111
2019-04-21T07:00:00Z,5318.351092592593
2019-04-21T08:00:00Z,5311.961194444444
2019-04-21T09:00:00Z,5290.333777777778
2019-04-21T10:00:00Z,5267.842166666668
2019-04-21T11:00:00Z,5250.526296296298
2019-04-21T12:00:00Z,5240.841824074075
2019-04-21T13:00:00Z,5243.949305555555
2019-04-21T14:00:00Z,5253.3566481481475
2019-04-21T15:00:00Z,5267.028953703703
2019-04-21T16:00:00Z,5275.284518518518
2019-04-21T17:00:00Z,5275.741712962963
2019-04-21T18:00:00Z,5262.597398148148
2019-04-21T19:00:00Z,5252.218296296297
2019-04-21T20:00:00Z,5242.8926666666675
2019-04-21T21:00:00Z,5247.697675925927
2019-04-21T22:00:00Z,5265.23125925926
2019-04-21T23:00:00Z,5285.924083333334
2019-04-22T00:00:00Z,5300.349287037036
2019-04-22T01:00:00Z,5297.845129629629
2019-04-22T02:00:00Z,5284.824537037037
2019-04-22T03:00:00Z,5268.6821759259265
2019-04-22T04:00:00Z,5262.788583333334
2019-04-22T05:00:00Z,5264.7735648148155
2019-04-22T06:00:00Z,5274.236333333333
2019-04-22T07:00:00Z,5282.235814814815
2019-04-22T08:00:00Z,5288.2699999999995
2019-04-22T09:00:00Z,5295.413546296296
2019-04-22T10:00:00Z,5305.7264351851845
2019-04-22T11:00:00Z,5314.069509259259
2019-04-22T12:00:00Z,5317.738601851851
2019-04-22T13:00:00Z,5314.295907407407
2019-04-22T14:00:00Z,5313.375703703704
2019-04-22T15:00:00Z,5312.858527777778
2019-04-22T16:00:00Z,5311.628574074074
2019-04-22T17:00:00Z,5327.690972222222
2019-04-22T18:00:00Z,5363.244888888888
2019-04-22T19:00:00Z,5394.881777777778
2019-04-22T20:00:00Z,5406.646444444445
2019-04-22T21:00:00Z,5404.604601851852
2019-04-22T22:00:00Z,5401.758462962963
2019-04-22T23:00:00Z,5398.664277777777
2019-04-23T00:00:00Z,5394.17587962963
2019-04-23T01:00:00Z,5389.608694444444
2019-04-23T02:00:00Z,5391.538675925925
2019-04-23T03:00:00Z,5406.493796296296
2019-04-23T04:00:00Z,5449.788666666666
2019-04-23T05:00:00Z,5504.07937962963
2019-04-23T06:00:00Z,5548.285212962964
2019-04-23T07:00:00Z,5571.861416666667
2019-04-23T08:00:00Z,5576.844259259259
2019-04-23T09:00:00Z,5568.577925925926
2019-04-23T10:00:00Z,5561.00499074074
2019-04-23T11:00:00Z,5557.986638888889
2019-04-23T12:00:00Z,5562.344861111112
2019-04-23T13:00:00Z,5570.52551851852
2019-04-23T14:00:00Z,5579.75451851852
2019-04-23T15:00:00Z,5581.458194444446
2019-04-23T16:00:00Z,5580.1831388888895
2019-04-23T17:00:00Z,5579.930712962962
2019-04-23T18:00:00Z,5587.751324074074
2019-04-23T19:00:00Z,5594.067351851852
2019-04-23T20:00:00Z,5593.969074074074
2019-04-23T21:00:00Z,5585.784833333335
2019-04-23T22:00:00Z,5572.90626851852
2019-04-23T23:00:00Z,5553.315990740742
2019-04-24T00:00:00Z,5536.5905648148155
2019-04-24T01:00:00Z,5529.751361111111
2019-04-24T02:00:00Z,5535.171361111112
2019-04-24T03:00:00Z,5550.638925925926
2019-04-24T04:00:00Z,5572.496453703704
2019-04-24T05:00:00Z,5594.733555555555
2019-04-24T06:00:00Z,5607.2108425925935
2019-04-24T07:00:00Z,5571.621175925925
2019-04-24T08:00:00Z,5519.282685185183
2019-04-24T09:00:00Z,5467.624685185186
2019-04-24T10:00:00Z,5424.73950925926
2019-04-24T11:00:00Z,5403.914379629629
2019-04-24T12:00:00Z,5406.066953703704
2019-04-24T13:00:00Z,5417.6346018518525
2019-04-24T14:00:00Z,5436.9906481481485
2019-04-24T15:00:00Z,5453.036361111112
2019-04-24T16:00:00Z,5455.256388888889
2019-04-24T17:00:00Z,5442.131388888888
2019-04-24T18:00:00Z,5420.185037037037
2019-04-24T19:00:00Z,5409.635731481481
2019-04-24T20:00:00Z,5413.17187037037
2019-04-24T21:00:00Z,5423.906092592592
2019-04-24T22:00:00Z,5435.904833333332
2019-04-24T23:00:00Z,5443.481175925925
2019-04-25T00:00:00Z,5450.384305555554
2019-04-25T01:00:00Z,5456.298333333332
2019-04-25T02:00:00Z,5451.748722222222
2019-04-25T03:00:00Z,5444.696055555556
2019-04-25T04:00:00Z,5434.20962037037
2019-04-25T05:00:00Z,5426.7312037037045
2019-04-25T06:00:00Z,5416.18500925926
2019-04-25T07:00:00Z,5413.495212962963
2019-04-25T08:00:00Z,5415.635416666665
2019-04-25T09:00:00Z,5419.116796296297
2019-04-25T10:00:00Z,5432.298175925927
2019-04-25T11:00:00Z,5450.200324074075
2019-04-25T12:00:00Z,5464.471407407407
2019-04-25T13:00:00Z,5470.838055555556
2019-04-25T14:00:00Z,5466.841888888889
2019-04-25T15:00:00Z,5461.25300925926
2019-04-25T16:00:00Z,5464.310416666664
2019-04-25T17:00:00Z,5476.819027777777
2019-04-25T18:00:00Z,5492.625879629629
2019-04-25T19:00:00Z,5500.495351851852
2019-04-25T20:00:00Z,5503.087749999999
2019-04-25T21:00:00Z,5469.816750000001
2019-04-25T22:00:00Z,5346.330287037036
2019-04-25T23:00:00Z,5200.826055555556
2019-04-26T00:00:00Z,5082.670842592593
2019-04-26T01:00:00Z,5035.556194444444
2019-04-26T02:00:00Z,5069.443240740741
2019-04-26T03:00:00Z,5129.140814814816
2019-04-26T04:00:00Z,5174.203888888889
2019-04-26T05:00:00Z,5196.323833333333
2019-04-26T06:00:00Z,5195.898583333333
2019-04-26T07:00:00Z,5182.1999074074065
2019-04-26T08:00:00Z,5172.386268518519
2019-04-26T09:00:00Z,5166.576694444445
2019-04-26T10:00:00Z,5163.018425925926
2019-04-26T11:00:00Z,5159.5645
2019-04-26T12:00:00Z,5161.911638888888
2019-04-26T13:00:00Z,5164.195592592591
2019-04-26T14:00:00Z,5165.405129629628
2019-04-26T15:00:00Z,5157.19012037037
2019-04-26T16:00:00Z,5134.835962962963
2019-04-26T17:00:00Z,5108.901972222222
2019-04-26T18:00:00Z,5081.552296296296
2019-04-26T19:00:00Z,5065.0957592592595
2019-04-26T20:00:00Z,5065.123
2019-04-26T21:00:00Z,5082.4863703703695
2019-04-26T22:00:00Z,5112.761425925925
2019-04-26T23:00:00Z,5142.055703703704
2019-04-27T00:00:00Z,5160.83212962963
2019-04-27T01:00:00Z,5166.859962962963
2019-04-27T02:00:00Z,5163.603398148148
2019-04-27T03:00:00Z,5156.656194444445
2019-04-27T04:00:00Z,5148.1464166666665
2019-04-27T05:00:00Z,5145.393268518518
2019-04-27T06:00:00Z,5150.890222222221
2019-04-27T07:00:00Z,5162.614888888888
2019-04-27T08:00:00Z,5169.401685185185
2019-04-27T09:00:00Z,5166.75661111111
2019-04-27T10:00:00Z,5161.444148148147
2019-04-27T11:00:00Z,5156.98124074074
2019-04-27T12:00:00Z,5153.393305555556
2019-04-27T13:00:00Z,5152.370925925926
2019-04-27T14:00:00Z,5155.9555
2019-04-27T15:00:00Z,5157.971962962963
2019-04-27T16:00:00Z,5161.849462962963
2019-04-27T17:00:00Z,5168.554055555555
2019-04-27T18:00:00Z,5173.984972222222
2019-04-27T19:00:00Z,5186.779722222221
2019-04-27T20:00:00Z,5199.464592592592
2019-04-27T21:00:00Z,5210.060453703704
2019-04-27T22:00:00Z,5213.6952129629635
2019-04-27T23:00:00Z,5202.591500000001
2019-04-28T00:00:00Z,5189.847851851852
2019-04-28T01:00:00Z,5179.442287037037
2019-04-28T02:00:00Z,5169.663101851852
2019-04-28T03:00:00Z,5165.727231481482
2019-04-28T04:00:00Z,5163.335379629629
2019-04-28T05:00:00Z,5164.9435185185175
2019-04-28T06:00:00Z,5168.235222222221
2019-04-28T07:00:00Z,5173.848916666667
2019-04-28T08:00:00Z,5179.712666666667
2019-04-28T09:00:00Z,5182.691564814815
2019-04-28T10:00:00Z,5188.197981481481
2019-04-28T11:00:00Z,5197.887
2019-04-28T12:00:00Z,5203.258314814815
2019-04-28T13:00:00Z,5193.877361111111
2019-04-28T14:00:00Z,5177.5876944444435
2019-04-28T15:00:00Z,5171.993425925926
2019-04-28T16:00:00Z,5173.6833703703705
2019-04-28T17:00:00Z,5177.787342592593
2019-04-28T18:00:00Z,5176.302685185185
2019-04-28T19:00:00Z,5163.750444444445
2019-04-28T20:00:00Z,5144.392953703703
2019-04-28T21:00:00Z,5129.824564814814
2019-04-28T22:00:00Z,5128.717851851851
2019-04-28T23:00:00Z,5137.876305555555
2019-04-29T00:00:00Z,5154.40262037037
2019-04-29T01:00:00Z,5170.011749999999
2019-04-29T02:00:00Z,5180.191777777776
2019-04-29T03:00:00Z,5184.81847222222
2019-04-29T04:00:00Z,5187.8457222222205
2019-04-29T05:00:00Z,5187.603055555554
2019-04-29T06:00:00Z,5185.825675925926
2019-04-29T07:00:00Z,5178.02287962963
2019-04-29T08:00:00Z,5169.652398148149
2019-04-29T09:00:00Z,5161.489027777778
2019-04-29T10:00:00Z,5151.921083333334
2019-04-29T11:00:00Z,5146.520935185186
2019-04-29T12:00:00Z,5137.519861111113
2019-04-29T13:00:00Z,5132.405574074074
2019-04-29T14:00:00Z,5136.184648148148
2019-04-29T15:00:00Z,5139.9826111111115
2019-04-29T16:00:00Z,5146.868555555557
2019-04-29T17:00:00Z,5150.616953703704
2019-04-29T18:00:00Z,5153.530546296296
2019-04-29T19:00:00Z,5155.325777777779
2019-04-29T20:00:00Z,5148.937555555557
2019-04-29T21:00:00Z,5139.736481481483
2019-04-29T22:00:00Z,5128.147268518519
2019-04-29T23:00:00Z,5127.811222222223
2019-04-30T00:00:00Z,5135.404777777779
2019-04-30T01:00:00Z,5147.980814814816
2019-04-30T02:00:00Z,5157.966925925927
2019-04-30T03:00:00Z,5159.921259259259
2019-04-30T04:00:00Z,5152.359944444444
2019-04-30T05:00:00Z,5142.932916666666
2019-04-30T06:00:00Z,5137.272435185185
2019-04-30T07:00:00Z,5138.0060185185175
2019-04-30T08:00:00Z,5145.347009259259
2019-04-30T09:00:00Z,5151.515472222222
2019-04-30T10:00:00Z,5165.060916666666
2019-04-30T11:00:00Z,5187.927
2019-04-30T12:00:00Z,5210.041148148148
2019-04-30T13:00:00Z,5237.213203703704
2019-04-30T14:00:00Z,5260.887203703703
2019-04-30T15:00:00Z,5276.022888888888
2019-04-30T16:00:00Z,5277.051333333333
2019-04-30T17:00:00Z,5264.009287037036
2019-04-30T18:00:00Z,5252.85823148148
2019-04-30T19:00:00Z,5243.106749999999
2019-04-30T20:00:00Z,5238.116407407407
2019-04-30T21:00:00Z,5242.3559444444445
2019-04-30T22:00:00Z,5257.629018518518
2019-04-30T23:00:00Z,5271.7127037037035
2019-05-01T00:00:00Z,5288.693092592593
2019-05-01T01:00:00Z,5302.577101851852
2019-05-01T02:00:00Z,5318.092546296296
2019-05-01T03:00:00Z,5327.962851851851
2019-05-01T04:00:00Z,5329.2283333333335
2019-05-01T05:00:00Z,5326.711148148148
2019-05-01T06:00:00Z,5323.728185185184
2019-05-01T07:00:00Z,5319.331935185184
2019-05-01T08:00:00Z,5309.288648148148
2019-05-01T09:00:00Z,5301.319675925925
2019-05-01T10:00:00Z,5297.424342592592
2019-05-01T11:00:00Z,5301.401842592592
2019-05-01T12:00:00Z,5301.730833333334
2019-05-01T13:00:00Z,5297.73511111111
2019-05-01T14:00:00Z,5289.823925925925
2019-05-01T15:00:00Z,5286.309972222222
2019-05-01T16:00:00Z,5285.96562962963
2019-05-01T17:00:00Z,5305.33975
2019-05-01T18:00:00Z,5318.2427685185185
2019-05-01T19:00:00Z,5321.513435185186
2019-05-01T20:00:00Z,5317.337212962962
2019-05-01T21:00:00Z,5307.583870370369
2019-05-01T22:00:00Z,5300.572444444443
2019-05-01T23:00:00Z,5303.766398148148
2019-05-02T00:00:00Z,5311.5893703703705
2019-05-02T01:00:00Z,5318.515481481481
2019-05-02T02:00:00Z,5323.914287037037
2019-05-02T03:00:00Z,5328.341972222223
2019-05-02T04:00:00Z,5329.040916666668
2019-05-02T05:00:00Z,5329.208546296298
2019-05-02T06:00:00Z,5328.823018518518
2019-05-02T07:00:00Z,5331.969407407407
2019-05-02T08:00:00Z,5347.522296296295
2019-05-02T09:00:00Z,5358.502944444444
2019-05-02T10:00:00Z,5365.223953703704
2019-05-02T11:00:00Z,5369.064953703703
2019-05-02T12:00:00Z,5371.080518518519
2019-05-02T13:00:00Z,5374.235287037038
2019-05-02T14:00:00Z,5378.248537037038
2019-05-02T15:00:00Z,5389.752990740742
2019-05-02T16:00:00Z,5394.222537037037
2019-05-02T17:00:00Z,5397.228481481482
2019-05-02T18:00:00Z,5395.362268518519
2019-05-02T19:00:00Z,5395.922657407406
2019-05-02T20:00:00Z,5400.758648148148
2019-05-02T21:00:00Z,5405.066768518517
2019-05-02T22:00:00Z,5405.829907407407
2019-05-02T23:00:00Z,5400.696666666666
2019-05-03T00:00:00Z,5399.62662037037
2019-05-03T01:00:00Z,5407.632324074075
2019-05-03T02:00:00Z,5432.790111111112
2019-05-03T03:00:00Z,5459.050666666666
2019-05-03T04:00:00Z,5482.2598148148145
2019-05-03T05:00:00Z,5497.739018518518
2019-05-03T06:00:00Z,5512.364592592593
2019-05-03T07:00:00Z,5544.050537037037
2019-05-03T08:00:00Z,5605.474833333334
2019-05-03T09:00:00Z,5699.841555555555
2019-05-03T10:00:00Z,5753.960435185186
2019-05-03T11:00:00Z,5769.467527777779
2019-05-03T12:00:00Z,5755.953685185185
2019-05-03T13:00:00Z,5745.374953703705
2019-05-03T14:00:00Z,5739.797074074075
2019-05-03T15:00:00Z,5733.566481481481
2019-05-03T16:00:00Z,5718.664722222221
2019-05-03T17:00:00Z,5694.283212962963
2019-05-03T18:00:00Z,5679.579685185186
2019-05-03T19:00:00Z,5669.81737962963
2019-05-03T20:00:00Z,5671.528796296297
2019-05-03T21:00:00Z,5679.003962962961
2019-05-03T22:00:00Z,5682.062453703703
2019-05-03T23:00:00Z,5675.959101851851
2019-05-04T00:00:00Z,5688.4302870370375
2019-05-04T01:00:00Z,5728.654277777777
2019-05-04T02:00:00Z,5766.80838888889
2019-05-04T03:00:00Z,5782.718907407408
2019-05-04T04:00:00Z,5764.992833333333
2019-05-04T05:00:00Z,5732.766953703704
2019-05-04T06:00:00Z,5713.839046296295
2019-05-04T07:00:00Z,5715.483731481482
2019-05-04T08:00:00Z,5724.862462962963
2019-05-04T09:00:00Z,5727.189490740743
2019-05-04T10:00:00Z,5723.68450925926
2019-05-04T11:00:00Z,5720.7880277777795
2019-05-04T12:00:00Z,5714.958212962963
2019-05-04T13:00:00Z,5668.231564814814
2019-05-04T14:00:00Z,5608.779749999999
2019-05-04T15:00:00Z,5552.197481481481
2019-05-04T16:00:00Z,5527.798425925927
2019-05-04T17:00:00Z,5535.455796296297
2019-05-04T18:00:00Z,5556.8164166666675
2019-05-04T19:00:00Z,5582.977759259258
2019-05-04T20:00:00Z,5626.073685185183
2019-05-04T21:00:00Z,5698.679370370369
2019-05-04T22:00:00Z,5780.372675925925
2019-05-04T23:00:00Z,5827.355490740739
2019-05-05T00:00:00Z,5830.400166666665
2019-05-05T01:00:00Z,5799.812148148148
2019-05-05T02:00:00Z,5763.457324074075
2019-05-05T03:00:00Z,5744.490175925927
2019-05-05T04:00:00Z,5730.89226851852
2019-05-05T05:00:00Z,5730.361212962963
2019-05-05T06:00:00Z,5732.421712962962
2019-05-05T07:00:00Z,5725.186509259259
2019-05-05T08:00:00Z,5717.099231481482
2019-05-05T09:00:00Z,5705.68575
2019-05-05T10:00:00Z,5708.133037037037
2019-05-05T11:00:00Z,5711.114055555555
2019-05-05T12:00:00Z,5720.998518518519
2019-05-05T13:00:00Z,5729.513444444444
2019-05-05T14:00:00Z,5731.937407407408
2019-05-05T15:00:00Z,5727.2782962962965
2019-05-05T16:00:00Z,5715.623574074074
2019-05-05T17:00:00Z,5695.450768518519
2019-05-05T18:00:00Z,5689.600833333333
2019-05-05T19:00:00Z,5691.395435185185
2019-05-05T20:00:00Z,5717.206657407406
2019-05-05T21:00:00Z,5743.736499999999
2019-05-05T22:00:00Z,5748.954398148147
2019-05-05T23:00:00Z,5739.104537037037
2019-05-06T00:00:00Z,5709.20312037037
2019-05-06T01:00:00Z,5664.111175925927
2019-05-06T02:00:00Z,5623.049805555555
2019-05-06T03:00:00Z,5599.561361111111
2019-05-06T04:00:00Z,5604.899212962961
2019-05-06T05:00:00Z,5622.33175
2019-05-06T06:00:00Z,5631.512398148149
2019-05-06T07:00:00Z,5618.772981481482
2019-05-06T08:00:00Z,5600.846370370372
2019-05-06T09:00:00Z,5597.209083333335
2019-05-06T10:00:00Z,5603.75750925926
2019-05-06T11:00:00Z,5620.738564814816
2019-05-06T12:00:00Z,5628.385407407407
2019-05-06T13:00:00Z,5633.94736111111
2019-05-06T14:00:00Z,5641.304842592593
2019-05-06T15:00:00Z,5650.890907407407
2019-05-06T16:00:00Z,5673.470018518518
2019-05-06T17:00:00Z,5696.065277777779
2019-05-06T18:00:00Z,5724.550148148148
2019-05-06T19:00:00Z,5745.747037037036
2019-05-06T20:00:00Z,5743.4506388888885
2019-05-06T21:00:00Z,5725.6767129629625
2019-05-06T22:00:00Z,5708.30762962963
2019-05-06T23:00:00Z,5693.899731481481
2019-05-07T00:00:00Z,5703.522185185185
2019-05-07T01:00:00Z,5726.100148148148
2019-05-07T02:00:00Z,5799.286925925927
2019-05-07T03:00:00Z,5873.255703703704
2019-05-07T04:00:00Z,5924.207564814814
2019-05-07T05:00:00Z,5939.224824074074
2019-05-07T06:00:00Z,5928.28626851852
2019-05-07T07:00:00Z,5909.99037962963
2019-05-07T08:00:00Z,5891.281444444445
2019-05-07T09:00:00Z,5889.021212962963
2019-05-07T10:00:00Z,5891.86348148148
2019-05-07T11:00:00Z,5895.700388888889
2019-05-07T12:00:00Z,5902.19398148148
2019-05-07T13:00:00Z,5919.239379629628
2019-05-07T14:00:00Z,5905.17462962963
2019-05-07T15:00:00Z,5883.9809537037045
2019-05-07T16:00:00Z,5871.54000925926
2019-05-07T17:00:00Z,5871.722518518519
2019-05-07T18:00:00Z,5877.241555555556
2019-05-07T19:00:00Z,5869.803925925927
2019-05-07T20:00:00Z,5856.312037037038
2019-05-07T21:00:00Z,5855.11986111111
2019-05-07T22:00:00Z,5866.512518518517
2019-05-07T23:00:00Z,5839.340314814814
2019-05-08T00:00:00Z,5798.888592592592
2019-05-08T01:00:00Z,5767.106444444445
2019-05-08T02:00:00Z,5756.587675925926
2019-05-08T03:00:00Z,5761.171879629629
2019-05-08T04:00:00Z,5777.583722222221
2019-05-08T05:00:00Z,5791.531749999999
2019-05-08T06:00:00Z,5808.917564814816
2019-05-08T07:00:00Z,5822.249787037038
2019-05-08T08:00:00Z,5823.785509259261
2019-05-08T09:00:00Z,5820.208555555556
2019-05-08T10:00:00Z,5820.953388888888
2019-05-08T11:00:00Z,5830.793564814815
2019-05-08T12:00:00Z,5844.6961296296295
2019-05-08T13:00:00Z,5858.101296296297
2019-05-08T14:00:00Z,5866.502018518519
2019-05-08T15:00:00Z,5879.434018518518
2019-05-08T16:00:00Z,5885.883712962964
2019-05-08T17:00:00Z,5888.7370740740735
2019-05-08T18:00:00Z,5888.935916666666
2019-05-08T19:00:00Z,5893.513
2019-05-08T20:00:00Z,5900.716592592594
2019-05-08T21:00:00Z,5905.870916666667
2019-05-08T22:00:00Z,5917.536500000001
2019-05-08T23:00:00Z,5931.966240740741
2019-05-09T00:00:00Z,5968.2172500000015
2019-05-09T01:00:00Z,6017.253305555555
2019-05-09T02:00:00Z,6056.0824629629615
2019-05-09T03:00:00Z,6072.987129629629
2019-05-09T04:00:00Z,6077.707333333333
2019-05-09T05:00:00Z,6072.113370370372
2019-05-09T06:00:00Z,6070.306740740741
2019-05-09T07:00:00Z,6068.080425925925
2019-05-09T08:00:00Z,6063.0100648148145
2019-05-09T09:00:00Z,6058.725148148147
2019-05-09T10:00:00Z,6053.635712962961
2019-05-09T11:00:00Z,6045.709712962962
2019-05-09T12:00:00Z,6027.167435185184
2019-05-09T13:00:00Z,6010.570749999999
2019-05-09T14:00:00Z,5997.059629629628
2019-05-09T15:00:00Z,5989.813259259259
2019-05-09T16:00:00Z,6003.715037037036
2019-05-09T17:00:00Z,6027.770074074074
2019-05-09T18:00:00Z,6049.282851851852
2019-05-09T19:00:00Z,6065.364537037036
2019-05-09T20:00:00Z,6077.777981481481
2019-05-09T21:00:00Z,6096.966148148148
2019-05-09T22:00:00Z,6130.662796296296
2019-05-09T23:00:00Z,6159.830111111111
2019-05-10T00:00:00Z,6164.848555555556
2019-05-10T01:00:00Z,6169.72175925926
2019-05-10T02:00:00Z,6189.2216944444435
2019-05-10T03:00:00Z,6232.7706759259245
2019-05-10T04:00:00Z,6283.715527777777
2019-05-10T05:00:00Z,6312.941564814813
2019-05-10T06:00:00Z,6321.653037037036
2019-05-10T07:00:00Z,6325.484916666665
2019-05-10T08:00:00Z,6317.735555555555
2019-05-10T09:00:00Z,6309.430287037037
2019-05-10T10:00:00Z,6294.367833333333
2019-05-10T11:00:00Z,6283.438861111113
2019-05-10T12:00:00Z,6278.642777777779
2019-05-10T13:00:00Z,6272.877833333335
2019-05-10T14:00:00Z,6263.281944444444
2019-05-10T15:00:00Z,6269.760944444443
2019-05-10T16:00:00Z,6306.697342592593
2019-05-10T17:00:00Z,6361.8161759259265
2019-05-10T18:00:00Z,6407.845407407408
2019-05-10T19:00:00Z,6423.006722222223
2019-05-10T20:00:00Z,6389.991685185186
2019-05-10T21:00:00Z,6350.712898148148
2019-05-10T22:00:00Z,6340.047101851852
2019-05-10T23:00:00Z,6343.335907407406
2019-05-11T00:00:00Z,6360.102194444444
2019-05-11T01:00:00Z,6405.539916666666
2019-05-11T02:00:00Z,6468.441333333333
2019-05-11T03:00:00Z,6534.179259259258
2019-05-11T04:00:00Z,6623.419296296296
2019-05-11T05:00:00Z,6705.178027777777
2019-05-11T06:00:00Z,6790.794888888889
2019-05-11T07:00:00Z,6847.790018518517
2019-05-11T08:00:00Z,6832.97362962963
2019-05-11T09:00:00Z,6808.516166666665
2019-05-11T10:00:00Z,6803.078722222222
2019-05-11T11:00:00Z,6805.8677777777775
2019-05-11T12:00:00Z,6808.937462962963
2019-05-11T13:00:00Z,6809.431796296299
2019-05-11T14:00:00Z,6804.144657407407
2019-05-11T15:00:00Z,6845.835453703704
2019-05-11T16:00:00Z,6900.446962962963
2019-05-11T17:00:00Z,6960.513916666666
2019-05-11T18:00:00Z,6994.684203703701
2019-05-11T19:00:00Z,6996.974185185184
2019-05-11T20:00:00Z,6989.430851851852
2019-05-11T21:00:00Z,7014.0536388888895
2019-05-11T22:00:00Z,7103.329879629629
2019-05-11T23:00:00Z,7201.003861111111
2019-05-12T00:00:00Z,7226.233527777777
2019-05-12T01:00:00Z,7224.19938888889
2019-05-12T02:00:00Z,7201.754092592593
2019-05-12T03:00:00Z,7183.037009259259
2019-05-12T04:00:00Z,7183.9213055555565
2019-05-12T05:00:00Z,7231.6140000000005
2019-05-12T06:00:00Z,7315.7709444444445
2019-05-12T07:00:00Z,7435.844703703704
2019-05-12T08:00:00Z,7510.181074074074
2019-05-12T09:00:00Z,7512.880055555557
2019-05-12T10:00:00Z,7432.727314814816
2019-05-12T11:00:00Z,7309.08637962963
2019-05-12T12:00:00Z,7198.750907407407
2019-05-12T13:00:00Z,7113.256398148147
2019-05-12T14:00:00Z,7021.805462962962
2019-05-12T15:00:00Z,6916.234435185185
2019-05-12T16:00:00Z,6817.84612962963
2019-05-12T17:00:00Z,6784.817009259258
2019-05-12T18:00:00Z,6853.824157407408
2019-05-12T19:00:00Z,6947.935546296296
2019-05-12T20:00:00Z,7063.358749999999
2019-05-12T21:00:00Z,7148.883453703704
2019-05-12T22:00:00Z,7146.616768518518
2019-05-12T23:00:00Z,7088.537120370369
2019-05-13T00:00:00Z,7025.611990740741
2019-05-13T01:00:00Z,6994.762361111111
2019-05-13T02:00:00Z,7000.548166666668
2019-05-13T03:00:00Z,7011.737916666668
2019-05-13T04:00:00Z,7037.981287037037
2019-05-13T05:00:00Z,7053.519129629629
2019-05-13T06:00:00Z,7069.553296296294
2019-05-13T07:00:00Z,7064.8182777777765
2019-05-13T08:00:00Z,7055.270453703703
2019-05-13T09:00:00Z,7061.127027777778
2019-05-13T10:00:00Z,7078.8180555555555
2019-05-13T11:00:00Z,7147.169981481481
2019-05-13T12:00:00Z,7249.533379629629
2019-05-13T13:00:00Z,7357.520166666666
2019-05-13T14:00:00Z,7469.976407407407
2019-05-13T15:00:00Z,7645.303259259258
2019-05-13T16:00:00Z,7841.963037037036
2019-05-13T17:00:00Z,7967.074648148147
2019-05-13T18:00:00Z,8011.277712962964
2019-05-13T19:00:00Z,8001.608777777777
2019-05-13T20:00:00Z,7964.982981481481
2019-05-13T21:00:00Z,7997.892425925927
2019-05-13T22:00:00Z,8012.265712962963
2019-05-13T23:00:00Z,7972.709268518517
2019-05-14T00:00:00Z,7926.572203703702
2019-05-14T01:00:00Z,7916.655046296294
2019-05-14T02:00:00Z,7921.053722222222
2019-05-14T03:00:00Z,7943.569046296296
2019-05-14T04:00:00Z,7977.159129629629
2019-05-14T05:00:00Z,8000.420203703704
2019-05-14T06:00:00Z,8034.01212962963
2019-05-14T07:00:00Z,8140.404101851852
2019-05-14T08:00:00Z,8167.526092592593
2019-05-14T09:00:00Z,8153.073675925924
2019-05-14T10:00:00Z,8107.872796296295
2019-05-14T11:00:00Z,8061.086972222222
2019-05-14T12:00:00Z,8087.922694444445
2019-05-14T13:00:00Z,8130.04049074074
2019-05-14T14:00:00Z,8139.496981481483
2019-05-14T15:00:00Z,8080.113981481482
2019-05-14T16:00:00Z,8013.789879629631
2019-05-14T17:00:00Z,7987.045740740741
2019-05-14T18:00:00Z,7930.145250000001
2019-05-14T19:00:00Z,7850.2832499999995
2019-05-14T20:00:00Z,7751.6357777777785
2019-05-14T21:00:00Z,7697.158481481482
2019-05-14T22:00:00Z,7736.339314814817
2019-05-14T23:00:00Z,7841.429203703705
2019-05-15T00:00:00Z,7960.101731481483
2019-05-15T01:00:00Z,8041.015259259259
2019-05-15T02:00:00Z,8089.753972222221
2019-05-15T03:00:00Z,8106.596018518517
2019-05-15T04:00:00Z,8087.108694444443
2019-05-15T05:00:00Z,8061.1049814814805
2019-05-15T06:00:00Z,8033.772574074074
2019-05-15T07:00:00Z,7986.936814814817
2019-05-15T08:00:00Z,7931.212111111112
2019-05-15T09:00:00Z,7940.328481481482
2019-05-15T10:00:00Z,7986.584027777778
2019-05-15T11:00:00Z,8020.147
2019-05-15T12:00:00Z,8027.473537037037
2019-05-15T13:00:00Z,8010.464287037037
2019-05-15T14:00:00Z,7980.31975
2019-05-15T15:00:00Z,7977.055481481482
2019-05-15T16:00:00Z,7991.564083333334
2019-05-15T17:00:00Z,8039.800194444443
2019-05-15T18:00:00Z,8129.809370370371
2019-05-15T19:00:00Z,8207.930472222222
2019-05-15T20:00:00Z,8244.325898148149
2019-05-15T21:00:00Z,8232.508148148147
2019-05-15T22:00:00Z,8211.905009259259
2019-05-15T23:00:00Z,8201.619907407408
2019-05-16T00:00:00Z,8243.394
2019-05-16T01:00:00Z,8297.847555555556
2019-05-16T02:00:00Z,8340.451861111113
2019-05-16T03:00:00Z,8334.320185185185
2019-05-16T04:00:00Z,8218.333935185185
2019-05-16T05:00:00Z,8071.413870370371
2019-05-16T06:00:00Z,7994.338564814815
2019-05-16T07:00:00Z,7960.095620370371
2019-05-16T08:00:00Z,7954.915435185186
2019-05-16T09:00:00Z,7947.670805555557
2019-05-16T10:00:00Z,7904.299750000001
2019-05-16T11:00:00Z,7859.5373055555565
2019-05-16T12:00:00Z,7807.572518518517
2019-05-16T13:00:00Z,7788.981546296294
2019-05-16T14:00:00Z,7826.258777777776
2019-05-16T15:00:00Z,7910.209629629629
2019-05-16T16:00:00Z,7965.623944444446
2019-05-16T17:00:00Z,7978.675240740743
2019-05-16T18:00:00Z,7954.3687407407415
2019-05-16T19:00:00Z,7903.1007500000005
2019-05-16T20:00:00Z,7806.0280555555555
2019-05-16T21:00:00Z,7780.118203703704
2019-05-16T22:00:00Z,7780.902907407407
2019-05-16T23:00:00Z,7819.860296296298
2019-05-17T00:00:00Z,7863.121435185188
2019-05-17T01:00:00Z,7866.660175925927
2019-05-17T02:00:00Z,7738.627805555557
2019-05-17T03:00:00Z,7515.74500925926
2019-05-17T04:00:00Z,7285.137861111111
2019-05-17T05:00:00Z,7102.777712962964
2019-05-17T06:00:00Z,7022.244203703706
2019-05-17T07:00:00Z,7052.886046296298
2019-05-17T08:00:00Z,7137.263111111112
2019-05-17T09:00:00Z,7225.41450925926
2019-05-17T10:00:00Z,7262.618592592593
2019-05-17T11:00:00Z,7237.3839074074085
2019-05-17T12:00:00Z,7171.187546296296
2019-05-17T13:00:00Z,7133.070129629629
2019-05-17T14:00:00Z,7118.379351851853
2019-05-17T15:00:00Z,7106.186898148148
2019-05-17T16:00:00Z,7093.884398148148
2019-05-17T17:00:00Z,7067.2759074074065
2019-05-17T18:00:00Z,7058.386388888888
2019-05-17T19:00:00Z,7077.365925925925
2019-05-17T20:00:00Z,7099.657037037036
2019-05-17T21:00:00Z,7158.953787037036
2019-05-17T22:00:00Z,7216.52712037037
2019-05-17T23:00:00Z,7294.82948148148
2019-05-18T00:00:00Z,7343.162194444444
2019-05-18T01:00:00Z,7351.101749999999
2019-05-18T02:00:00Z,7340.441981481483
2019-05-18T03:00:00Z,7347.172361111113
2019-05-18T04:00:00Z,7381.0079537037045
2019-05-18T05:00:00Z,7427.23701851852
2019-05-18T06:00:00Z,7443.858925925928
2019-05-18T07:00:00Z,7417.060333333335
2019-05-18T08:00:00Z,7374.070129629629
2019-05-18T09:00:00Z,7327.807055555556
2019-05-18T10:00:00Z,7292.431666666666
2019-05-18T11:00:00Z,7281.478138888888
2019-05-18T12:00:00Z,7284.0199999999995
2019-05-18T13:00:00Z,7300.454287037036
2019-05-18T14:00:00Z,7326.170129629628
2019-05-18T15:00:00Z,7349.810972222222
2019-05-18T16:00:00Z,7364.363796296294
2019-05-18T17:00:00Z,7350.3090185185165
2019-05-18T18:00:00Z,7314.8130277777755
2019-05-18T19:00:00Z,7269.297407407407
2019-05-18T20:00:00Z,7250.846212962962
2019-05-18T21:00:00Z,7268.1990000000005
2019-05-18T22:00:00Z,7290.9996851851865
2019-05-18T23:00:00Z,7295.742990740741
2019-05-19T00:00:00Z,7294.119296296297
2019-05-19T01:00:00Z,7384.3507037037025
2019-05-19T02:00:00Z,7548.428768518518
2019-05-19T03:00:00Z,7780.156999999999
2019-05-19T04:00:00Z,7986.486083333332
2019-05-19T05:00:00Z,8095.722231481482
2019-05-19T06:00:00Z,8109.817564814814
2019-05-19T07:00:00Z,8074.924407407409
2019-05-19T08:00:00Z,8036.788870370371
2019-05-19T09:00:00Z,8046.292990740741
2019-05-19T10:00:00Z,8078.311490740741
2019-05-19T11:00:00Z,8092.808175925927
2019-05-19T12:00:00Z,8063.950666666668
2019-05-19T13:00:00Z,7989.9127777777785
2019-05-19T14:00:00Z,7935.008638888891
2019-05-19T15:00:00Z,7923.107611111113
2019-05-19T16:00:00Z,7929.725814814815
2019-05-19T17:00:00Z,7953.184611111112
2019-05-19T18:00:00Z,7973.727796296295
2019-05-19T19:00:00Z,7980.091046296296
2019-05-19T20:00:00Z,7997.859444444443
2019-05-19T21:00:00Z,8033.905731481481
2019-05-19T22:00:00Z,8114.3656574074075
2019-05-19T23:00:00Z,8192.303648148147
2019-05-20T00:00:00Z,8165.134305555553
2019-05-20T01:00:00Z,8084.196101851851
2019-05-20T02:00:00Z,7978.482129629629
2019-05-20T03:00:00Z,7944.9193888888885
2019-05-20T04:00:00Z,7965.947453703702
2019-05-20T05:00:00Z,8001.004805555555
2019-05-20T06:00:00Z,7986.814879629629
2019-05-20T07:00:00Z,7943.761435185184
2019-05-20T08:00:00Z,7897.127990740741
2019-05-20T09:00:00Z,7872.923657407408
2019-05-20T10:00:00Z,7876.782388888892
2019-05-20T11:00:00Z,7875.838074074076
2019-05-20T12:00:00Z,7828.543351851852
2019-05-20T13:00:00Z,7768.862379629631
2019-05-20T14:00:00Z,7743.692425925928
2019-05-20T15:00:00Z,7761.455129629631
2019-05-20T16:00:00Z,7802.211833333332
2019-05-20T17:00:00Z,7812.38712037037
2019-05-20T18:00:00Z,7787.0599722222205
2019-05-20T19:00:00Z,7773.77648148148
2019-05-20T20:00:00Z,7838.944046296297
2019-05-20T21:00:00Z,7952.399
2019-05-20T22:00:00Z,8017.694175925925
2019-05-20T23:00:00Z,8046.1026574074085
2019-05-21T00:00:00Z,8021.579064814815
2019-05-21T01:00:00Z,7985.035203703704
2019-05-21T02:00:00Z,7949.247435185185
2019-05-21T03:00:00Z,7925.679675925926
2019-05-21T04:00:00Z,7905.2463518518525
2019-05-21T05:00:00Z,7895.874685185187
2019-05-21T06:00:00Z,7902.173740740742
2019-05-21T07:00:00Z,7916.283703703705
2019-05-21T08:00:00Z,7936.113620370372
2019-05-21T09:00:00Z,7962.141657407407
2019-05-21T10:00:00Z,7968.65561111111
2019-05-21T11:00:00Z,7945.347296296296
2019-05-21T12:00:00Z,7913.498351851852
2019-05-21T13:00:00Z,7899.517638888889
2019-05-21T14:00:00Z,7913.554888888891
2019-05-21T15:00:00Z,7929.842842592593
2019-05-21T16:00:00Z,7936.545416666668
2019-05-21T17:00:00Z,7960.299805555555
2019-05-21T18:00:00Z,7996.573805555556
2019-05-21T19:00:00Z,8029.699416666666
2019-05-21T20:00:00Z,8067.905740740741
2019-05-21T21:00:00Z,8068.542657407408
2019-05-21T22:00:00Z,8042.639546296297
2019-05-21T23:00:00Z,7998.6345833333335
2019-05-22T00:00:00Z,7979.301537037037
2019-05-22T01:00:00Z,7964.373675925925
2019-05-22T02:00:00Z,7958.876342592593
2019-05-22T03:00:00Z,7947.1679629629625
2019-05-22T04:00:00Z,7936.399157407407
2019-05-22T05:00:00Z,7934.525379629631
2019-05-22T06:00:00Z,7932.9953796296295
2019-05-22T07:00:00Z,7926.507972222223
2019-05-22T08:00:00Z,7922.224212962962
2019-05-22T09:00:00Z,7909.923629629629
2019-05-22T10:00:00Z,7897.358203703705
2019-05-22T11:00:00Z,7864.649092592595
2019-05-22T12:00:00Z,7818.695814814815
2019-05-22T13:00:00Z,7803.307194444445
2019-05-22T14:00:00Z,7818.637342592592
2019-05-22T15:00:00Z,7880.998324074074
2019-05-22T16:00:00Z,7941.4160555555545
2019-05-22T17:00:00Z,7964.740185185184
2019-05-22T18:00:00Z,7963.663083333332
2019-05-22T19:00:00Z,7951.190546296296
2019-05-22T20:00:00Z,7912.045777777777
2019-05-22T21:00:00Z,7818.9897037037035
2019-05-22T22:00:00Z,7728.32461111111
2019-05-22T23:00:00Z,7640.296777777777
2019-05-23T00:00:00Z,7592.166731481481
2019-05-23T01:00:00Z,7573.968851851852
2019-05-23T02:00:00Z,7588.442296296297
2019-05-23T03:00:00Z,7619.041342592594
2019-05-23T04:00:00Z,7647.772398148148
2019-05-23T05:00:00Z,7654.359250000001
2019-05-23T06:00:00Z,7650.277685185186
2019-05-23T07:00:00Z,7628.796064814815
2019-05-23T08:00:00Z,7597.69224074074
2019-05-23T09:00:00Z,7573.015388888889
2019-05-23T10:00:00Z,7576.491231481482
2019-05-23T11:00:00Z,7588.683268518519
2019-05-23T12:00:00Z,7610.32824074074
2019-05-23T13:00:00Z,7637.577759259259
2019-05-23T14:00:00Z,7680.768592592593
2019-05-23T15:00:00Z,7736.786962962963
2019-05-23T16:00:00Z,7800.351027777778
2019-05-23T17:00:00Z,7833.93249074074
2019-05-23T18:00:00Z,7835.497018518518
2019-05-23T19:00:00Z,7821.954638888889
2019-05-23T20:00:00Z,7833.9381203703715
2019-05-23T21:00:00Z,7874.66589814815
2019-05-23T22:00:00Z,7915.292583333333
2019-05-23T23:00:00Z,7930.722212962963
2019-05-24T00:00:00Z,7920.669296296296
2019-05-24T01:00:00Z,7894.393074074073
2019-05-24T02:00:00Z,7871.1326851851845
2019-05-24T03:00:00Z,7861.7332870370365
2019-05-24T04:00:00Z,7853.5560185185195
2019-05-24T05:00:00Z,7846.44900925926
2019-05-24T06:00:00Z,7850.244518518518
2019-05-24T07:00:00Z,7862.069333333333
2019-05-24T08:00:00Z,7902.838518518518
2019-05-24T09:00:00Z,7950.30237037037
2019-05-24T10:00:00Z,7991.808120370372
2019-05-24T11:00:00Z,8029.143861111111
2019-05-24T12:00:00Z,8056.080453703704
2019-05-24T13:00:00Z,8054.380888888888
2019-05-24T14:00:00Z,8057.625601851851
2019-05-24T15:00:00Z,8076.765657407406
2019-05-24T16:00:00Z,8099.449111111112
2019-05-24T17:00:00Z,8110.227435185186
2019-05-24T18:00:00Z,8106.340685185184
2019-05-24T19:00:00Z,8090.297212962963
2019-05-24T20:00:00Z,8089.412953703705
2019-05-24T21:00:00Z,8083.268944444445
2019-05-24T22:00:00Z,8067.614481481481
2019-05-24T23:00:00Z,8036.782990740742
2019-05-25T00:00:00Z,8007.026740740742
2019-05-25T01:00:00Z,8002.551305555557
2019-05-25T02:00:00Z,8011.638157407407
2019-05-25T03:00:00Z,8018.365222222223
2019-05-25T04:00:00Z,8019.14801851852
2019-05-25T05:00:00Z,8005.245324074075
2019-05-25T06:00:00Z,7985.153787037038
2019-05-25T07:00:00Z,7974.1265277777775
2019-05-25T08:00:00Z,7987.415833333333
2019-05-25T09:00:00Z,8028.791361111111
2019-05-25T10:00:00Z,8079.3315648148155
2019-05-25T11:00:00Z,8117.095814814814
2019-05-25T12:00:00Z,8135.551888888888
2019-05-25T13:00:00Z,8121.164231481483
2019-05-25T14:00:00Z,8099.677416666669
2019-05-25T15:00:00Z,8078.471842592594
2019-05-25T16:00:00Z,8061.379805555555
2019-05-25T17:00:00Z,8054.7844351851845
2019-05-25T18:00:00Z,8049.381462962962
2019-05-25T19:00:00Z,8037.18949074074
2019-05-25T20:00:00Z,8029.362361111111
2019-05-25T21:00:00Z,8030.351583333333
2019-05-25T22:00:00Z,8047.540805555555
2019-05-25T23:00:00Z,8064.962361111112
2019-05-26T00:00:00Z,8072.331018518518
2019-05-26T01:00:00Z,8066.534962962961
2019-05-26T02:00:00Z,8048.282675925926
2019-05-26T03:00:00Z,8024.343611111112
2019-05-26T04:00:00Z,8012.594768518519
2019-05-26T05:00:00Z,8002.572583333334
2019-05-26T06:00:00Z,7997.238055555555
2019-05-26T07:00:00Z,7994.523703703704
2019-05-26T08:00:00Z,7998.178499999999
2019-05-26T09:00:00Z,8004.4520740740745
2019-05-26T10:00:00Z,8001.909472222222
2019-05-26T11:00:00Z,7978.924314814815
2019-05-26T12:00:00Z,7955.073074074074
2019-05-26T13:00:00Z,7952.153203703703
2019-05-26T14:00:00Z,7971.011277777779
2019-05-26T15:00:00Z,8000.286018518517
2019-05-26T16:00:00Z,8016.998351851852
2019-05-26T17:00:00Z,8018.46699074074
2019-05-26T18:00:00Z,8018.438027777778
2019-05-26T19:00:00Z,8185.071990740741
2019-05-26T20:00:00Z,8419.297314814814
2019-05-26T21:00:00Z,8645.654055555555
2019-05-26T22:00:00Z,8784.719361111109
2019-05-26T23:00:00Z,8842.194101851854
2019-05-27T00:00:00Z,8897.472268518517
2019-05-27T01:00:00Z,8926.591777777778
2019-05-27T02:00:00Z,8908.988657407406
2019-05-27T03:00:00Z,8860.871537037034
2019-05-27T04:00:00Z,8795.687259259257
2019-05-27T05:00:00Z,8749.317777777778
2019-05-27T06:00:00Z,8732.22438888889
2019-05-27T07:00:00Z,8740.987564814817
2019-05-27T08:00:00Z,8746.011351851854
2019-05-27T09:00:00Z,8751.328296296295
2019-05-27T10:00:00Z,8751.252287037036
2019-05-27T11:00:00Z,8740.55125
2019-05-27T12:00:00Z,8759.047879629628
2019-05-27T13:00:00Z,8785.890972222222
2019-05-27T14:00:00Z,8806.82799074074
2019-05-27T15:00:00Z,8831.334574074075
2019-05-27T16:00:00Z,8804.250814814817
2019-05-27T17:00:00Z,8758.246287037038
2019-05-27T18:00:00Z,8742.170944444446
2019-05-27T19:00:00Z,8757.61746296296
2019-05-27T20:00:00Z,8772.983129629627
2019-05-27T21:00:00Z,8793.71321296296
2019-05-27T22:00:00Z,8806.816712962964
2019-05-27T23:00:00Z,8805.485638888887
2019-05-28T00:00:00Z,8791.65812037037
2019-05-28T01:00:00Z,8780.14190740741
2019-05-28T02:00:00Z,8777.06950925926
2019-05-28T03:00:00Z,8782.688694444447
2019-05-28T04:00:00Z,8785.782333333334
2019-05-28T05:00:00Z,8775.209611111111
2019-05-28T06:00:00Z,8750.040166666668
2019-05-28T07:00:00Z,8730.513629629631
2019-05-28T08:00:00Z,8718.299814814816
2019-05-28T09:00:00Z,8713.672462962963
2019-05-28T10:00:00Z,8706.96850925926
2019-05-28T11:00:00Z,8714.052537037038
2019-05-28T12:00:00Z,8720.005777777778
2019-05-28T13:00:00Z,8706.484324074074
2019-05-28T14:00:00Z,8694.197685185183
2019-05-28T15:00:00Z,8686.865305555555
2019-05-28T16:00:00Z,8676.630749999998
2019-05-28T17:00:00Z,8693.244833333332
2019-05-28T18:00:00Z,8718.628537037037
2019-05-28T19:00:00Z,8728.013287037036
2019-05-28T20:00:00Z,8719.76277777778
2019-05-28T21:00:00Z,8707.90376851852
2019-05-28T22:00:00Z,8700.362435185187
2019-05-28T23:00:00Z,8704.548499999999
2019-05-29T00:00:00Z,8701.783361111111
2019-05-29T01:00:00Z,8686.361472222221
2019-05-29T02:00:00Z,8660.50601851852
2019-05-29T03:00:00Z,8637.186759259259
2019-05-29T04:00:00Z,8608.399972222223
2019-05-29T05:00:00Z,8547.921824074076
2019-05-29T06:00:00Z,8495.775972222225
2019-05-29T07:00:00Z,8474.450703703706
2019-05-29T08:00:00Z,8500.63937962963
2019-05-29T09:00:00Z,8556.246842592593
2019-05-29T10:00:00Z,8618.444546296296
2019-05-29T11:00:00Z,8654.757898148147
2019-05-29T12:00:00Z,8670.46113888889
2019-05-29T13:00:00Z,8697.336916666667
2019-05-29T14:00:00Z,8718.077324074076
2019-05-29T15:00:00Z,8729.902546296296
2019-05-29T16:00:00Z,8735.511564814815
2019-05-29T17:00:00Z,8723.164370370372
2019-05-29T18:00:00Z,8705.028768518518
2019-05-29T19:00:00Z,8692.041888888887
2019-05-29T20:00:00Z,8672.28537962963
2019-05-29T21:00:00Z,8657.446620370372
2019-05-29T22:00:00Z,8652.733472222222
2019-05-29T23:00:00Z,8653.351231481482
2019-05-30T00:00:00Z,8663.11284259259
2019-05-30T01:00:00Z,8659.412231481481
2019-05-30T02:00:00Z,8640.298601851851
2019-05-30T03:00:00Z,8641.702388888889
2019-05-30T04:00:00Z,8656.76890740741
2019-05-30T05:00:00Z,8685.778148148149
2019-05-30T06:00:00Z,8710.727083333333
2019-05-30T07:00:00Z,8718.894870370368
2019-05-30T08:00:00Z,8715.50099074074
2019-05-30T09:00:00Z,8710.61837962963
2019-05-30T10:00:00Z,8711.360101851853
2019-05-30T11:00:00Z,8714.762685185187
2019-05-30T12:00:00Z,8716.930935185186
2019-05-30T13:00:00Z,8715.52540740741
2019-05-30T14:00:00Z,8716.407555555556
2019-05-30T15:00:00Z,8783.886185185185
2019-05-30T16:00:00Z,8796.725916666668
2019-05-30T17:00:00Z,8753.021824074074
2019-05-30T18:00:00Z,8686.126462962964
2019-05-30T19:00:00Z,8623.119796296296
2019-05-30T20:00:00Z,8545.498370370371
2019-05-30T21:00:00Z,8397.341861111112
2019-05-30T22:00:00Z,8259.741
2019-05-30T23:00:00Z,8174.438092592592
2019-05-31T00:00:00Z,8167.857148148149
2019-05-31T01:00:00Z,8215.766842592593
2019-05-31T02:00:00Z,8254.210898148147
2019-05-31T03:00:00Z,8271.293648148147
2019-05-31T04:00:00Z,8236.84025
2019-05-31T05:00:00Z,8206.102888888889
2019-05-31T06:00:00Z,8206.205518518518
2019-05-31T07:00:00Z,8239.283481481483
2019-05-31T08:00:00Z,8272.924518518517
2019-05-31T09:00:00Z,8297.336629629628
2019-05-31T10:00:00Z,8301.143324074073
2019-05-31T11:00:00Z,8284.837657407406
2019-05-31T12:00:00Z,8281.867861111112
2019-05-31T13:00:00Z,8322.451962962963
2019-05-31T14:00:00Z,8383.645120370371
2019-05-31T15:00:00Z,8414.244805555556
2019-05-31T16:00:00Z,8420.981851851851
2019-05-31T17:00:00Z,8415.958546296299
2019-05-31T18:00:00Z,8410.266620370372
2019-05-31T19:00:00Z,8421.746731481484
2019-05-31T20:00:00Z,8455.129666666668
2019-05-31T21:00:00Z,8499.841333333332
2019-05-31T22:00:00Z,8533.234074074075
2019-05-31T23:00:00Z,8555.678666666667
2019-06-01T00:00:00Z,8571.317759259256
2019-06-01T01:00:00Z,8574.161703703701
2019-06-01T02:00:00Z,8566.968296296292
2019-06-01T03:00:00Z,8557.049601851852
2019-06-01T04:00:00Z,8551.167583333334
2019-06-01T05:00:00Z,8528.084166666667
2019-06-01T06:00:00Z,8512.76939814815
2019-06-01T07:00:00Z,8511.638342592592
2019-06-01T08:00:00Z,8528.046425925922
2019-06-01T09:00:00Z,8555.769861111106
2019-06-01T10:00:00Z,8570.425574074074
2019-06-01T11:00:00Z,8578.200879629629
2019-06-01T12:00:00Z,8574.57702777778
2019-06-01T13:00:00Z,8555.757231481482
2019-06-01T14:00:00Z,8525.63375
2019-06-01T15:00:00Z,8509.03864814815
2019-06-01T16:00:00Z,8517.709944444445
2019-06-01T17:00:00Z,8529.488379629633
2019-06-01T18:00:00Z,8528.889916666669
2019-06-01T19:00:00Z,8526.570444444445
2019-06-01T20:00:00Z,8527.925740740742
2019-06-01T21:00:00Z,8550.718111111111
2019-06-01T22:00:00Z,8576.56027777778
2019-06-01T23:00:00Z,8586.792305555557
2019-06-02T00:00:00Z,8585.718074074075
2019-06-02T01:00:00Z,8581.167148148148
2019-06-02T02:00:00Z,8575.91958333333
2019-06-02T03:00:00Z,8570.14423148148
2019-06-02T04:00:00Z,8571.220296296297
2019-06-02T05:00:00Z,8579.88834259259
2019-06-02T06:00:00Z,8588.016564814814
2019-06-02T07:00:00Z,8629.593194444444
2019-06-02T08:00:00Z,8687.345101851852
2019-06-02T09:00:00Z,8736.643972222222
2019-06-02T10:00:00Z,8763.770212962963
2019-06-02T11:00:00Z,8771.370537037039
2019-06-02T12:00:00Z,8787.73263888889
2019-06-02T13:00:00Z,8772.814814814816
2019-06-02T14:00:00Z,8744.219546296297
2019-06-02T15:00:00Z,8714.488935185189
2019-06-02T16:00:00Z,8694.339425925926
2019-06-02T17:00:00Z,8677.93010185185
2019-06-02T18:00:00Z,8671.797592592593
2019-06-02T19:00:00Z,8670.3185
2019-06-02T20:00:00Z,8674.323379629628
2019-06-02T21:00:00Z,8688.654296296298
2019-06-02T22:00:00Z,8712.251212962963
2019-06-02T23:00:00Z,8735.087972222223
2019-06-03T00:00:00Z,8731.276166666665
2019-06-03T01:00:00Z,8714.168962962964
2019-06-03T02:00:00Z,8689.406833333333
2019-06-03T03:00:00Z,8672.641435185185
2019-06-03T04:00:00Z,8669.126712962961
2019-06-03T05:00:00Z,8644.478314814813
2019-06-03T06:00:00Z,8589.79312037037
2019-06-03T07:00:00Z,8515.107842592593
2019-06-03T08:00:00Z,8452.01537962963
2019-06-03T09:00:00Z,8420.894712962963
2019-06-03T10:00:00Z,8438.677814814813
2019-06-03T11:00:00Z,8466.523296296296
2019-06-03T12:00:00Z,8500.577805555555
2019-06-03T13:00:00Z,8497.540305555556
2019-06-03T14:00:00Z,8461.723712962963
2019-06-03T15:00:00Z,8442.245212962966
2019-06-03T16:00:00Z,8460.058611111112
2019-06-03T17:00:00Z,8483.036416666668
2019-06-03T18:00:00Z,8519.55312962963
2019-06-03T19:00:00Z,8551.606925925926
2019-06-03T20:00:00Z,8571.851722222222
2019-06-03T21:00:00Z,8560.318888888889
2019-06-03T22:00:00Z,8526.023583333334
2019-06-03T23:00:00Z,8379.265351851851
2019-06-04T00:00:00Z,8157.182175925926
2019-06-04T01:00:00Z,7962.406722222222
2019-06-04T02:00:00Z,7863.5443888888885
2019-06-04T03:00:00Z,7824.043212962963
2019-06-04T04:00:00Z,7836.515833333334
2019-06-04T05:00:00Z,7856.189361111111
2019-06-04T06:00:00Z,7850.804259259258
2019-06-04T07:00:00Z,7842.260685185184
2019-06-04T08:00:00Z,7854.41924074074
2019-06-04T09:00:00Z,7886.17523148148
2019-06-04T10:00:00Z,7926.63697222222
2019-06-04T11:00:00Z,7941.829944444443
2019-06-04T12:00:00Z,7944.450037037037
2019-06-04T13:00:00Z,7959.484222222224
2019-06-04T14:00:00Z,7969.599361111112
2019-06-04T15:00:00Z,7966.932324074075
2019-06-04T16:00:00Z,7944.623314814817
2019-06-04T17:00:00Z,7824.586787037039
2019-06-04T18:00:00Z,7699.524351851854
2019-06-04T19:00:00Z,7589.059203703703
2019-06-04T20:00:00Z,7546.674953703703
2019-06-04T21:00:00Z,7496.477259259259
2019-06-04T22:00:00Z,7504.488148148145
2019-06-04T23:00:00Z,7552.088796296294
2019-06-05T00:00:00Z,7640.906962962962
2019-06-05T01:00:00Z,7729.487175925926
2019-06-05T02:00:00Z,7806.072425925926
2019-06-05T03:00:00Z,7845.230111111111
2019-06-05T04:00:00Z,7851.207833333334
2019-06-05T05:00:00Z,7826.411018518519
2019-06-05T06:00:00Z,7789.566972222223
2019-06-05T07:00:00Z,7782.812999999999
2019-06-05T08:00:00Z,7793.3492777777765
2019-06-05T09:00:00Z,7807.356009259259
2019-06-05T10:00:00Z,7829.181092592592
2019-06-05T11:00:00Z,7828.639388888888
2019-06-05T12:00:00Z,7811.925722222222
2019-06-05T13:00:00Z,7789.604731481481
2019-06-05T14:00:00Z,7745.923361111109
2019-06-05T15:00:00Z,7689.300694444442
2019-06-05T16:00:00Z,7674.700546296296
2019-06-05T17:00:00Z,7705.8462314814815
2019-06-05T18:00:00Z,7749.146138888888
2019-06-05T19:00:00Z,7787.446638888887
2019-06-05T20:00:00Z,7786.173037037035
2019-06-05T21:00:00Z,7766.178268518517
2019-06-05T22:00:00Z,7759.5644814814805
2019-06-05T23:00:00Z,7767.231370370369
2019-06-06T00:00:00Z,7785.7271481481475
2019-06-06T01:00:00Z,7813.739759259258
2019-06-06T02:00:00Z,7831.989305555556
2019-06-06T03:00:00Z,7852.1921203703705
2019-06-06T04:00:00Z,7858.637416666667
2019-06-06T05:00:00Z,7843.685277777778
2019-06-06T06:00:00Z,7826.251796296296
2019-06-06T07:00:00Z,7798.299537037036
2019-06-06T08:00:00Z,7786.752351851853
2019-06-06T09:00:00Z,7777.940962962964
2019-06-06T10:00:00Z,7783.125740740742
2019-06-06T11:00:00Z,7806.941046296298
2019-06-06T12:00:00Z,7809.573444444446
2019-06-06T13:00:00Z,7789.196583333333
2019-06-06T14:00:00Z,7743.815083333332
2019-06-06T15:00:00Z,7704.918259259258
2019-06-06T16:00:00Z,7686.630898148148
2019-06-06T17:00:00Z,7667.833407407408
2019-06-06T18:00:00Z,7633.94263888889
2019-06-06T19:00:00Z,7598.0425370370385
2019-06-06T20:00:00Z,7601.241166666667
2019-06-06T21:00:00Z,7648.4584629629635
2019-06-06T22:00:00Z,7704.600175925926
2019-06-06T23:00:00Z,7766.174435185185
2019-06-07T00:00:00Z,7805.089398148147
2019-06-07T01:00:00Z,7825.410759259258
2019-06-07T02:00:00Z,7822.443574074074
2019-06-07T03:00:00Z,7816.272268518518
2019-06-07T04:00:00Z,7806.524185185185
2019-06-07T05:00:00Z,7804.72762962963
2019-06-07T06:00:00Z,7844.030861111111
2019-06-07T07:00:00Z,7902.328666666667
2019-06-07T08:00:00Z,7965.061129629629
2019-06-07T09:00:00Z,8000.999490740741
2019-06-07T10:00:00Z,8008.612296296295
2019-06-07T11:00:00Z,7985.502249999999
2019-06-07T12:00:00Z,7955.563898148147
2019-06-07T13:00:00Z,7949.258824074076
2019-06-07T14:00:00Z,7946.389675925927
2019-06-07T15:00:00Z,7948.325092592592
2019-06-07T16:00:00Z,7983.375722222223
2019-06-07T17:00:00Z,8039.977462962964
2019-06-07T18:00:00Z,8095.50025925926
2019-06-07T19:00:00Z,8091.618092592594
2019-06-07T20:00:00Z,8026.85014814815
2019-06-07T21:00:00Z,7961.292120370373
2019-06-07T22:00:00Z,7944.943675925929
2019-06-07T23:00:00Z,7962.2422870370365
2019-06-08T00:00:00Z,8003.499453703703
2019-06-08T01:00:00Z,8017.569416666665
2019-06-08T02:00:00Z,8012.067759259259
2019-06-08T03:00:00Z,7989.068824074075
2019-06-08T04:00:00Z,7976.056546296296
2019-06-08T05:00:00Z,7966.371518518518
2019-06-08T06:00:00Z,7947.927129629631
2019-06-08T07:00:00Z,7934.1636944444435
2019-06-08T08:00:00Z,7937.5664074074075
2019-06-08T09:00:00Z,7961.43962962963
2019-06-08T10:00:00Z,7986.029842592594
2019-06-08T11:00:00Z,8008.092898148148
2019-06-08T12:00:00Z,8001.479212962961
2019-06-08T13:00:00Z,7987.575546296296
2019-06-08T14:00:00Z,7963.443694444443
2019-06-08T15:00:00Z,7944.754462962963
2019-06-08T16:00:00Z,7906.89887962963
2019-06-08T17:00:00Z,7865.602935185184
2019-06-08T18:00:00Z,7830.651398148148
2019-06-08T19:00:00Z,7810.627972222224
2019-06-08T20:00:00Z,7818.691592592596
2019-06-08T21:00:00Z,7844.482685185187
2019-06-08T22:00:00Z,7889.115222222224
2019-06-08T23:00:00Z,7927.340250000001
2019-06-09T00:00:00Z,7939.951074074076
2019-06-09T01:00:00Z,7929.507425925926
2019-06-09T02:00:00Z,7903.2541018518505
2019-06-09T03:00:00Z,7886.02337962963
2019-06-09T04:00:00Z,7882.594527777776
2019-06-09T05:00:00Z,7889.606287037037
2019-06-09T06:00:00Z,7895.40698148148
2019-06-09T07:00:00Z,7904.822324074073
2019-06-09T08:00:00Z,7915.376787037036
2019-06-09T09:00:00Z,7917.603185185184
2019-06-09T10:00:00Z,7911.252064814814
2019-06-09T11:00:00Z,7895.808870370369
2019-06-09T12:00:00Z,7848.207768518519
2019-06-09T13:00:00Z,7792.071462962963
2019-06-09T14:00:00Z,7753.395101851852
2019-06-09T15:00:00Z,7731.013657407409
2019-06-09T16:00:00Z,7695.60425
2019-06-09T17:00:00Z,7657.9492592592605
2019-06-09T18:00:00Z,7637.092527777778
2019-06-09T19:00:00Z,7657.979194444444
2019-06-09T20:00:00Z,7692.487518518518
2019-06-09T21:00:00Z,7697.646333333335
2019-06-09T22:00:00Z,7662.010833333334
2019-06-09T23:00:00Z,7626.037129629632
2019-06-10T00:00:00Z,7597.264861111112
2019-06-10T01:00:00Z,7591.361444444444
2019-06-10T02:00:00Z,7604.509074074074
2019-06-10T03:00:00Z,7629.269231481482
2019-06-10T04:00:00Z,7651.018092592593
2019-06-10T05:00:00Z,7659.510592592593
2019-06-10T06:00:00Z,7675.617324074073
2019-06-10T07:00:00Z,7697.316527777777
2019-06-10T08:00:00Z,7720.287629629628
2019-06-10T09:00:00Z,7730.488564814815
2019-06-10T10:00:00Z,7715.197833333333
2019-06-10T11:00:00Z,7772.542212962963
2019-06-10T12:00:00Z,7879.38700925926
2019-06-10T13:00:00Z,7976.583324074072
2019-06-10T14:00:00Z,8026.636435185184
2019-06-10T15:00:00Z,8023.544990740739
2019-06-10T16:00:00Z,7996.720314814814
2019-06-10T17:00:00Z,7971.084592592592
2019-06-10T18:00:00Z,7957.410666666666
2019-06-10T19:00:00Z,7961.874157407408
2019-06-10T20:00:00Z,7964.189074074075
2019-06-10T21:00:00Z,7962.995027777778
2019-06-10T22:00:00Z,7959.099537037039
2019-06-10T23:00:00Z,7974.739037037037
2019-06-11T00:00:00Z,7994.981703703704
2019-06-11T01:00:00Z,8002.887657407406
2019-06-11T02:00:00Z,7993.583546296296
2019-06-11T03:00:00Z,7978.312083333333
2019-06-11T04:00:00Z,7961.727685185185
2019-06-11T05:00:00Z,7952.6185
2019-06-11T06:00:00Z,7943.421009259259
2019-06-11T07:00:00Z,7936.848962962963
2019-06-11T08:00:00Z,7938.799361111113
2019-06-11T09:00:00Z,7939.51388888889
2019-06-11T10:00:00Z,7904.753527777776
2019-06-11T11:00:00Z,7846.638064814814
2019-06-11T12:00:00Z,7791.286638888887
2019-06-11T13:00:00Z,7765.6464259259255
2019-06-11T14:00:00Z,7762.663851851852
2019-06-11T15:00:00Z,7768.737277777778
2019-06-11T16:00:00Z,7798.817777777779
2019-06-11T17:00:00Z,7841.241916666667
2019-06-11T18:00:00Z,7881.261111111111
2019-06-11T19:00:00Z,7908.27586111111
2019-06-11T20:00:00Z,7927.93637037037
2019-06-11T21:00:00Z,7936.1788518518515
2019-06-11T22:00:00Z,7935.300324074075
2019-06-11T23:00:00Z,7931.033416666668
2019-06-12T00:00:00Z,7901.229703703703
2019-06-12T01:00:00Z,7871.211083333333
2019-06-12T02:00:00Z,7901.391212962963
2019-06-12T03:00:00Z,7953.339314814814
2019-06-12T04:00:00Z,8002.619388888887
2019-06-12T05:00:00Z,8020.086462962964
2019-06-12T06:00:00Z,8004.9896666666655
2019-06-12T07:00:00Z,7994.901185185186
2019-06-12T08:00:00Z,7987.715972222223
2019-06-12T09:00:00Z,7981.524
2019-06-12T10:00:00Z,7980.744592592592
2019-06-12T11:00:00Z,7985.433231481481
2019-06-12T12:00:00Z,7998.053675925927
2019-06-12T13:00:00Z,8012.911509259258
2019-06-12T14:00:00Z,8024.3812592592585
2019-06-12T15:00:00Z,8081.53612962963
2019-06-12T16:00:00Z,8148.109194444446
2019-06-12T17:00:00Z,8196.467250000002
2019-06-12T18:00:00Z,8209.984370370372
2019-06-12T19:00:00Z,8202.59275
2019-06-12T20:00:00Z,8175.961537037037
2019-06-12T21:00:00Z,8158.342972222222
2019-06-12T22:00:00Z,8151.476796296297
2019-06-12T23:00:00Z,8157.4672407407415
2019-06-13T00:00:00Z,8167.615083333331
2019-06-13T01:00:00Z,8165.136453703702
2019-06-13T02:00:00Z,8142.627601851852
2019-06-13T03:00:00Z,8120.537611111112
2019-06-13T04:00:00Z,8114.235675925927
2019-06-13T05:00:00Z,8117.97375925926
2019-06-13T06:00:00Z,8123.114453703704
2019-06-13T07:00:00Z,8126.833212962963
2019-06-13T08:00:00Z,8129.218314814814
2019-06-13T09:00:00Z,8124.138768518518
2019-06-13T10:00:00Z,8112.703703703702
2019-06-13T11:00:00Z,8107.564703703701
2019-06-13T12:00:00Z,8105.865027777775
2019-06-13T13:00:00Z,8121.094185185186
2019-06-13T14:00:00Z,8142.961953703704
2019-06-13T15:00:00Z,8171.004444444446
2019-06-13T16:00:00Z,8189.447064814815
2019-06-13T17:00:00Z,8199.51886111111
2019-06-13T18:00:00Z,8227.63024074074
2019-06-13T19:00:00Z,8251.282675925926
2019-06-13T20:00:00Z,8271.514148148148
2019-06-13T21:00:00Z,8297.811333333333
2019-06-13T22:00:00Z,8301.883092592592
2019-06-13T23:00:00Z,8288.757
2019-06-14T00:00:00Z,8259.750657407407
2019-06-14T01:00:00Z,8222.465981481482
2019-06-14T02:00:00Z,8196.835824074074
2019-06-14T03:00:00Z,8187.296370370369
2019-06-14T04:00:00Z,8200.038814814814
2019-06-14T05:00:00Z,8218.773833333335
2019-06-14T06:00:00Z,8231.280666666667
2019-06-14T07:00:00Z,8245.55537037037
2019-06-14T08:00:00Z,8268.199694444445
2019-06-14T09:00:00Z,8292.994092592591
2019-06-14T10:00:00Z,8310.585212962962
2019-06-14T11:00:00Z,8310.500351851852
2019-06-14T12:00:00Z,8324.803981481484
2019-06-14T13:00:00Z,8359.740379629631
2019-06-14T14:00:00Z,8397.982712962963
2019-06-14T15:00:00Z,8428.223250000001
2019-06-14T16:00:00Z,8426.575620370371
2019-06-14T17:00:00Z,8416.230870370373
2019-06-14T18:00:00Z,8410.962481481483
2019-06-14T19:00:00Z,8413.67525
2019-06-14T20:00:00Z,8431.652833333335
2019-06-14T21:00:00Z,8500.260037037038
2019-06-14T22:00:00Z,8596.983333333332
2019-06-14T23:00:00Z,8690.710879629629
2019-06-15T00:00:00Z,8730.427166666666
2019-06-15T01:00:00Z,8719.440361111112
2019-06-15T02:00:00Z,8695.524925925924
2019-06-15T03:00:00Z,8671.046657407407
2019-06-15T04:00:00Z,8659.285916666668
2019-06-15T05:00:00Z,8670.975509259259
2019-06-15T06:00:00Z,8687.33387962963
2019-06-15T07:00:00Z,8705.829314814813
2019-06-15T08:00:00Z,8712.891564814812
2019-06-15T09:00:00Z,8701.539046296295
2019-06-15T10:00:00Z,8688.219037037037
2019-06-15T11:00:00Z,8675.477157407408
2019-06-15T12:00:00Z,8660.252731481482
2019-06-15T13:00:00Z,8650.36437037037
2019-06-15T14:00:00Z,8659.710787037036
2019-06-15T15:00:00Z,8707.620314814814
2019-06-15T16:00:00Z,8786.268648148149
2019-06-15T17:00:00Z,8848.32186111111
2019-06-15T18:00:00Z,8876.849537037035
2019-06-15T19:00:00Z,8884.850546296295
2019-06-15T20:00:00Z,8865.539953703703
2019-06-15T21:00:00Z,8846.432064814817
2019-06-15T22:00:00Z,8833.906703703706
2019-06-15T23:00:00Z,8836.778490740742
2019-06-16T00:00:00Z,8840.86224074074
2019-06-16T01:00:00Z,8880.362203703702
2019-06-16T02:00:00Z,8934.325537037037
2019-06-16T03:00:00Z,8992.82923148148
2019-06-16T04:00:00Z,9061.32184259259
2019-06-16T05:00:00Z,9183.843907407407
2019-06-16T06:00:00Z,9308.176416666667
2019-06-16T07:00:00Z,9394.423953703705
2019-06-16T08:00:00Z,9348.386231481481
2019-06-16T09:00:00Z,9233.377842592594
2019-06-16T10:00:00Z,9127.278203703703
2019-06-16T11:00:00Z,9075.283046296294
2019-06-16T12:00:00Z,9058.904981481479
2019-06-16T13:00:00Z,9105.524898148147
2019-06-16T14:00:00Z,9178.492407407408
2019-06-16T15:00:00Z,9241.923148148147
2019-06-16T16:00:00Z,9262.097546296298
2019-06-16T17:00:00Z,9202.355537037038
2019-06-16T18:00:00Z,9117.36798148148
2019-06-16T19:00:00Z,9005.665935185185
2019-06-16T20:00:00Z,8920.387425925926
2019-06-16T21:00:00Z,8905.19677777778
2019-06-16T22:00:00Z,8947.990083333336
2019-06-16T23:00:00Z,8987.038212962965
2019-06-17T00:00:00Z,9063.884462962964
2019-06-17T01:00:00Z,9125.794287037037
2019-06-17T02:00:00Z,9153.654981481483
2019-06-17T03:00:00Z,9172.482185185187
2019-06-17T04:00:00Z,9184.407481481481
2019-06-17T05:00:00Z,9194.35176851852
2019-06-17T06:00:00Z,9190.02463888889
2019-06-17T07:00:00Z,9179.451472222221
2019-06-17T08:00:00Z,9181.395046296297
2019-06-17T09:00:00Z,9188.968046296299
2019-06-17T10:00:00Z,9225.126694444445
2019-06-17T11:00:00Z,9271.094407407409
2019-06-17T12:00:00Z,9309.180546296295
2019-06-17T13:00:00Z,9325.746629629632
2019-06-17T14:00:00Z,9356.17962037037
2019-06-17T15:00:00Z,9326.708064814817
2019-06-17T16:00:00Z,9278.951203703704
2019-06-17T17:00:00Z,9239.92936111111
2019-06-17T18:00:00Z,9231.888398148149
2019-06-17T19:00:00Z,9258.008212962965
2019-06-17T20:00:00Z,9279.744620370371
2019-06-17T21:00:00Z,9294.003916666665
2019-06-17T22:00:00Z,9316.33425
2019-06-17T23:00:00Z,9336.14307407407
2019-06-18T00:00:00Z,9339.442009259257
2019-06-18T01:00:00Z,9328.341925925924
2019-06-18T02:00:00Z,9297.910453703704
2019-06-18T03:00:00Z,9270.62212962963
2019-06-18T04:00:00Z,9252.247314814815
2019-06-18T05:00:00Z,9215.074231481482
2019-06-18T06:00:00Z,9180.655083333331
2019-06-18T07:00:00Z,9140.242277777776
2019-06-18T08:00:00Z,9126.282833333333
2019-06-18T09:00:00Z,9147.835472222223
2019-06-18T10:00:00Z,9187.205500000002
2019-06-18T11:00:00Z,9207.889092592593
2019-06-18T12:00:00Z,9204.535157407408
2019-06-18T13:00:00Z,9189.758537037036
2019-06-18T14:00:00Z,9158.410351851851
2019-06-18T15:00:00Z,9117.191898148149
2019-06-18T16:00:00Z,9054.476296296298
2019-06-18T17:00:00Z,9014.661333333332
2019-06-18T18:00:00Z,9020.233027777778
2019-06-18T19:00:00Z,9042.659722222223
2019-06-18T20:00:00Z,9081.866546296296
2019-06-18T21:00:00Z,9081.098518518518
2019-06-18T22:00:00Z,9053.372787037035
2019-06-18T23:00:00Z,9040.00625
2019-06-19T00:00:00Z,9072.049833333334
2019-06-19T01:00:00Z,9118.43550925926
2019-06-19T02:00:00Z,9156.948407407406
2019-06-19T03:00:00Z,9170.264046296295
2019-06-19T04:00:00Z,9174.203666666665
2019-06-19T05:00:00Z,9178.32911111111
2019-06-19T06:00:00Z,9176.170453703706
2019-06-19T07:00:00Z,9176.169472222224
2019-06-19T08:00:00Z,9174.261120370371
2019-06-19T09:00:00Z,9156.215648148145
2019-06-19T10:00:00Z,9138.2997037037
2019-06-19T11:00:00Z,9125.325870370367
2019-06-19T12:00:00Z,9105.334981481481
2019-06-19T13:00:00Z,9101.719398148149
2019-06-19T14:00:00Z,9089.086675925926
2019-06-19T15:00:00Z,9084.133583333332
2019-06-19T16:00:00Z,9095.039675925926
2019-06-19T17:00:00Z,9116.599944444446
2019-06-19T18:00:00Z,9130.093111111113
2019-06-19T19:00:00Z,9142.654999999999
2019-06-19T20:00:00Z,9155.564592592593
2019-06-19T21:00:00Z,9187.222685185183
2019-06-19T22:00:00Z,9231.171509259259
2019-06-19T23:00:00Z,9273.999703703703
2019-06-20T00:00:00Z,9296.939888888888
2019-06-20T01:00:00Z,9300.909629629628
2019-06-20T02:00:00Z,9315.972824074075
2019-06-20T03:00:00Z,9335.634212962963
2019-06-20T04:00:00Z,9345.835861111113
2019-06-20T05:00:00Z,9337.236444444445
2019-06-20T06:00:00Z,9318.824601851853
2019-06-20T07:00:00Z,9295.38876851852
2019-06-20T08:00:00Z,9264.965722222221
2019-06-20T09:00:00Z,9238.038092592593
2019-06-20T10:00:00Z,9223.007962962964
2019-06-20T11:00:00Z,9229.279805555556
2019-06-20T12:00:00Z,9248.259425925928
2019-06-20T13:00:00Z,9281.525768518519
2019-06-20T14:00:00Z,9323.205296296295
2019-06-20T15:00:00Z,9363.674574074072
2019-06-20T16:00:00Z,9389.300555555556
2019-06-20T17:00:00Z,9395.68287962963
2019-06-20T18:00:00Z,9409.466148148149
2019-06-20T19:00:00Z,9458.498564814814
2019-06-20T20:00:00Z,9526.383462962964
2019-06-20T21:00:00Z,9570.092472222224
2019-06-20T22:00:00Z,9590.317018518519
2019-06-20T23:00:00Z,9583.032675925928
2019-06-21T00:00:00Z,9581.434824074075
2019-06-21T01:00:00Z,9631.683935185187
2019-06-21T02:00:00Z,9693.94975925926
2019-06-21T03:00:00Z,9754.166268518517
2019-06-21T04:00:00Z,9785.368324074072
2019-06-21T05:00:00Z,9793.490703703703
2019-06-21T06:00:00Z,9769.230185185186
2019-06-21T07:00:00Z,9751.321620370369
2019-06-21T08:00:00Z,9736.722953703704
2019-06-21T09:00:00Z,9748.34863888889
2019-06-21T10:00:00Z,9768.79737962963
2019-06-21T11:00:00Z,9802.31575
2019-06-21T12:00:00Z,9833.819833333333
2019-06-21T13:00:00Z,9832.680824074072
2019-06-21T14:00:00Z,9828.446675925925
2019-06-21T15:00:00Z,9817.522222222222
2019-06-21T16:00:00Z,9830.72005555556
2019-06-21T17:00:00Z,9868.968222222224
2019-06-21T18:00:00Z,9912.183972222223
2019-06-21T19:00:00Z,9937.907583333335
2019-06-21T20:00:00Z,9951.590972222222
2019-06-21T21:00:00Z,9950.50875925926
2019-06-21T22:00:00Z,9940.996796296296
2019-06-21T23:00:00Z,10023.398046296295
2019-06-22T00:00:00Z,10121.588222222223
2019-06-22T01:00:00Z,10300.16625
2019-06-22T02:00:00Z,10539.497231481482
2019-06-22T03:00:00Z,10700.534046296298
2019-06-22T04:00:00Z,10785.22222222222
2019-06-22T05:00:00Z,10808.850453703702
2019-06-22T06:00:00Z,10818.779425925924
2019-06-22T07:00:00Z,10798.059314814816
2019-06-22T08:00:00Z,10798.527851851853
2019-06-22T09:00:00Z,10847.894361111112
2019-06-22T10:00:00Z,10912.019555555555
2019-06-22T11:00:00Z,10950.903842592592
2019-06-22T12:00:00Z,11023.062361111113
2019-06-22T13:00:00Z,11098.665046296299
2019-06-22T14:00:00Z,11057.431962962966
2019-06-22T15:00:00Z,10952.835833333336
2019-06-22T16:00:00Z,10860.545083333333
2019-06-22T17:00:00Z,10765.47114814815
2019-06-22T18:00:00Z,10676.443101851853
2019-06-22T19:00:00Z,10614.825175925927
2019-06-22T20:00:00Z,10572.029842592594
2019-06-22T21:00:00Z,10546.527925925926
2019-06-22T22:00:00Z,10506.644416666664
2019-06-22T23:00:00Z,10521.178833333333
2019-06-23T00:00:00Z,10612.996546296295
2019-06-23T01:00:00Z,10739.266870370371
2019-06-23T02:00:00Z,10796.394824074072
2019-06-23T03:00:00Z,10801.007907407406
2019-06-23T04:00:00Z,10758.229203703702
2019-06-23T05:00:00Z,10731.761509259259
2019-06-23T06:00:00Z,10715.770222222223
2019-06-23T07:00:00Z,10698.222601851854
2019-06-23T08:00:00Z,10677.833074074073
2019-06-23T09:00:00Z,10647.15148148148
2019-06-23T10:00:00Z,10589.043027777776
2019-06-23T11:00:00Z,10542.861185185184
2019-06-23T12:00:00Z,10552.941120370371
2019-06-23T13:00:00Z,10578.578435185183
2019-06-23T14:00:00Z,10633.98625925926
2019-06-23T15:00:00Z,10688.602064814813
2019-06-23T16:00:00Z,10715.472472222222
2019-06-23T17:00:00Z,10728.792462962962
2019-06-23T18:00:00Z,10761.667268518517
2019-06-23T19:00:00Z,10841.119416666666
2019-06-23T20:00:00Z,10951.22365740741
2019-06-23T21:00:00Z,11005.640212962962
2019-06-23T22:00:00Z,10988.732953703706
2019-06-23T23:00:00Z,10923.967166666664
2019-06-24T00:00:00Z,10802.0299537037
2019-06-24T01:00:00Z,10682.970388888889
2019-06-24T02:00:00Z,10595.047101851851
2019-06-24T03:00:00Z,10560.48687962963
2019-06-24T04:00:00Z,10608.817083333335
2019-06-24T05:00:00Z,10693.420333333333
2019-06-24T06:00:00Z,10747.587305555553
2019-06-24T07:00:00Z,10774.892907407406
2019-06-24T08:00:00Z,10811.781666666666
2019-06-24T09:00:00Z,10856.13447222222
2019-06-24T10:00:00Z,10893.95359259259
2019-06-24T11:00:00Z,10909.399685185184
2019-06-24T12:00:00Z,10903.858444444444
2019-06-24T13:00:00Z,10883.082944444443
2019-06-24T14:00:00Z,10889.94185185185
2019-06-24T15:00:00Z,10906.076055555553
2019-06-24T16:00:00Z,10952.21961111111
2019-06-24T17:00:00Z,11005.062009259258
2019-06-24T18:00:00Z,11027.275361111113
2019-06-24T19:00:00Z,11001.26026851852
2019-06-24T20:00:00Z,10937.918592592592
2019-06-24T21:00:00Z,10896.757749999999
2019-06-24T22:00:00Z,10908.091777777778
2019-06-24T23:00:00Z,10960.178027777778
2019-06-25T00:00:00Z,11022.88800925926
2019-06-25T01:00:00Z,11087.571194444447
2019-06-25T02:00:00Z,11135.45322222222
2019-06-25T03:00:00Z,11163.7505
2019-06-25T04:00:00Z,11194.29311111111
2019-06-25T05:00:00Z,11246.988240740737
2019-06-25T06:00:00Z,11292.376416666666
2019-06-25T07:00:00Z,11343.576120370368
2019-06-25T08:00:00Z,11358.610657407406
2019-06-25T09:00:00Z,11362.461101851854
2019-06-25T10:00:00Z,11380.898666666666
2019-06-25T11:00:00Z,11399.710953703703
2019-06-25T12:00:00Z,11358.300685185182
2019-06-25T13:00:00Z,11313.546416666664
2019-06-25T14:00:00Z,11275.030981481483
2019-06-25T15:00:00Z,11281.60786111111
2019-06-25T16:00:00Z,11306.731175925925
2019-06-25T17:00:00Z,11329.303324074075
2019-06-25T18:00:00Z,11355.519472222222
2019-06-25T19:00:00Z,11371.602722222224
2019-06-25T20:00:00Z,11381.076083333333
2019-06-25T21:00:00Z,11436.218712962966
2019-06-25T22:00:00Z,11544.170888888892
2019-06-25T23:00:00Z,11682.301138888892
2019-06-26T00:00:00Z,11842.47040740741
2019-06-26T01:00:00Z,11950.719555555557
2019-06-26T02:00:00Z,12001.374888888888
2019-06-26T03:00:00Z,12103.856296296295
2019-06-26T04:00:00Z,12277.82450925926
2019-06-26T05:00:00Z,12458.423555555557
2019-06-26T06:00:00Z,12658.866296296297
2019-06-26T07:00:00Z,12717.498768518519
2019-06-26T08:00:00Z,12721.615509259258
2019-06-26T09:00:00Z,12612.77027777778
2019-06-26T10:00:00Z,12573.499953703702
2019-06-26T11:00:00Z,12586.574935185185
2019-06-26T12:00:00Z,12685.203870370371
2019-06-26T13:00:00Z,12819.352648148148
2019-06-26T14:00:00Z,12882.060203703702
2019-06-26T15:00:00Z,12904.065935185185
2019-06-26T16:00:00Z,13113.587101851852
2019-06-26T17:00:00Z,13362.94710185185
2019-06-26T18:00:00Z,13672.301842592593
2019-06-26T19:00:00Z,13909.9055462963
2019-06-26T20:00:00Z,13699.072648148149
2019-06-26T21:00:00Z,13181.445787037037
2019-06-26T22:00:00Z,12614.3895
2019-06-26T23:00:00Z,12387.634601851847
2019-06-27T00:00:00Z,12517.324870370367
2019-06-27T01:00:00Z,12690.669527777778
2019-06-27T02:00:00Z,12796.050750000002
2019-06-27T03:00:00Z,12814.143981481486
2019-06-27T04:00:00Z,12816.86051851852
2019-06-27T05:00:00Z,12817.03162962963
2019-06-27T06:00:00Z,12682.698074074075
2019-06-27T07:00:00Z,12492.958564814815
2019-06-27T08:00:00Z,12178.310611111112
2019-06-27T09:00:00Z,11865.989120370368
2019-06-27T10:00:00Z,11618.947601851853
2019-06-27T11:00:00Z,11605.977388888889
2019-06-27T12:00:00Z,11636.86912962963
2019-06-27T13:00:00Z,11642.74101851852
2019-06-27T14:00:00Z,11696.099064814813
2019-06-27T15:00:00Z,11687.386583333331
2019-06-27T16:00:00Z,11444.954638888887
2019-06-27T17:00:00Z,11076.895824074074
2019-06-27T18:00:00Z,10797.463935185184
2019-06-27T19:00:00Z,10648.435129629628
2019-06-27T20:00:00Z,10591.827148148148
2019-06-27T21:00:00Z,10583.203268518519
2019-06-27T22:00:00Z,10703.397749999998
2019-06-27T23:00:00Z,10904.235666666667
2019-06-28T00:00:00Z,11196.964444444444
2019-06-28T01:00:00Z,11378.478861111109
2019-06-28T02:00:00Z,11342.075296296292
2019-06-28T03:00:00Z,11227.848759259257
2019-06-28T04:00:00Z,11091.296555555551
2019-06-28T05:00:00Z,11035.787240740741
2019-06-28T06:00:00Z,11104.479444444441
2019-06-28T07:00:00Z,11202.062629629625
2019-06-28T08:00:00Z,11401.813620370369
2019-06-28T09:00:00Z,11663.009175925929
2019-06-28T10:00:00Z,11883.586833333336
2019-06-28T11:00:00Z,12075.863175925928
2019-06-28T12:00:00Z,12056.387620370371
2019-06-28T13:00:00Z,11987.625175925927
2019-06-28T14:00:00Z,11865.88339814815
2019-06-28T15:00:00Z,11821.656972222225
2019-06-28T16:00:00Z,11840.274055555556
2019-06-28T17:00:00Z,11857.501120370369
2019-06-28T18:00:00Z,11890.570055555552
2019-06-28T19:00:00Z,12033.30512037037
2019-06-28T20:00:00Z,12184.85638888889
2019-06-28T21:00:00Z,12315.33984259259
2019-06-28T22:00:00Z,12385.131222222219
2019-06-28T23:00:00Z,12414.853148148148
2019-06-29T00:00:00Z,12376.64425925926
2019-06-29T01:00:00Z,12194.852157407411
2019-06-29T02:00:00Z,11936.412046296298
2019-06-29T03:00:00Z,11633.357416666666
2019-06-29T04:00:00Z,11450.71050925926
2019-06-29T05:00:00Z,11372.806805555556
2019-06-29T06:00:00Z,11454.218712962966
2019-06-29T07:00:00Z,11614.203777777779
2019-06-29T08:00:00Z,11709.252351851852
2019-06-29T09:00:00Z,11710.55537962963
2019-06-29T10:00:00Z,11709.81287037037
2019-06-29T11:00:00Z,11777.576574074074
2019-06-29T12:00:00Z,11916.166416666669
2019-06-29T13:00:00Z,12027.810787037039
2019-06-29T14:00:00Z,12058.699092592593
2019-06-29T15:00:00Z,12012.107324074073
2019-06-29T16:00:00Z,11921.210453703703
2019-06-29T17:00:00Z,11882.770972222223
2019-06-29T18:00:00Z,11891.121444444443
2019-06-29T19:00:00Z,11898.920851851848
2019-06-29T20:00:00Z,11976.183314814814
2019-06-29T21:00:00Z,12011.06173148148
2019-06-29T22:00:00Z,12041.92926851852
2019-06-29T23:00:00Z,12003.746685185184
2019-06-30T00:00:00Z,12010.485583333333
2019-06-30T01:00:00Z,12043.858435185182
2019-06-30T02:00:00Z,12080.27533333333
2019-06-30T03:00:00Z,12117.543120370368
2019-06-30T04:00:00Z,12107.45425
2019-06-30T05:00:00Z,12055.93787037037
2019-06-30T06:00:00Z,11973.328453703702
2019-06-30T07:00:00Z,11838.563324074074
2019-06-30T08:00:00Z,11735.97315740741
2019-06-30T09:00:00Z,11683.613055555557
2019-06-30T10:00:00Z,11601.977435185187
2019-06-30T11:00:00Z,11519.661444444448
2019-06-30T12:00:00Z,11465.483175925925
2019-06-30T13:00:00Z,11312.71724074074
2019-06-30T14:00:00Z,11164.629027777779
2019-06-30T15:00:00Z,11023.938425925924
2019-06-30T16:00:00Z,10988.439425925928
2019-06-30T17:00:00Z,11058.953379629631
2019-06-30T18:00:00Z,11136.565537037037
2019-06-30T19:00:00Z,11201.29310185185
2019-06-30T20:00:00Z,11279.291898148143
2019-06-30T21:00:00Z,11319.384231481477
2019-06-30T22:00:00Z,11221.423583333331
2019-06-30T23:00:00Z,11009.61238888889
2019-07-01T00:00:00Z,10867.812425925928
2019-07-01T01:00:00Z,10797.868416666668
2019-07-01T02:00:00Z,10833.244611111111
2019-07-01T03:00:00Z,10926.611833333334
2019-07-01T04:00:00Z,11019.558703703704
2019-07-01T05:00:00Z,11062.81527777778
2019-07-01T06:00:00Z,11020.285564814816
2019-07-01T07:00:00Z,10946.510342592594
2019-07-01T08:00:00Z,10941.357833333333
2019-07-01T09:00:00Z,10977.086787037037
2019-07-01T10:00:00Z,10987.173879629632
2019-07-01T11:00:00Z,10978.279518518519
2019-07-01T12:00:00Z,10851.112296296298
2019-07-01T13:00:00Z,10674.749351851855
2019-07-01T14:00:00Z,10419.373712962964
2019-07-01T15:00:00Z,10239.352120370371
2019-07-01T16:00:00Z,10144.94261111111
2019-07-01T17:00:00Z,10125.346722222223
2019-07-01T18:00:00Z,10152.328861111111
2019-07-01T19:00:00Z,10165.938435185186
2019-07-01T20:00:00Z,10256.057990740743
2019-07-01T21:00:00Z,10392.982537037038
2019-07-01T22:00:00Z,10497.405444444443
2019-07-01T23:00:00Z,10567.923027777777
2019-07-02T00:00:00Z,10534.67511111111
2019-07-02T01:00:00Z,10435.358370370368
2019-07-02T02:00:00Z,10330.080731481481
2019-07-02T03:00:00Z,10273.773796296296
2019-07-02T04:00:00Z,10180.54988888889
2019-07-02T05:00:00Z,10056.416694444446
2019-07-02T06:00:00Z,9883.524842592593
2019-07-02T07:00:00Z,9755.551166666666
2019-07-02T08:00:00Z,9811.203749999999
2019-07-02T09:00:00Z,9956.85875925926
2019-07-02T10:00:00Z,10071.471027777778
2019-07-02T11:00:00Z,10084.848018518518
2019-07-02T12:00:00Z,10046.09961111111
2019-07-02T13:00:00Z,9981.925666666668
2019-07-02T14:00:00Z,10115.847861111111
2019-07-02T15:00:00Z,10356.179398148148
2019-07-02T16:00:00Z,10560.571472222224
2019-07-02T17:00:00Z,10727.682898148147
2019-07-02T18:00:00Z,10803.795833333332
2019-07-02T19:00:00Z,10847.279564814815
2019-07-02T20:00:00Z,10842.085370370369
2019-07-02T21:00:00Z,10798.362944444443
2019-07-02T22:00:00Z,10777.538953703703
2019-07-02T23:00:00Z,10792.164583333331
2019-07-03T00:00:00Z,10955.891962962962
2019-07-03T01:00:00Z,11188.341916666666
2019-07-03T02:00:00Z,11335.322935185186
2019-07-03T03:00:00Z,11414.004685185186
2019-07-03T04:00:00Z,11409.408009259261
2019-07-03T05:00:00Z,11438.021972222225
2019-07-03T06:00:00Z,11479.406
2019-07-03T07:00:00Z,11456.53524074074
2019-07-03T08:00:00Z,11324.493101851855
2019-07-03T09:00:00Z,11218.152990740744
2019-07-03T10:00:00Z,11201.527805555554
2019-07-03T11:00:00Z,11212.135444444444
2019-07-03T12:00:00Z,11278.561851851851
2019-07-03T13:00:00Z,11305.800833333335
2019-07-03T14:00:00Z,11348.99263888889
2019-07-03T15:00:00Z,11406.470101851854
2019-07-03T16:00:00Z,11377.63975925926
2019-07-03T17:00:00Z,11298.848972222224
2019-07-03T18:00:00Z,11227.252259259258
2019-07-03T19:00:00Z,11205.327907407409
2019-07-03T20:00:00Z,11256.362166666668
2019-07-03T21:00:00Z,11335.489249999999
2019-07-03T22:00:00Z,11558.032759259258
2019-07-03T23:00:00Z,11823.366861111112
2019-07-04T00:00:00Z,12000.775259259259
2019-07-04T01:00:00Z,12069.731268518517
2019-07-04T02:00:00Z,12051.773583333334
2019-07-04T03:00:00Z,12003.229953703703
2019-07-04T04:00:00Z,11890.720768518519
2019-07-04T05:00:00Z,11775.505759259258
2019-07-04T06:00:00Z,11708.921953703704
2019-07-04T07:00:00Z,11684.178555555554
2019-07-04T08:00:00Z,11710.363712962962
2019-07-04T09:00:00Z,11707.879953703703
2019-07-04T10:00:00Z,11672.905527777775
2019-07-04T11:00:00Z,11666.02562037037
2019-07-04T12:00:00Z,11700.198212962967
2019-07-04T13:00:00Z,11780.563509259262
2019-07-04T14:00:00Z,11861.56738888889
2019-07-04T15:00:00Z,11879.295564814814
2019-07-04T16:00:00Z,11855.978092592593
2019-07-04T17:00:00Z,11843.416925925927
2019-07-04T18:00:00Z,11841.206481481482
2019-07-04T19:00:00Z,11853.46275925926
2019-07-04T20:00:00Z,11822.864833333333
2019-07-04T21:00:00Z,11724.223314814813
2019-07-04T22:00:00Z,11626.63459259259
2019-07-04T23:00:00Z,11421.679675925925
2019-07-05T00:00:00Z,11219.097944444447
2019-07-05T01:00:00Z,11084.391694444445
2019-07-05T02:00:00Z,11014.404712962963
2019-07-05T03:00:00Z,11013.599805555554
2019-07-05T04:00:00Z,11047.686379629631
2019-07-05T05:00:00Z,11080.298083333333
2019-07-05T06:00:00Z,11017.473435185186
2019-07-05T07:00:00Z,10952.647166666664
2019-07-05T08:00:00Z,10882.379601851853
2019-07-05T09:00:00Z,10944.294203703705
2019-07-05T10:00:00Z,11097.419120370369
2019-07-05T11:00:00Z,11228.472185185186
2019-07-05T12:00:00Z,11292.145990740742
2019-07-05T13:00:00Z,11278.232222222223
2019-07-05T14:00:00Z,11293.471796296297
2019-07-05T15:00:00Z,11302.650425925924
2019-07-05T16:00:00Z,11278.166703703702
2019-07-05T17:00:00Z,11270.711638888888
2019-07-05T18:00:00Z,11254.167129629632
2019-07-05T19:00:00Z,11215.844240740736
2019-07-05T20:00:00Z,11137.94333333333
2019-07-05T21:00:00Z,11067.831750000003
2019-07-05T22:00:00Z,10990.409324074075
2019-07-05T23:00:00Z,10950.32951851852
2019-07-06T00:00:00Z,11079.973092592596
2019-07-06T01:00:00Z,11259.61880555556
2019-07-06T02:00:00Z,11412.201842592593
2019-07-06T03:00:00Z,11521.576305555553
2019-07-06T04:00:00Z,11548.489370370371
2019-07-06T05:00:00Z,11509.649592592592
2019-07-06T06:00:00Z,11457.205916666666
2019-07-06T07:00:00Z,11427.318287037036
2019-07-06T08:00:00Z,11394.93224074074
2019-07-06T09:00:00Z,11393.15537962963
2019-07-06T10:00:00Z,11389.54862962963
2019-07-06T11:00:00Z,11397.405064814817
2019-07-06T12:00:00Z,11418.774185185188
2019-07-06T13:00:00Z,11422.875648148149
2019-07-06T14:00:00Z,11429.373092592592
2019-07-06T15:00:00Z,11490.06013888889
2019-07-06T16:00:00Z,11565.958185185185
2019-07-06T17:00:00Z,11625.247916666667
2019-07-06T18:00:00Z,11617.186555555556
2019-07-06T19:00:00Z,11574.641009259261
2019-07-06T20:00:00Z,11515.336425925927
2019-07-06T21:00:00Z,11385.18803703704
2019-07-06T22:00:00Z,11259.917222222226
2019-07-06T23:00:00Z,11172.731138888892
2019-07-07T00:00:00Z,11132.121453703707
2019-07-07T01:00:00Z,11141.441296296296
2019-07-07T02:00:00Z,11155.277814814814
2019-07-07T03:00:00Z,11155.329240740743
2019-07-07T04:00:00Z,11184.858370370372
2019-07-07T05:00:00Z,11213.56263888889
2019-07-07T06:00:00Z,11223.206851851852
2019-07-07T07:00:00Z,11215.718444444445
2019-07-07T08:00:00Z,11200.059305555556
2019-07-07T09:00:00Z,11204.952453703701
2019-07-07T10:00:00Z,11234.391111111114
2019-07-07T11:00:00Z,11287.064305555556
2019-07-07T12:00:00Z,11339.76975
2019-07-07T13:00:00Z,11382.87762037037
2019-07-07T14:00:00Z,11398.00825
2019-07-07T15:00:00Z,11361.7595
2019-07-07T16:00:00Z,11289.81099074074
2019-07-07T17:00:00Z,11303.79538888889
2019-07-07T18:00:00Z,11370.21562037037
2019-07-07T19:00:00Z,11476.292777777779
2019-07-07T20:00:00Z,11551.784453703702
2019-07-07T21:00:00Z,11584.939398148148
2019-07-07T22:00:00Z,11555.028
2019-07-07T23:00:00Z,11512.27401851852
2019-07-08T00:00:00Z,11463.578518518518
2019-07-08T01:00:00Z,11437.292435185189
2019-07-08T02:00:00Z,11415.29500925926
2019-07-08T03:00:00Z,11400.790129629628
2019-07-08T04:00:00Z,11415.796879629628
2019-07-08T05:00:00Z,11442.398212962964
2019-07-08T06:00:00Z,11457.327324074076
2019-07-08T07:00:00Z,11468.111814814818
2019-07-08T08:00:00Z,11563.806416666668
2019-07-08T09:00:00Z,11716.32639814815
2019-07-08T10:00:00Z,11881.678379629631
2019-07-08T11:00:00Z,12000.501861111114
2019-07-08T12:00:00Z,12033.393694444449
2019-07-08T13:00:00Z,12012.252833333338
2019-07-08T14:00:00Z,11968.28799074074
2019-07-08T15:00:00Z,11926.76823148148
2019-07-08T16:00:00Z,11895.974268518517
2019-07-08T17:00:00Z,11886.196944444446
2019-07-08T18:00:00Z,11882.626537037037
2019-07-08T19:00:00Z,11982.469212962962
2019-07-08T20:00:00Z,12117.415675925926
2019-07-08T21:00:00Z,12277.200370370372
2019-07-08T22:00:00Z,12388.059129629628
2019-07-08T23:00:00Z,12421.949833333332
2019-07-09T00:00:00Z,12394.958037037039
2019-07-09T01:00:00Z,12427.801444444447
2019-07-09T02:00:00Z,12533.882833333331
2019-07-09T03:00:00Z,12659.560749999999
2019-07-09T04:00:00Z,12762.274787037037
2019-07-09T05:00:00Z,12794.329166666665
2019-07-09T06:00:00Z,12806.701564814814
2019-07-09T07:00:00Z,12713.667472222223
2019-07-09T08:00:00Z,12620.830305555553
2019-07-09T09:00:00Z,12584.633407407406
2019-07-09T10:00:00Z,12489.491398148146
2019-07-09T11:00:00Z,12384.440861111108
2019-07-09T12:00:00Z,12309.376814814814
2019-07-09T13:00:00Z,12292.218388888889
2019-07-09T14:00:00Z,12300.412212962963
2019-07-09T15:00:00Z,12331.13287037037
2019-07-09T16:00:00Z,12408.019657407407
2019-07-09T17:00:00Z,12496.552842592593
2019-07-09T18:00:00Z,12583.845981481478
2019-07-09T19:00:00Z,12608.847324074071
2019-07-09T20:00:00Z,12555.914879629627
2019-07-09T21:00:00Z,12521.552333333331
2019-07-09T22:00:00Z,12523.69986111111
2019-07-09T23:00:00Z,12551.745009259263
2019-07-10T00:00:00Z,12669.997759259257
2019-07-10T01:00:00Z,12816.771916666667
2019-07-10T02:00:00Z,12985.636916666665
2019-07-10T03:00:00Z,13086.81449074074
2019-07-10T04:00:00Z,13127.216620370373
2019-07-10T05:00:00Z,13125.47903703704
2019-07-10T06:00:00Z,13081.274268518517
2019-07-10T07:00:00Z,13003.519638888887
2019-07-10T08:00:00Z,12943.079833333331
2019-07-10T09:00:00Z,12920.907175925926
2019-07-10T10:00:00Z,12942.805796296298
2019-07-10T11:00:00Z,12981.970388888889
2019-07-10T12:00:00Z,13026.75725
2019-07-10T13:00:00Z,13062.293851851855
2019-07-10T14:00:00Z,12907.189870370372
2019-07-10T15:00:00Z,12640.349314814814
2019-07-10T16:00:00Z,12358.178462962964
2019-07-10T17:00:00Z,12173.107175925928
2019-07-10T18:00:00Z,12091.467398148152
2019-07-10T19:00:00Z,12031.628842592594
2019-07-10T20:00:00Z,11905.727740740744
2019-07-10T21:00:00Z,11814.794361111111
2019-07-10T22:00:00Z,11827.522046296297
2019-07-10T23:00:00Z,11919.720824074073
2019-07-11T00:00:00Z,11975.516453703704
2019-07-11T01:00:00Z,11992.643361111112
2019-07-11T02:00:00Z,11977.029287037038
2019-07-11T03:00:00Z,11881.749324074073
2019-07-11T04:00:00Z,11674.32787962963
2019-07-11T05:00:00Z,11469.874055555556
2019-07-11T06:00:00Z,11371.335000000001
2019-07-11T07:00:00Z,11397.27861111111
2019-07-11T08:00:00Z,11435.421712962963
2019-07-11T09:00:00Z,11457.793527777778
2019-07-11T10:00:00Z,11451.87173148148
2019-07-11T11:00:00Z,11487.444648148143
2019-07-11T12:00:00Z,11543.57198148148
2019-07-11T13:00:00Z,11605.765490740741
2019-07-11T14:00:00Z,11691.152851851852
2019-07-11T15:00:00Z,11695.539648148146
2019-07-11T16:00:00Z,11702.635444444444
2019-07-11T17:00:00Z,11705.863351851853
2019-07-11T18:00:00Z,11706.489379629633
2019-07-11T19:00:00Z,11680.401305555555
2019-07-11T20:00:00Z,11503.36438888889
2019-07-11T21:00:00Z,11324.649583333332
2019-07-11T22:00:00Z,11210.50427777778
2019-07-11T23:00:00Z,11195.083240740742
2019-07-12T00:00:00Z,11277.922805555552
2019-07-12T01:00:00Z,11366.140805555557
2019-07-12T02:00:00Z,11412.569611111112
2019-07-12T03:00:00Z,11360.536018518518
2019-07-12T04:00:00Z,11305.155416666668
2019-07-12T05:00:00Z,11290.971935185184
2019-07-12T06:00:00Z,11333.784611111114
2019-07-12T07:00:00Z,11468.724444444446
2019-07-12T08:00:00Z,11595.864879629627
2019-07-12T09:00:00Z,11697.388407407407
2019-07-12T10:00:00Z,11744.658768518517
2019-07-12T11:00:00Z,11757.810407407407
2019-07-12T12:00:00Z,11744.699833333332
2019-07-12T13:00:00Z,11721.684518518518
2019-07-12T14:00:00Z,11689.91152777778
2019-07-12T15:00:00Z,11625.161453703704
2019-07-12T16:00:00Z,11567.115842592591
2019-07-12T17:00:00Z,11553.59810185185
2019-07-12T18:00:00Z,11568.404601851851
2019-07-12T19:00:00Z,11601.958231481482
2019-07-12T20:00:00Z,11712.293962962962
2019-07-12T21:00:00Z,11807.415685185182
2019-07-12T22:00:00Z,11870.235009259259
2019-07-12T23:00:00Z,11879.14861111111
2019-07-13T00:00:00Z,11843.725314814814
2019-07-13T01:00:00Z,11787.019749999998
2019-07-13T02:00:00Z,11727.479620370374
2019-07-13T03:00:00Z,11666.758370370371
2019-07-13T04:00:00Z,11623.409592592596
2019-07-13T05:00:00Z,11613.416435185189
2019-07-13T06:00:00Z,11598.873592592594
2019-07-13T07:00:00Z,11560.204203703703
2019-07-13T08:00:00Z,11531.422092592591
2019-07-13T09:00:00Z,11513.105296296295
2019-07-13T10:00:00Z,11445.94188888889
2019-07-13T11:00:00Z,11357.192314814814
2019-07-13T12:00:00Z,11285.864166666668
2019-07-13T13:00:00Z,11268.943953703703
2019-07-13T14:00:00Z,11284.437574074074
2019-07-13T15:00:00Z,11330.899472222221
2019-07-13T16:00:00Z,11356.584175925927
2019-07-13T17:00:00Z,11365.799611111108
2019-07-13T18:00:00Z,11297.617935185184
2019-07-13T19:00:00Z,11219.49475925926
2019-07-13T20:00:00Z,11077.128962962963
2019-07-13T21:00:00Z,10979.559657407408
2019-07-13T22:00:00Z,11010.206962962962
2019-07-13T23:00:00Z,11146.89800925926
2019-07-14T00:00:00Z,11293.651064814816
2019-07-14T01:00:00Z,11403.249472222224
2019-07-14T02:00:00Z,11435.98249074074
2019-07-14T03:00:00Z,11406.296842592594
2019-07-14T04:00:00Z,11323.330796296295
2019-07-14T05:00:00Z,11249.980638888892
2019-07-14T06:00:00Z,11205.405481481483
2019-07-14T07:00:00Z,11167.537759259261
2019-07-14T08:00:00Z,11123.411342592595
2019-07-14T09:00:00Z,11002.978407407407
2019-07-14T10:00:00Z,10840.387814814812
2019-07-14T11:00:00Z,10682.377064814813
2019-07-14T12:00:00Z,10593.512953703701
2019-07-14T13:00:00Z,10560.917148148144
2019-07-14T14:00:00Z,10559.238444444443
2019-07-14T15:00:00Z,10506.527425925926
2019-07-14T16:00:00Z,10481.65099074074
2019-07-14T17:00:00Z,10485.427148148148
2019-07-14T18:00:00Z,10486.442722222222
2019-07-14T19:00:00Z,10485.519277777777
2019-07-14T20:00:00Z,10521.093898148147
2019-07-14T21:00:00Z,10579.817092592593
2019-07-14T22:00:00Z,10603.43937962963
2019-07-14T23:00:00Z,10521.688592592594
2019-07-15T00:00:00Z,10350.584981481481
2019-07-15T01:00:00Z,10149.585342592592
2019-07-15T02:00:00Z,10015.604277777777
2019-07-15T03:00:00Z,10016.18537962963
2019-07-15T04:00:00Z,10066.088277777777
2019-07-15T05:00:00Z,10127.044657407407
2019-07-15T06:00:00Z,10162.145046296295
2019-07-15T07:00:00Z,10224.031055555557
2019-07-15T08:00:00Z,10253.204481481482
2019-07-15T09:00:00Z,10296.15240740741
2019-07-15T10:00:00Z,10317.802879629633
2019-07-15T11:00:00Z,10329.020425925928
2019-07-15T12:00:00Z,10268.709324074074
2019-07-15T13:00:00Z,10265.366490740738
2019-07-15T14:00:00Z,10355.534074074072
2019-07-15T15:00:00Z,10490.744898148145
2019-07-15T16:00:00Z,10629.27896296296
2019-07-15T17:00:00Z,10652.598907407408
2019-07-15T18:00:00Z,10738.190935185185
2019-07-15T19:00:00Z,10830.566175925926
2019-07-15T20:00:00Z,10904.271212962964
2019-07-15T21:00:00Z,10906.419925925926
2019-07-15T22:00:00Z,10906.9885
2019-07-15T23:00:00Z,10897.526499999998
2019-07-16T00:00:00Z,10911.394962962962
2019-07-16T01:00:00Z,10935.904351851852
2019-07-16T02:00:00Z,10904.67601851852
2019-07-16T03:00:00Z,10834.351777777778
2019-07-16T04:00:00Z,10769.019648148147
2019-07-16T05:00:00Z,10737.100027777778
2019-07-16T06:00:00Z,10714.13336111111
2019-07-16T07:00:00Z,10716.254935185183
2019-07-16T08:00:00Z,10747.804148148147
2019-07-16T09:00:00Z,10750.591962962966
2019-07-16T10:00:00Z,10737.471518518521
2019-07-16T11:00:00Z,10714.70538888889
2019-07-16T12:00:00Z,10639.488722222222
2019-07-16T13:00:00Z,10523.61737037037
2019-07-16T14:00:00Z,10419.31375
2019-07-16T15:00:00Z,10385.035361111108
2019-07-16T16:00:00Z,10225.670546296293
2019-07-16T17:00:00Z,9957.795787037036
2019-07-16T18:00:00Z,9658.071787037037
2019-07-16T19:00:00Z,9478.125083333332
2019-07-16T20:00:00Z,9419.601555555555
2019-07-16T21:00:00Z,9455.393166666669
2019-07-16T22:00:00Z,9470.449138888891
2019-07-16T23:00:00Z,9441.872074074074
2019-07-17T00:00:00Z,9423.721351851853
2019-07-17T01:00:00Z,9416.325712962962
2019-07-17T02:00:00Z,9395.288148148145
2019-07-17T03:00:00Z,9380.361342592592
2019-07-17T04:00:00Z,9387.688518518518
2019-07-17T05:00:00Z,9444.094694444446
2019-07-17T06:00:00Z,9507.441351851854
2019-07-17T07:00:00Z,9563.34789814815
2019-07-17T08:00:00Z,9579.405435185185
2019-07-17T09:00:00Z,9549.205925925924
2019-07-17T10:00:00Z,9478.097851851851
2019-07-17T11:00:00Z,9341.400092592592
2019-07-17T12:00:00Z,9296.758685185185
2019-07-17T13:00:00Z,9340.367472222224
2019-07-17T14:00:00Z,9489.586018518517
2019-07-17T15:00:00Z,9662.253962962963
2019-07-17T16:00:00Z,9776.245805555556
2019-07-17T17:00:00Z,9844.963685185186
2019-07-17T18:00:00Z,9913.066731481482
2019-07-17T19:00:00Z,9915.472268518517
2019-07-17T20:00:00Z,9855.41338888889
2019-07-17T21:00:00Z,9809.823342592594
2019-07-17T22:00:00Z,9766.155546296295
2019-07-17T23:00:00Z,9734.205342592593
2019-07-18T00:00:00Z,9685.423953703705
2019-07-18T01:00:00Z,9681.246870370369
2019-07-18T02:00:00Z,9719.217694444444
2019-07-18T03:00:00Z,9751.609046296293
2019-07-18T04:00:00Z,9819.589759259257
2019-07-18T05:00:00Z,9860.971175925924
2019-07-18T06:00:00Z,9898.786611111113
2019-07-18T07:00:00Z,9892.6995
2019-07-18T08:00:00Z,9836.00614814815
2019-07-18T09:00:00Z,9775.318212962964
2019-07-18T10:00:00Z,9761.999388888888
2019-07-18T11:00:00Z,9767.728083333333
2019-07-18T12:00:00Z,9662.792527777776
2019-07-18T13:00:00Z,9510.335685185184
2019-07-18T14:00:00Z,9644.35412037037
2019-07-18T15:00:00Z,9994.528592592593
2019-07-18T16:00:00Z,10398.615203703705
2019-07-18T17:00:00Z,10677.353092592593
2019-07-18T18:00:00Z,10765.064138888889
2019-07-18T19:00:00Z,10738.928675925928
2019-07-18T20:00:00Z,10698.532111111113
2019-07-18T21:00:00Z,10668.39863888889
2019-07-18T22:00:00Z,10652.75047222222
2019-07-18T23:00:00Z,10654.521111111111
2019-07-19T00:00:00Z,10670.98024074074
2019-07-19T01:00:00Z,10662.816962962963
2019-07-19T02:00:00Z,10648.899916666665
2019-07-19T03:00:00Z,10626.272555555553
2019-07-19T04:00:00Z,10569.091685185182
2019-07-19T05:00:00Z,10525.340490740737
2019-07-19T06:00:00Z,10490.546166666665
2019-07-19T07:00:00Z,10517.220425925925
2019-07-19T08:00:00Z,10495.221833333335
2019-07-19T09:00:00Z,10438.301101851854
2019-07-19T10:00:00Z,10364.083101851851
2019-07-19T11:00:00Z,10293.652240740741
2019-07-19T12:00:00Z,10321.184305555556
2019-07-19T13:00:00Z,10339.155398148148
2019-07-19T14:00:00Z,10346.949805555558
2019-07-19T15:00:00Z,10361.535824074075
2019-07-19T16:00:00Z,10371.788296296296
2019-07-19T17:00:00Z,10400.064166666669
2019-07-19T18:00:00Z,10414.648407407409
2019-07-19T19:00:00Z,10420.510472222222
2019-07-19T20:00:00Z,10453.053953703704
2019-07-19T21:00:00Z,10510.40713888889
2019-07-19T22:00:00Z,10542.605675925928
2019-07-19T23:00:00Z,10558.672055555557
2019-07-20T00:00:00Z,10536.68925925926
2019-07-20T01:00:00Z,10496.87899074074
2019-07-20T02:00:00Z,10483.58586111111
2019-07-20T03:00:00Z,10494.296027777777
2019-07-20T04:00:00Z,10546.719916666667
2019-07-20T05:00:00Z,10598.050981481481
2019-07-20T06:00:00Z,10639.393435185184
2019-07-20T07:00:00Z,10647.266583333332
2019-07-20T08:00:00Z,10627.742296296297
2019-07-20T09:00:00Z,10605.889000000001
2019-07-20T10:00:00Z,10591.884712962961
2019-07-20T11:00:00Z,10589.733657407405
2019-07-20T12:00:00Z,10573.659648148148
2019-07-20T13:00:00Z,10556.325
2019-07-20T14:00:00Z,10563.936629629628
2019-07-20T15:00:00Z,10599.824101851853
2019-07-20T16:00:00Z,10693.578324074077
2019-07-20T17:00:00Z,10819.157138888891
2019-07-20T18:00:00Z,10935.18512037037
2019-07-20T19:00:00Z,11004.212407407407
2019-07-20T20:00:00Z,11023.135324074074
2019-07-20T21:00:00Z,11017.345222222226
2019-07-20T22:00:00Z,11017.43701851852
2019-07-20T23:00:00Z,10949.406814814813
2019-07-21T00:00:00Z,10866.166444444443
2019-07-21T01:00:00Z,10795.006398148149
2019-07-21T02:00:00Z,10721.445222222223
2019-07-21T03:00:00Z,10645.146990740739
2019-07-21T04:00:00Z,10594.696962962966
2019-07-21T05:00:00Z,10559.84412962963
2019-07-21T06:00:00Z,10551.337574074074
2019-07-21T07:00:00Z,10560.205527777776
2019-07-21T08:00:00Z,10596.779175925925
2019-07-21T09:00:00Z,10644.89688888889
2019-07-21T10:00:00Z,10645.760953703704
2019-07-21T11:00:00Z,10621.246
2019-07-21T12:00:00Z,10582.355379629631
2019-07-21T13:00:00Z,10548.073407407406
2019-07-21T14:00:00Z,10487.195777777777
2019-07-21T15:00:00Z,10439.689314814814
2019-07-21T16:00:00Z,10389.753611111113
2019-07-21T17:00:00Z,10369.703972222225
2019-07-21T18:00:00Z,10397.484435185188
2019-07-21T19:00:00Z,10419.026444444447
2019-07-21T20:00:00Z,10459.317444444445
2019-07-21T21:00:00Z,10510.929694444443
2019-07-21T22:00:00Z,10553.944583333332
2019-07-21T23:00:00Z,10592.349648148147
2019-07-22T00:00:00Z,10615.04586111111
2019-07-22T01:00:00Z,10624.782666666664
2019-07-22T02:00:00Z,10632.929157407407
2019-07-22T03:00:00Z,10638.46123148148
2019-07-22T04:00:00Z,10623.155194444444
2019-07-22T05:00:00Z,10608.96038888889
2019-07-22T06:00:00Z,10599.45289814815
2019-07-22T07:00:00Z,10596.25526851852
2019-07-22T08:00:00Z,10582.340842592594
2019-07-22T09:00:00Z,10533.574379629628
2019-07-22T10:00:00Z,10485.767601851852
2019-07-22T11:00:00Z,10474.77487037037
2019-07-22T12:00:00Z,10489.333185185185
2019-07-22T13:00:00Z,10504.847037037038
2019-07-22T14:00:00Z,10420.026138888888
2019-07-22T15:00:00Z,10299.999657407405
2019-07-22T16:00:00Z,10195.961685185182
2019-07-22T17:00:00Z,10181.422018518517
2019-07-22T18:00:00Z,10209.533574074074
2019-07-22T19:00:00Z,10202.868611111111
2019-07-22T20:00:00Z,10223.251055555555
2019-07-22T21:00:00Z,10240.315185185185
2019-07-22T22:00:00Z,10267.188916666668
2019-07-22T23:00:00Z,10299.277064814816
2019-07-23T00:00:00Z,10298.907175925926
2019-07-23T01:00:00Z,10269.58500925926
2019-07-23T02:00:00Z,10250.84060185185
2019-07-23T03:00:00Z,10235.815425925925
2019-07-23T04:00:00Z,10223.133833333331
2019-07-23T05:00:00Z,10190.88646296296
2019-07-23T06:00:00Z,10117.285898148148
2019-07-23T07:00:00Z,10038.325509259259
2019-07-23T08:00:00Z,9959.758842592591
2019-07-23T09:00:00Z,9914.766611111108
2019-07-23T10:00:00Z,9907.647722222222
2019-07-23T11:00:00Z,9933.00225925926
2019-07-23T12:00:00Z,9960.742555555553
2019-07-23T13:00:00Z,9970.58948148148
2019-07-23T14:00:00Z,9972.313416666666
2019-07-23T15:00:00Z,9959.509472222222
2019-07-23T16:00:00Z,9959.355212962962
2019-07-23T17:00:00Z,9974.111361111109
2019-07-23T18:00:00Z,10019.927296296295
2019-07-23T19:00:00Z,10085.777833333334
2019-07-23T20:00:00Z,10145.404518518519
2019-07-23T21:00:00Z,10174.564546296295
2019-07-23T22:00:00Z,10144.598666666667
2019-07-23T23:00:00Z,10033.436916666667
2019-07-24T00:00:00Z,9856.481277777779
2019-07-24T01:00:00Z,9696.181907407408
2019-07-24T02:00:00Z,9600.825712962962
2019-07-24T03:00:00Z,9562.61423148148
2019-07-24T04:00:00Z,9562.976305555558
2019-07-24T05:00:00Z,9592.34037962963
2019-07-24T06:00:00Z,9630.397111111111
2019-07-24T07:00:00Z,9667.092222222223
2019-07-24T08:00:00Z,9705.738333333333
2019-07-24T09:00:00Z,9738.545879629628
2019-07-24T10:00:00Z,9745.572648148149
2019-07-24T11:00:00Z,9738.209046296297
2019-07-24T12:00:00Z,9733.291861111113
2019-07-24T13:00:00Z,9724.249962962966
2019-07-24T14:00:00Z,9760.938240740741
2019-07-24T15:00:00Z,9828.50637962963
2019-07-24T16:00:00Z,9796.497064814814
2019-07-24T17:00:00Z,9715.484398148148
2019-07-24T18:00:00Z,9627.975416666666
2019-07-24T19:00:00Z,9585.911990740738
2019-07-24T20:00:00Z,9598.758648148148
2019-07-24T21:00:00Z,9662.946277777779
2019-07-24T22:00:00Z,9734.048083333335
2019-07-24T23:00:00Z,9784.848092592594
2019-07-25T00:00:00Z,9910.623666666666
2019-07-25T01:00:00Z,10044.687212962965
2019-07-25T02:00:00Z,10150.460712962964
2019-07-25T03:00:00Z,10201.94608333333
2019-07-25T04:00:00Z,10188.145694444444
2019-07-25T05:00:00Z,10152.02586111111
2019-07-25T06:00:00Z,10121.703629629628
2019-07-25T07:00:00Z,10098.44486111111
2019-07-25T08:00:00Z,10091.430777777778
2019-07-25T09:00:00Z,10090.166083333335
2019-07-25T10:00:00Z,10091.347851851853
2019-07-25T11:00:00Z,10093.986120370371
2019-07-25T12:00:00Z,10114.29337037037
2019-07-25T13:00:00Z,10085.520601851851
2019-07-25T14:00:00Z,10032.920805555555
2019-07-25T15:00:00Z,9984.206046296296
2019-07-25T16:00:00Z,9955.979990740741
2019-07-25T17:00:00Z,9955.121203703704
2019-07-25T18:00:00Z,9967.963444444445
2019-07-25T19:00:00Z,9942.422064814815
2019-07-25T20:00:00Z,9901.005425925927
2019-07-25T21:00:00Z,9867.636305555556
2019-07-25T22:00:00Z,9860.993851851852
2019-07-25T23:00:00Z,9868.960916666665
2019-07-26T00:00:00Z,9828.913342592588
2019-07-26T01:00:00Z,9764.659870370366
2019-07-26T02:00:00Z,9698.527435185182
2019-07-26T03:00:00Z,9662.676148148146
2019-07-26T04:00:00Z,9666.629537037037
2019-07-26T05:00:00Z,9687.381027777777
2019-07-26T06:00:00Z,9702.55112037037
2019-07-26T07:00:00Z,9728.716842592594
2019-07-26T08:00:00Z,9760.775750000003
2019-07-26T09:00:00Z,9790.605925925927
2019-07-26T10:00:00Z,9803.079768518519
2019-07-26T11:00:00Z,9807.539824074074
2019-07-26T12:00:00Z,9804.971185185183
2019-07-26T13:00:00Z,9800.587166666664
2019-07-26T14:00:00Z,9794.318268518517
2019-07-26T15:00:00Z,9792.201314814813
2019-07-26T16:00:00Z,9798.24872222222
2019-07-26T17:00:00Z,9801.238314814815
2019-07-26T18:00:00Z,9809.986361111112
2019-07-26T19:00:00Z,9831.20437962963
2019-07-26T20:00:00Z,9847.725564814813
2019-07-26T21:00:00Z,9855.083824074074
2019-07-26T22:00:00Z,9839.419138888888
2019-07-26T23:00:00Z,9831.099916666666
2019-07-27T00:00:00Z,9927.914361111112
2019-07-27T01:00:00Z,10056.06875
2019-07-27T02:00:00Z,10166.922805555556
2019-07-27T03:00:00Z,10217.765583333332
2019-07-27T04:00:00Z,10215.431861111108
2019-07-27T05:00:00Z,10176.169435185182
2019-07-27T06:00:00Z,10128.97198148148
2019-07-27T07:00:00Z,10089.86771296296
2019-07-27T08:00:00Z,10068.065009259257
2019-07-27T09:00:00Z,10057.352712962964
2019-07-27T10:00:00Z,9886.552351851851
2019-07-27T11:00:00Z,9655.660842592593
2019-07-27T12:00:00Z,9426.25902777778
2019-07-27T13:00:00Z,9290.749296296297
2019-07-27T14:00:00Z,9262.365851851853
2019-07-27T15:00:00Z,9291.0575
2019-07-27T16:00:00Z,9342.16723148148
2019-07-27T17:00:00Z,9390.584666666664
2019-07-27T18:00:00Z,9411.671240740741
2019-07-27T19:00:00Z,9411.876750000001
2019-07-27T20:00:00Z,9414.856277777779
2019-07-27T21:00:00Z,9442.99987037037
2019-07-27T22:00:00Z,9462.663083333333
2019-07-27T23:00:00Z,9479.095703703702
2019-07-28T00:00:00Z,9466.399879629627
2019-07-28T01:00:00Z,9457.918518518518
2019-07-28T02:00:00Z,9452.37062037037
2019-07-28T03:00:00Z,9454.871037037037
2019-07-28T04:00:00Z,9471.239342592593
2019-07-28T05:00:00Z,9490.216703703705
2019-07-28T06:00:00Z,9506.025712962966
2019-07-28T07:00:00Z,9505.891277777779
2019-07-28T08:00:00Z,9504.947740740741
2019-07-28T09:00:00Z,9491.916601851852
2019-07-28T10:00:00Z,9472.777101851852
2019-07-28T11:00:00Z,9473.749333333333
2019-07-28T12:00:00Z,9482.359074074073
2019-07-28T13:00:00Z,9490.468212962964
2019-07-28T14:00:00Z,9492.526046296296
2019-07-28T15:00:00Z,9495.15151851852
2019-07-28T16:00:00Z,9503.165675925928
2019-07-28T17:00:00Z,9517.488592592594
2019-07-28T18:00:00Z,9531.23687037037
2019-07-28T19:00:00Z,9541.384833333332
2019-07-28T20:00:00Z,9538.06849074074
2019-07-28T21:00:00Z,9507.49261111111
2019-07-28T22:00:00Z,9488.490166666665
2019-07-28T23:00:00Z,9489.972453703702
2019-07-29T00:00:00Z,9505.62598148148
2019-07-29T01:00:00Z,9562.785648148149
2019-07-29T02:00:00Z,9618.495907407407
2019-07-29T03:00:00Z,9655.38226851852
2019-07-29T04:00:00Z,9671.966842592592
2019-07-29T05:00:00Z,9657.94962037037
2019-07-29T06:00:00Z,9630.364657407408
2019-07-29T07:00:00Z,9604.866296296297
2019-07-29T08:00:00Z,9576.738481481481
2019-07-29T09:00:00Z,9529.266296296297
2019-07-29T10:00:00Z,9485.103407407407
2019-07-29T11:00:00Z,9446.938351851852
2019-07-29T12:00:00Z,9444.207907407408
2019-07-29T13:00:00Z,9468.281277777778
2019-07-29T14:00:00Z,9495.887416666666
2019-07-29T15:00:00Z,9514.461851851853
2019-07-29T16:00:00Z,9527.341425925928
2019-07-29T17:00:00Z,9517.36089814815
2019-07-29T18:00:00Z,9505.574592592593
2019-07-29T19:00:00Z,9486.430212962963
2019-07-29T20:00:00Z,9484.94987037037
2019-07-29T21:00:00Z,9490.542898148147
2019-07-29T22:00:00Z,9500.25663888889
2019-07-29T23:00:00Z,9505.120518518519
2019-07-30T00:00:00Z,9510.185351851853
2019-07-30T01:00:00Z,9499.096944444444
2019-07-30T02:00:00Z,9463.65237962963
2019-07-30T03:00:00Z,9428.934453703703
2019-07-30T04:00:00Z,9404.310314814813
2019-07-30T05:00:00Z,9403.514287037036
2019-07-30T06:00:00Z,9432.842796296296
2019-07-30T07:00:00Z,9469.019907407406
2019-07-30T08:00:00Z,9492.618185185183
2019-07-30T09:00:00Z,9501.407
2019-07-30T10:00:00Z,9501.68736111111
2019-07-30T11:00:00Z,9512.682620370371
2019-07-30T12:00:00Z,9531.929074074074
2019-07-30T13:00:00Z,9552.010657407407
2019-07-30T14:00:00Z,9565.791666666668
2019-07-30T15:00:00Z,9613.927462962964
2019-07-30T16:00:00Z,9670.613722222222
2019-07-30T17:00:00Z,9698.812564814813
2019-07-30T18:00:00Z,9698.310842592591
2019-07-30T19:00:00Z,9666.510851851852
2019-07-30T20:00:00Z,9610.870592592595
2019-07-30T21:00:00Z,9571.848370370371
2019-07-30T22:00:00Z,9553.320925925926
2019-07-30T23:00:00Z,9558.474398148146
2019-07-31T00:00:00Z,9609.711416666669
2019-07-31T01:00:00Z,9671.29863888889
2019-07-31T02:00:00Z,9712.951425925929
2019-07-31T03:00:00Z,9725.713833333333
2019-07-31T04:00:00Z,9716.374157407408
2019-07-31T05:00:00Z,9709.464740740743
2019-07-31T06:00:00Z,9727.675814814815
2019-07-31T07:00:00Z,9746.375435185184
2019-07-31T08:00:00Z,9764.674537037035
2019-07-31T09:00:00Z,9775.158092592594
2019-07-31T10:00:00Z,9782.311453703704
2019-07-31T11:00:00Z,9783.686861111111
2019-07-31T12:00:00Z,9800.634055555556
2019-07-31T13:00:00Z,9860.237490740741
2019-07-31T14:00:00Z,9934.248416666667
2019-07-31T15:00:00Z,10019.528083333335
2019-07-31T16:00:00Z,10060.791462962963
2019-07-31T17:00:00Z,10075.273842592593
2019-07-31T18:00:00Z,10056.789212962962
2019-07-31T19:00:00Z,10031.218398148148
2019-07-31T20:00:00Z,10018.216944444444
2019-07-31T21:00:00Z,10024.288175925927
2019-07-31T22:00:00Z,10030.300037037037
2019-07-31T23:00:00Z,10051.305833333332
2019-08-01T00:00:00Z,10063.869962962961
2019-08-01T01:00:00Z,10064.019388888888
2019-08-01T02:00:00Z,10056.226675925927
2019-08-01T03:00:00Z,10036.071342592593
2019-08-01T04:00:00Z,10011.039342592592
2019-08-01T05:00:00Z,9970.367101851849
2019-08-01T06:00:00Z,9941.531537037035
2019-08-01T07:00:00Z,9932.717916666666
2019-08-01T08:00:00Z,9945.725657407407
2019-08-01T09:00:00Z,9960.022500000001
2019-08-01T10:00:00Z,9963.359361111112
2019-08-01T11:00:00Z,9965.548342592592
2019-08-01T12:00:00Z,9984.019333333335
2019-08-01T13:00:00Z,10016.694037037038
2019-08-01T14:00:00Z,10033.076851851853
2019-08-01T15:00:00Z,10038.612333333333
2019-08-01T16:00:00Z,10047.95202777778
2019-08-01T17:00:00Z,10074.133824074075
2019-08-01T18:00:00Z,10129.387324074076
2019-08-01T19:00:00Z,10214.723138888889
2019-08-01T20:00:00Z,10327.955555555554
2019-08-01T21:00:00Z,10428.869629629631
2019-08-01T22:00:00Z,10483.178814814813
2019-08-01T23:00:00Z,10491.62362962963
2019-08-02T00:00:00Z,10466.810287037037
2019-08-02T01:00:00Z,10437.357916666666
2019-08-02T02:00:00Z,10416.161009259258
2019-08-02T03:00:00Z,10391.981611111112
2019-08-02T04:00:00Z,10378.948833333334
2019-08-02T05:00:00Z,10388.554129629629
2019-08-02T06:00:00Z,10426.067527777777
2019-08-02T07:00:00Z,10486.182796296294
2019-08-02T08:00:00Z,10533.289546296295
2019-08-02T09:00:00Z,10541.631666666666
2019-08-02T10:00:00Z,10533.395222222223
2019-08-02T11:00:00Z,10513.16850925926
2019-08-02T12:00:00Z,10518.928472222222
2019-08-02T13:00:00Z,10534.5432037037
2019-08-02T14:00:00Z,10564.916314814815
2019-08-02T15:00:00Z,10599.618111111113
2019-08-02T16:00:00Z,10572.140694444446
2019-08-02T17:00:00Z,10518.241527777778
2019-08-02T18:00:00Z,10463.170166666667
2019-08-02T19:00:00Z,10435.799203703704
2019-08-02T20:00:00Z,10416.92949074074
2019-08-02T21:00:00Z,10409.26266666667
2019-08-02T22:00:00Z,10435.30513888889
2019-08-02T23:00:00Z,10479.811138888888
2019-08-03T00:00:00Z,10521.72716666667
2019-08-03T01:00:00Z,10580.896935185187
2019-08-03T02:00:00Z,10678.207666666669
2019-08-03T03:00:00Z,10774.527638888892
2019-08-03T04:00:00Z,10859.967092592595
2019-08-03T05:00:00Z,10887.923101851853
2019-08-03T06:00:00Z,10876.889435185185
2019-08-03T07:00:00Z,10858.70562037037
2019-08-03T08:00:00Z,10834.673194444442
2019-08-03T09:00:00Z,10809.533972222222
2019-08-03T10:00:00Z,10791.66663888889
2019-08-03T11:00:00Z,10775.174398148149
2019-08-03T12:00:00Z,10760.57436111111
2019-08-03T13:00:00Z,10766.303592592592
2019-08-03T14:00:00Z,10780.665546296295
2019-08-03T15:00:00Z,10783.926833333333
2019-08-03T16:00:00Z,10791.342305555554
2019-08-03T17:00:00Z,10806.706648148147
2019-08-03T18:00:00Z,10835.383870370371
2019-08-03T19:00:00Z,10863.142138888888
2019-08-03T20:00:00Z,10886.072499999998
2019-08-03T21:00:00Z,10883.227638888888
2019-08-03T22:00:00Z,10865.281037037037
2019-08-03T23:00:00Z,10839.87698148148
2019-08-04T00:00:00Z,10831.489333333333
2019-08-04T01:00:00Z,10839.504666666666
2019-08-04T02:00:00Z,10847.086129629626
2019-08-04T03:00:00Z,10829.54796296296
2019-08-04T04:00:00Z,10757.470074074075
2019-08-04T05:00:00Z,10668.875805555554
2019-08-04T06:00:00Z,10631.911074074073
2019-08-04T07:00:00Z,10632.41822222222
2019-08-04T08:00:00Z,10656.236749999998
2019-08-04T09:00:00Z,10692.082796296294
2019-08-04T10:00:00Z,10719.466537037035
2019-08-04T11:00:00Z,10723.030009259257
2019-08-04T12:00:00Z,10706.234555555553
2019-08-04T13:00:00Z,10683.510453703706
2019-08-04T14:00:00Z,10705.012712962967
2019-08-04T15:00:00Z,10806.71690740741
2019-08-04T16:00:00Z,10922.814777777778
2019-08-04T17:00:00Z,10998.534972222222
2019-08-04T18:00:00Z,11020.279157407407
2019-08-04T19:00:00Z,11006.828638888888
2019-08-04T20:00:00Z,10985.084592592591
2019-08-04T21:00:00Z,10974.54950925926
2019-08-04T22:00:00Z,10976.832416666666
2019-08-04T23:00:00Z,10982.753953703706
2019-08-05T00:00:00Z,11058.962435185187
2019-08-05T01:00:00Z,11219.201722222222
2019-08-05T02:00:00Z,11441.333675925925
2019-08-05T03:00:00Z,11624.398879629627
2019-08-05T04:00:00Z,11717.178574074072
2019-08-05T05:00:00Z,11719.741842592593
2019-08-05T06:00:00Z,11693.649916666667
2019-08-05T07:00:00Z,11689.68703703704
2019-08-05T08:00:00Z,11727.592000000002
2019-08-05T09:00:00Z,11768.38540740741
2019-08-05T10:00:00Z,11761.75791666667
2019-08-05T11:00:00Z,11768.436657407408
2019-08-05T12:00:00Z,11783.650777777779
2019-08-05T13:00:00Z,11799.047222222223
2019-08-05T14:00:00Z,11811.602046296299
2019-08-05T15:00:00Z,11805.820898148151
2019-08-05T16:00:00Z,11828.259833333335
2019-08-05T17:00:00Z,11835.17811111111
2019-08-05T18:00:00Z,11837.367120370369
2019-08-05T19:00:00Z,11812.569870370367
2019-08-05T20:00:00Z,11771.223268518517
2019-08-05T21:00:00Z,11737.363444444445
2019-08-05T22:00:00Z,11735.767935185184
2019-08-05T23:00:00Z,11760.781037037037
2019-08-06T00:00:00Z,11775.938138888887
2019-08-06T01:00:00Z,11749.647685185184
2019-08-06T02:00:00Z,11696.922537037035
2019-08-06T03:00:00Z,11652.75672222222
2019-08-06T04:00:00Z,11633.80973148148
2019-08-06T05:00:00Z,11675.64448148148
2019-08-06T06:00:00Z,11841.383722222221
2019-08-06T07:00:00Z,12055.031787037036
2019-08-06T08:00:00Z,12236.231601851852
2019-08-06T09:00:00Z,12339.070416666664
2019-08-06T10:00:00Z,12212.72789814815
2019-08-06T11:00:00Z,11997.169324074077
2019-08-06T12:00:00Z,11764.05776851852
2019-08-06T13:00:00Z,11647.915759259258
2019-08-06T14:00:00Z,11624.281851851852
2019-08-06T15:00:00Z,11640.121
2019-08-06T16:00:00Z,11682.913824074072
2019-08-06T17:00:00Z,11700.912287037034
2019-08-06T18:00:00Z,11717.233814814812
2019-08-06T19:00:00Z,11713.034092592592
2019-08-06T20:00:00Z,11686.947462962962
2019-08-06T21:00:00Z,11571.017611111109
2019-08-06T22:00:00Z,11412.266787037035
2019-08-06T23:00:00Z,11324.317018518517
2019-08-07T00:00:00Z,11318.682472222223
2019-08-07T01:00:00Z,11386.732407407406
2019-08-07T02:00:00Z,11495.504657407408
2019-08-07T03:00:00Z,11590.926601851852
2019-08-07T04:00:00Z,11667.529962962964
2019-08-07T05:00:00Z,11686.875481481484
2019-08-07T06:00:00Z,11670.884555555554
2019-08-07T07:00:00Z,11614.264083333333
2019-08-07T08:00:00Z,11564.205879629628
2019-08-07T09:00:00Z,11550.911518518516
2019-08-07T10:00:00Z,11569.056129629631
2019-08-07T11:00:00Z,11631.428444444444
2019-08-07T12:00:00Z,11710.640787037037
2019-08-07T13:00:00Z,11855.974879629628
2019-08-07T14:00:00Z,12010.856629629629
2019-08-07T15:00:00Z,12001.457703703703
2019-08-07T16:00:00Z,11877.151277777777
2019-08-07T17:00:00Z,11754.642268518519
2019-08-07T18:00:00Z,11683.402629629629
2019-08-07T19:00:00Z,11689.501833333334
2019-08-07T20:00:00Z,11749.88267592593
2019-08-07T21:00:00Z,11839.827157407408
2019-08-07T22:00:00Z,11931.804333333333
2019-08-07T23:00:00Z,11997.298185185182
2019-08-08T00:00:00Z,12022.15158333333
2019-08-08T01:00:00Z,11993.710129629626
2019-08-08T02:00:00Z,11955.77461111111
2019-08-08T03:00:00Z,11932.952638888886
2019-08-08T04:00:00Z,11929.568916666665
2019-08-08T05:00:00Z,11932.208555555559
2019-08-08T06:00:00Z,11903.571481481484
2019-08-08T07:00:00Z,11883.254842592592
2019-08-08T08:00:00Z,11873.152916666668
2019-08-08T09:00:00Z,11867.915814814818
2019-08-08T10:00:00Z,11855.32691666667
2019-08-08T11:00:00Z,11831.665212962966
2019-08-08T12:00:00Z,11819.912796296296
2019-08-08T13:00:00Z,11772.26937037037
2019-08-08T14:00:00Z,11720.654657407407
2019-08-08T15:00:00Z,11670.275074074074
2019-08-08T16:00:00Z,11650.438296296294
2019-08-08T17:00:00Z,11613.258148148147
2019-08-08T18:00:00Z,11590.189425925926
2019-08-08T19:00:00Z,11561.697046296295
2019-08-08T20:00:00Z,11553.521092592591
2019-08-08T21:00:00Z,11596.743277777778
2019-08-08T22:00:00Z,11688.764740740742
2019-08-08T23:00:00Z,11825.504481481481
2019-08-09T00:00:00Z,11939.270527777779
2019-08-09T01:00:00Z,11987.50791666667
2019-08-09T02:00:00Z,11987.426296296297
2019-08-09T03:00:00Z,11946.504388888889
2019-08-09T04:00:00Z,11909.434092592592
2019-08-09T05:00:00Z,11874.069175925926
2019-08-09T06:00:00Z,11848.521425925925
2019-08-09T07:00:00Z,11832.25561111111
2019-08-09T08:00:00Z,11816.848666666667
2019-08-09T09:00:00Z,11786.214407407408
2019-08-09T10:00:00Z,11736.312064814812
2019-08-09T11:00:00Z,11688.642296296297
2019-08-09T12:00:00Z,11675.25127777778
2019-08-09T13:00:00Z,11708.70437037037
2019-08-09T14:00:00Z,11748.382611111112
2019-08-09T15:00:00Z,11761.747287037035
2019-08-09T16:00:00Z,11762.61624074074
2019-08-09T17:00:00Z,11760.466064814813
2019-08-09T18:00:00Z,11777.693592592594
2019-08-09T19:00:00Z,11801.033722222222
2019-08-09T20:00:00Z,11835.510546296297
2019-08-09T21:00:00Z,11879.303425925924
2019-08-09T22:00:00Z,11890.34962037037
2019-08-09T23:00:00Z,11886.772925925927
2019-08-10T00:00:00Z,11889.567009259257
2019-08-10T01:00:00Z,11897.108037037033
2019-08-10T02:00:00Z,11873.180870370366
2019-08-10T03:00:00Z,11844.522944444443
2019-08-10T04:00:00Z,11810.366851851852
2019-08-10T05:00:00Z,11800.408351851851
2019-08-10T06:00:00Z,11800.301712962964
2019-08-10T07:00:00Z,11805.480981481482
2019-08-10T08:00:00Z,11818.727
2019-08-10T09:00:00Z,11845.450324074074
2019-08-10T10:00:00Z,11869.679435185186
2019-08-10T11:00:00Z,11730.327546296297
2019-08-10T12:00:00Z,11536.00875
2019-08-10T13:00:00Z,11366.984759259261
2019-08-10T14:00:00Z,11278.88475
2019-08-10T15:00:00Z,11272.973342592593
2019-08-10T16:00:00Z,11284.529055555555
2019-08-10T17:00:00Z,11306.294787037035
2019-08-10T18:00:00Z,11322.601018518517
2019-08-10T19:00:00Z,11321.225407407406
2019-08-10T20:00:00Z,11311.829592592592
2019-08-10T21:00:00Z,11295.600555555555
2019-08-10T22:00:00Z,11282.22149074074
2019-08-10T23:00:00Z,11273.338351851853
2019-08-11T00:00:00Z,11297.40069444444
2019-08-11T01:00:00Z,11326.339972222218
2019-08-11T02:00:00Z,11351.15847222222
2019-08-11T03:00:00Z,11369.607324074072
2019-08-11T04:00:00Z,11372.151749999997
2019-08-11T05:00:00Z,11368.34246296296
2019-08-11T06:00:00Z,11354.973277777777
2019-08-11T07:00:00Z,11344.23940740741
2019-08-11T08:00:00Z,11329.041287037036
2019-08-11T09:00:00Z,11324.049888888889
2019-08-11T10:00:00Z,11321.002555555553
2019-08-11T11:00:00Z,11361.55387962963
2019-08-11T12:00:00Z,11410.759342592593
2019-08-11T13:00:00Z,11434.945805555559
2019-08-11T14:00:00Z,11428.526768518519
2019-08-11T15:00:00Z,11401.185046296296
2019-08-11T16:00:00Z,11382.563611111109
2019-08-11T17:00:00Z,11368.14273148148
2019-08-11T18:00:00Z,11366.058194444444
2019-08-11T19:00:00Z,11364.506185185188
2019-08-11T20:00:00Z,11376.867824074076
2019-08-11T21:00:00Z,11421.742277777777
2019-08-11T22:00:00Z,11474.519851851854
2019-08-11T23:00:00Z,11525.169898148148
2019-08-12T00:00:00Z,11536.250546296294
2019-08-12T01:00:00Z,11524.165833333333
2019-08-12T02:00:00Z,11488.618240740741
2019-08-12T03:00:00Z,11452.071583333332
2019-08-12T04:00:00Z,11422.216925925924
2019-08-12T05:00:00Z,11394.241111111109
2019-08-12T06:00:00Z,11368.5794537037
2019-08-12T07:00:00Z,11360.50758333333
2019-08-12T08:00:00Z,11353.511574074071
2019-08-12T09:00:00Z,11347.221074074076
2019-08-12T10:00:00Z,11347.551138888894
2019-08-12T11:00:00Z,11336.866064814816
2019-08-12T12:00:00Z,11342.404916666666
2019-08-12T13:00:00Z,11354.331240740741
2019-08-12T14:00:00Z,11365.405416666666
2019-08-12T15:00:00Z,11374.659666666665
2019-08-12T16:00:00Z,11383.958592592593
2019-08-12T17:00:00Z,11395.290472222223
2019-08-12T18:00:00Z,11403.978388888887
2019-08-12T19:00:00Z,11418.87987962963
2019-08-12T20:00:00Z,11428.23776851852
2019-08-12T21:00:00Z,11424.604518518516
2019-08-12T22:00:00Z,11415.024851851851
2019-08-12T23:00:00Z,11399.63137037037
2019-08-13T00:00:00Z,11395.097546296296
2019-08-13T01:00:00Z,11394.86347222222
2019-08-13T02:00:00Z,11391.89186111111
2019-08-13T03:00:00Z,11386.628749999998
2019-08-13T04:00:00Z,11368.442694444442
2019-08-13T05:00:00Z,11356.340694444443
2019-08-13T06:00:00Z,11345.67475
2019-08-13T07:00:00Z,11339.092750000002
2019-08-13T08:00:00Z,11328.983592592593
2019-08-13T09:00:00Z,11307.939555555553
2019-08-13T10:00:00Z,11267.658101851854
2019-08-13T11:00:00Z,11234.219444444447
2019-08-13T12:00:00Z,11205.173564814817
2019-08-13T13:00:00Z,11160.100462962962
2019-08-13T14:00:00Z,11065.896074074075
2019-08-13T15:00:00Z,10950.686287037039
2019-08-13T16:00:00Z,10830.955370370371
2019-08-13T17:00:00Z,10766.653648148149
2019-08-13T18:00:00Z,10761.364064814816
2019-08-13T19:00:00Z,10797.578740740742
2019-08-13T20:00:00Z,10839.467861111112
2019-08-13T21:00:00Z,10860.627814814814
2019-08-13T22:00:00Z,10863.157703703704
2019-08-13T23:00:00Z,10857.440249999998
2019-08-14T00:00:00Z,10814.896935185185
2019-08-14T01:00:00Z,10711.557305555554
2019-08-14T02:00:00Z,10620.411500000002
2019-08-14T03:00:00Z,10557.753037037037
2019-08-14T04:00:00Z,10517.812592592592
2019-08-14T05:00:00Z,10509.285740740741
2019-08-14T06:00:00Z,10517.81236111111
2019-08-14T07:00:00Z,10533.585287037035
2019-08-14T08:00:00Z,10505.181944444443
2019-08-14T09:00:00Z,10469.354046296297
2019-08-14T10:00:00Z,10448.464092592592
2019-08-14T11:00:00Z,10459.659472222222
2019-08-14T12:00:00Z,10508.383314814813
2019-08-14T13:00:00Z,10554.183398148145
2019-08-14T14:00:00Z,10555.439416666663
2019-08-14T15:00:00Z,10524.189046296297
2019-08-14T16:00:00Z,10437.825101851855
2019-08-14T17:00:00Z,10316.408018518521
2019-08-14T18:00:00Z,10195.373444444447
2019-08-14T19:00:00Z,10099.207333333334
2019-08-14T20:00:00Z,10063.590064814814
2019-08-14T21:00:00Z,10079.257148148148
2019-08-14T22:00:00Z,10127.623287037037
2019-08-14T23:00:00Z,10119.231481481482
2019-08-15T00:00:00Z,10094.715824074074
2019-08-15T01:00:00Z,10055.209759259258
2019-08-15T02:00:00Z,10011.576037037037
2019-08-15T03:00:00Z,9928.258324074073
2019-08-15T04:00:00Z,9808.780555555555
2019-08-15T05:00:00Z,9692.707768518518
2019-08-15T06:00:00Z,9588.755833333335
2019-08-15T07:00:00Z,9602.380824074075
2019-08-15T08:00:00Z,9676.551185185184
2019-08-15T09:00:00Z,9808.147314814812
2019-08-15T10:00:00Z,9952.468287037036
2019-08-15T11:00:00Z,10091.62687037037
2019-08-15T12:00:00Z,10140.624037037034
2019-08-15T13:00:00Z,10124.939203703701
2019-08-15T14:00:00Z,10075.136629629627
2019-08-15T15:00:00Z,10055.270351851852
2019-08-15T16:00:00Z,10054.169546296296
2019-08-15T17:00:00Z,10050.08625925926
2019-08-15T18:00:00Z,10041.601898148148
2019-08-15T19:00:00Z,10050.403333333334
2019-08-15T20:00:00Z,10156.69275
2019-08-15T21:00:00Z,10282.448277777776
2019-08-15T22:00:00Z,10396.225462962962
2019-08-15T23:00:00Z,10430.698805555556
2019-08-16T00:00:00Z,10405.080074074074
2019-08-16T01:00:00Z,10373.424527777779
2019-08-16T02:00:00Z,10350.169185185185
2019-08-16T03:00:00Z,10337.788611111111
2019-08-16T04:00:00Z,10262.464379629631
2019-08-16T05:00:00Z,10100.59264814815
2019-08-16T06:00:00Z,9947.722268518519
2019-08-16T07:00:00Z,9847.848925925924
2019-08-16T08:00:00Z,9860.512462962963
2019-08-16T09:00:00Z,9942.425416666665
2019-08-16T10:00:00Z,10034.002
2019-08-16T11:00:00Z,10112.826962962965
2019-08-16T12:00:00Z,10177.33952777778
2019-08-16T13:00:00Z,10194.741500000002
2019-08-16T14:00:00Z,10171.523175925928
2019-08-16T15:00:00Z,10221.544324074077
2019-08-16T16:00:00Z,10317.247685185186
2019-08-16T17:00:00Z,10414.013027777777
2019-08-16T18:00:00Z,10477.426166666666
2019-08-16T19:00:00Z,10506.36873148148
2019-08-16T20:00:00Z,10491.53750925926
2019-08-16T21:00:00Z,10472.898870370373
2019-08-16T22:00:00Z,10446.20087962963
2019-08-16T23:00:00Z,10408.191629629628
2019-08-17T00:00:00Z,10343.580685185183
2019-08-17T01:00:00Z,10318.967083333331
2019-08-17T02:00:00Z,10310.903870370372
2019-08-17T03:00:00Z,10308.397333333332
2019-08-17T04:00:00Z,10319.012638888886
2019-08-17T05:00:00Z,10339.510972222217
2019-08-17T06:00:00Z,10355.806638888886
2019-08-17T07:00:00Z,10368.046537037037
2019-08-17T08:00:00Z,10381.41138888889
2019-08-17T09:00:00Z,10408.232777777777
2019-08-17T10:00:00Z,10420.82450925926
2019-08-17T11:00:00Z,10404.388777777778
2019-08-17T12:00:00Z,10372.052638888888
2019-08-17T13:00:00Z,10348.873777777777
2019-08-17T14:00:00Z,10330.100564814815
2019-08-17T15:00:00Z,10319.996231481482
2019-08-17T16:00:00Z,10302.960944444445
2019-08-17T17:00:00Z,10220.260083333333
2019-08-17T18:00:00Z,10152.017787037037
2019-08-17T19:00:00Z,10111.975111111113
2019-08-17T20:00:00Z,10082.174916666669
2019-08-17T21:00:00Z,10082.735342592592
2019-08-17T22:00:00Z,10121.838129629628
2019-08-17T23:00:00Z,10171.729583333332
2019-08-18T00:00:00Z,10214.77312037037
2019-08-18T01:00:00Z,10224.917870370373
2019-08-18T02:00:00Z,10205.400231481484
2019-08-18T03:00:00Z,10165.013824074073
2019-08-18T04:00:00Z,10131.477453703705
2019-08-18T05:00:00Z,10117.78887962963
2019-08-18T06:00:00Z,10127.99234259259
2019-08-18T07:00:00Z,10140.60198148148
2019-08-18T08:00:00Z,10138.068935185185
2019-08-18T09:00:00Z,10148.610157407407
2019-08-18T10:00:00Z,10220.348666666667
2019-08-18T11:00:00Z,10324.887546296295
2019-08-18T12:00:00Z,10412.237490740741
2019-08-18T13:00:00Z,10470.215916666666
2019-08-18T14:00:00Z,10477.510157407407
2019-08-18T15:00:00Z,10461.268916666666
2019-08-18T16:00:00Z,10447.723935185184
2019-08-18T17:00:00Z,10427.55062037037
2019-08-18T18:00:00Z,10409.074527777777
2019-08-18T19:00:00Z,10388.925388888887
2019-08-18T20:00:00Z,10370.279768518516
2019-08-18T21:00:00Z,10374.905370370368
2019-08-18T22:00:00Z,10371.051222222219
2019-08-18T23:00:00Z,10353.681805555554
2019-08-19T00:00:00Z,10331.07585185185
2019-08-19T01:00:00Z,10322.471175925928
2019-08-19T02:00:00Z,10343.587342592595
2019-08-19T03:00:00Z,10377.984583333333
2019-08-19T04:00:00Z,10398.665777777776
2019-08-19T05:00:00Z,10398.542324074073
2019-08-19T06:00:00Z,10419.47773148148
2019-08-19T07:00:00Z,10527.228675925924
2019-08-19T08:00:00Z,10653.16610185185
2019-08-19T09:00:00Z,10741.279157407407
2019-08-19T10:00:00Z,10775.453768518517
2019-08-19T11:00:00Z,10764.045361111112
2019-08-19T12:00:00Z,10742.340657407407
2019-08-19T13:00:00Z,10729.80387962963
2019-08-19T14:00:00Z,10730.45372222222
2019-08-19T15:00:00Z,10732.62512962963
2019-08-19T16:00:00Z,10721.438083333333
2019-08-19T17:00:00Z,10712.73283333333
2019-08-19T18:00:00Z,10711.62648148148
2019-08-19T19:00:00Z,10709.452342592593
2019-08-19T20:00:00Z,10698.838861111111
2019-08-19T21:00:00Z,10696.19589814815
2019-08-19T22:00:00Z,10718.51451851852
2019-08-19T23:00:00Z,10796.499333333333
2019-08-20T00:00:00Z,10878.651296296295
2019-08-20T01:00:00Z,10930.238666666664
2019-08-20T02:00:00Z,10942.002083333333
2019-08-20T03:00:00Z,10900.482916666668
2019-08-20T04:00:00Z,10851.715564814816
2019-08-20T05:00:00Z,10800.227435185187
2019-08-20T06:00:00Z,10775.017740740741
2019-08-20T07:00:00Z,10776.424398148149
2019-08-20T08:00:00Z,10757.507916666667
2019-08-20T09:00:00Z,10727.197574074076
2019-08-20T10:00:00Z,10681.115324074075
2019-08-20T11:00:00Z,10658.972138888888
2019-08-20T12:00:00Z,10642.156351851852
2019-08-20T13:00:00Z,10636.395157407407
2019-08-20T14:00:00Z,10622.839083333332
2019-08-20T15:00:00Z,10643.936638888888
2019-08-20T16:00:00Z,10687.103175925924
2019-08-20T17:00:00Z,10735.571425925926
2019-08-20T18:00:00Z,10766.16923148148
2019-08-20T19:00:00Z,10770.088805555557
2019-08-20T20:00:00Z,10751.708675925925
2019-08-20T21:00:00Z,10752.581277777776
2019-08-20T22:00:00Z,10780.534314814815
2019-08-20T23:00:00Z,10797.334509259259
2019-08-21T00:00:00Z,10778.732333333333
2019-08-21T01:00:00Z,10732.048685185184
2019-08-21T02:00:00Z,10663.404185185187
2019-08-21T03:00:00Z,10512.809444444445
2019-08-21T04:00:00Z,10315.314092592593
2019-08-21T05:00:00Z,10156.55887037037
2019-08-21T06:00:00Z,10060.672972222224
2019-08-21T07:00:00Z,10024.106046296298
2019-08-21T08:00:00Z,10035.909314814815
2019-08-21T09:00:00Z,10078.68525
2019-08-21T10:00:00Z,10111.064203703703
2019-08-21T11:00:00Z,10136.61237037037
2019-08-21T12:00:00Z,10085.790574074073
2019-08-21T13:00:00Z,10002.958222222222
2019-08-21T14:00:00Z,9946.659000000001
2019-08-21T15:00:00Z,9922.98037037037
2019-08-21T16:00:00Z,9974.090249999996
2019-08-21T17:00:00Z,10043.963490740738
2019-08-21T18:00:00Z,10091.854749999997
2019-08-21T19:00:00Z,10116.818638888888
2019-08-21T20:00:00Z,10136.385046296295
2019-08-21T21:00:00Z,10121.058685185186
2019-08-21T22:00:00Z,10095.925787037037
2019-08-21T23:00:00Z,10089.815805555556
2019-08-22T00:00:00Z,10084.55922222222
2019-08-22T01:00:00Z,10004.313379629628
2019-08-22T02:00:00Z,9922.930435185184
2019-08-22T03:00:00Z,9850.536314814815
2019-08-22T04:00:00Z,9845.719925925927
2019-08-22T05:00:00Z,9886.279537037039
2019-08-22T06:00:00Z,9940.552425925927
2019-08-22T07:00:00Z,9974.980675925928
2019-08-22T08:00:00Z,9972.679222222223
2019-08-22T09:00:00Z,9967.657685185186
2019-08-22T10:00:00Z,9977.079370370373
2019-08-22T11:00:00Z,9982.35138888889
2019-08-22T12:00:00Z,10006.040851851852
2019-08-22T13:00:00Z,10051.933425925927
2019-08-22T14:00:00Z,10095.00037037037
2019-08-22T15:00:00Z,10127.458064814815
2019-08-22T16:00:00Z,10141.94226851852
2019-08-22T17:00:00Z,10157.221425925927
2019-08-22T18:00:00Z,10179.227629629628
2019-08-22T19:00:00Z,10194.342555555553
2019-08-22T20:00:00Z,10200.220148148148
2019-08-22T21:00:00Z,10184.484583333333
2019-08-22T22:00:00Z,10168.047212962965
2019-08-22T23:00:00Z,10146.191212962962
2019-08-23T00:00:00Z,10128.670518518518
2019-08-23T01:00:00Z,10108.703027777776
2019-08-23T02:00:00Z,10095.602416666668
2019-08-23T03:00:00Z,10104.953648148148
2019-08-23T04:00:00Z,10133.44513888889
2019-08-23T05:00:00Z,10155.652675925927
2019-08-23T06:00:00Z,10190.34788888889
2019-08-23T07:00:00Z,10223.647527777779
2019-08-23T08:00:00Z,10229.287425925926
2019-08-23T09:00:00Z,10200.59363888889
2019-08-23T10:00:00Z,10159.770203703703
2019-08-23T11:00:00Z,10129.626305555556
2019-08-23T12:00:00Z,10142.274824074073
2019-08-23T13:00:00Z,10223.563990740739
2019-08-23T14:00:00Z,10335.173601851851
2019-08-23T15:00:00Z,10427.335490740743
2019-08-23T16:00:00Z,10473.542898148151
2019-08-23T17:00:00Z,10477.80590740741
2019-08-23T18:00:00Z,10465.151101851852
2019-08-23T19:00:00Z,10450.333851851852
2019-08-23T20:00:00Z,10420.224601851849
2019-08-23T21:00:00Z,10405.469324074073
2019-08-23T22:00:00Z,10393.509574074073
2019-08-23T23:00:00Z,10393.902157407407
2019-08-24T00:00:00Z,10401.934814814813
2019-08-24T01:00:00Z,10402.680453703704
2019-08-24T02:00:00Z,10388.47339814815
2019-08-24T03:00:00Z,10370.630648148152
2019-08-24T04:00:00Z,10352.956925925928
2019-08-24T05:00:00Z,10341.885212962965
2019-08-24T06:00:00Z,10330.250851851852
2019-08-24T07:00:00Z,10318.032259259258
2019-08-24T08:00:00Z,10250.539962962961
2019-08-24T09:00:00Z,10126.859064814815
2019-08-24T10:00:00Z,10003.637472222223
2019-08-24T11:00:00Z,9933.055740740741
2019-08-24T12:00:00Z,9914.71797222222
2019-08-24T13:00:00Z,9930.058796296298
2019-08-24T14:00:00Z,9952.178472222224
2019-08-24T15:00:00Z,9970.254805555554
2019-08-24T16:00:00Z,10005.266722222223
2019-08-24T17:00:00Z,10036.012453703703
2019-08-24T18:00:00Z,10065.376064814816
2019-08-24T19:00:00Z,10093.361611111111
2019-08-24T20:00:00Z,10112.723481481482
2019-08-24T21:00:00Z,10114.47899074074
2019-08-24T22:00:00Z,10132.218194444446
2019-08-24T23:00:00Z,10149.29725
2019-08-25T00:00:00Z,10158.335481481483
2019-08-25T01:00:00Z,10144.728361111114
2019-08-25T02:00:00Z,10129.960027777779
2019-08-25T03:00:00Z,10125.291805555558
2019-08-25T04:00:00Z,10098.664601851851
2019-08-25T05:00:00Z,10074.786703703705
2019-08-25T06:00:00Z,10061.03414814815
2019-08-25T07:00:00Z,10073.217231481483
2019-08-25T08:00:00Z,10092.098564814814
2019-08-25T09:00:00Z,10121.893185185185
2019-08-25T10:00:00Z,10144.617203703703
2019-08-25T11:00:00Z,10151.972759259259
2019-08-25T12:00:00Z,10206.587333333333
2019-08-25T13:00:00Z,10257.885870370372
2019-08-25T14:00:00Z,10233.785814814815
2019-08-25T15:00:00Z,10162.307231481484
2019-08-25T16:00:00Z,10078.981546296296
2019-08-25T17:00:00Z,10032.411379629631
2019-08-25T18:00:00Z,10026.367444444446
2019-08-25T19:00:00Z,10037.278694444445
2019-08-25T20:00:00Z,10029.718333333332
2019-08-25T21:00:00Z,10010.255527777777
2019-08-25T22:00:00Z,10009.210083333333
2019-08-25T23:00:00Z,10046.650259259259
2019-08-26T00:00:00Z,10212.867564814813
2019-08-26T01:00:00Z,10393.896203703704
2019-08-26T02:00:00Z,10511.506083333334
2019-08-26T03:00:00Z,10505.050490740743
2019-08-26T04:00:00Z,10439.489944444445
2019-08-26T05:00:00Z,10380.446777777775
2019-08-26T06:00:00Z,10358.059824074073
2019-08-26T07:00:00Z,10350.210314814816
2019-08-26T08:00:00Z,10342.95877777778
2019-08-26T09:00:00Z,10343.172185185189
2019-08-26T10:00:00Z,10347.39189814815
2019-08-26T11:00:00Z,10363.001925925926
2019-08-26T12:00:00Z,10371.892833333333
2019-08-26T13:00:00Z,10370.486175925927
2019-08-26T14:00:00Z,10353.755148148148
2019-08-26T15:00:00Z,10334.08572222222
2019-08-26T16:00:00Z,10320.219861111109
2019-08-26T17:00:00Z,10308.5145
2019-08-26T18:00:00Z,10296.44537962963
2019-08-26T19:00:00Z,10292.76914814815
2019-08-26T20:00:00Z,10280.085046296297
2019-08-26T21:00:00Z,10266.727638888888
2019-08-26T22:00:00Z,10267.642037037034
2019-08-26T23:00:00Z,10296.947675925925
2019-08-27T00:00:00Z,10328.898907407407
2019-08-27T01:00:00Z,10340.732685185185
2019-08-27T02:00:00Z,10309.30061111111
2019-08-27T03:00:00Z,10246.078916666665
2019-08-27T04:00:00Z,10178.737916666667
2019-08-27T05:00:00Z,10154.22137037037
2019-08-27T06:00:00Z,10157.167842592593
2019-08-27T07:00:00Z,10164.967074074075
2019-08-27T08:00:00Z,10172.227888888889
2019-08-27T09:00:00Z,10160.992027777776
2019-08-27T10:00:00Z,10145.925277777775
2019-08-27T11:00:00Z,10122.836055555556
2019-08-27T12:00:00Z,10104.134907407408
2019-08-27T13:00:00Z,10112.278657407407
2019-08-27T14:00:00Z,10132.740055555558
2019-08-27T15:00:00Z,10159.853972222225
2019-08-27T16:00:00Z,10178.773351851853
2019-08-27T17:00:00Z,10187.048712962962
2019-08-27T18:00:00Z,10188.557824074072
2019-08-27T19:00:00Z,10179.304064814814
2019-08-27T20:00:00Z,10163.169416666666
2019-08-27T21:00:00Z,10144.199972222223
2019-08-27T22:00:00Z,10129.007370370373
2019-08-27T23:00:00Z,10133.996935185187
2019-08-28T00:00:00Z,10140.031175925928
2019-08-28T01:00:00Z,10129.614148148148
2019-08-28T02:00:00Z,10115.187583333334
2019-08-28T03:00:00Z,10093.947675925925
2019-08-28T04:00:00Z,10074.203296296293
2019-08-28T05:00:00Z,10078.76986111111
2019-08-28T06:00:00Z,10113.270231481481
2019-08-28T07:00:00Z,10148.580074074072
2019-08-28T08:00:00Z,10160.274851851853
2019-08-28T09:00:00Z,10158.087481481483
2019-08-28T10:00:00Z,10143.35012037037
2019-08-28T11:00:00Z,10135.301157407406
2019-08-28T12:00:00Z,10138.434249999998
2019-08-28T13:00:00Z,10151.731861111111
2019-08-28T14:00:00Z,10178.151675925925
2019-08-28T15:00:00Z,10211.685777777779
2019-08-28T16:00:00Z,10236.50739814815
2019-08-28T17:00:00Z,10238.008296296297
2019-08-28T18:00:00Z,10076.9445
2019-08-28T19:00:00Z,9847.563277777776
2019-08-28T20:00:00Z,9643.083666666666
2019-08-28T21:00:00Z,9549.331259259257
2019-08-28T22:00:00Z,9562.611259259258
2019-08-28T23:00:00Z,9617.216324074074
2019-08-29T00:00:00Z,9660.900203703704
2019-08-29T01:00:00Z,9679.537750000001
2019-08-29T02:00:00Z,9678.85900925926
2019-08-29T03:00:00Z,9644.707935185186
2019-08-29T04:00:00Z,9610.052268518519
2019-08-29T05:00:00Z,9580.574296296296
2019-08-29T06:00:00Z,9551.205805555555
2019-08-29T07:00:00Z,9484.397824074074
2019-08-29T08:00:00Z,9413.608527777777
2019-08-29T09:00:00Z,9384.771092592591
2019-08-29T10:00:00Z,9389.556814814814
2019-08-29T11:00:00Z,9414.634240740741
2019-08-29T12:00:00Z,9436.200787037038
2019-08-29T13:00:00Z,9448.526731481485
2019-08-29T14:00:00Z,9440.759175925929
2019-08-29T15:00:00Z,9452.27100925926
2019-08-29T16:00:00Z,9465.595064814815
2019-08-29T17:00:00Z,9495.11712962963
2019-08-29T18:00:00Z,9511.794203703705
2019-08-29T19:00:00Z,9517.421592592591
2019-08-29T20:00:00Z,9522.105416666665
2019-08-29T21:00:00Z,9521.140333333333
2019-08-29T22:00:00Z,9511.290314814816
2019-08-29T23:00:00Z,9498.179703703705
2019-08-30T00:00:00Z,9474.761861111112
2019-08-30T01:00:00Z,9454.28251851852
2019-08-30T02:00:00Z,9435.22627777778
2019-08-30T03:00:00Z,9431.994425925926
2019-08-30T04:00:00Z,9446.995444444443
2019-08-30T05:00:00Z,9473.120064814813
2019-08-30T06:00:00Z,9490.569148148148
2019-08-30T07:00:00Z,9493.479574074074
2019-08-30T08:00:00Z,9500.518685185185
2019-08-30T09:00:00Z,9526.39625
2019-08-30T10:00:00Z,9559.020268518516
2019-08-30T11:00:00Z,9584.625166666667
2019-08-30T12:00:00Z,9598.66011111111
2019-08-30T13:00:00Z,9608.261537037039
2019-08-30T14:00:00Z,9607.540092592593
2019-08-30T15:00:00Z,9602.272962962963
2019-08-30T16:00:00Z,9591.240851851851
2019-08-30T17:00:00Z,9568.799018518519
2019-08-30T18:00:00Z,9538.05510185185
2019-08-30T19:00:00Z,9528.853333333333
2019-08-30T20:00:00Z,9553.203453703705
2019-08-30T21:00:00Z,9583.065305555558
2019-08-30T22:00:00Z,9605.837398148149
2019-08-30T23:00:00Z,9607.666490740741
2019-08-31T00:00:00Z,9601.790018518517
2019-08-31T01:00:00Z,9605.222907407406
2019-08-31T02:00:00Z,9615.143611111112
2019-08-31T03:00:00Z,9624.232277777775
2019-08-31T04:00:00Z,9627.325731481482
2019-08-31T05:00:00Z,9625.539870370369
2019-08-31T06:00:00Z,9615.415120370371
2019-08-31T07:00:00Z,9602.29875
2019-08-31T08:00:00Z,9584.586324074075
2019-08-31T09:00:00Z,9572.945935185186
2019-08-31T10:00:00Z,9570.21712037037
2019-08-31T11:00:00Z,9569.564138888889
2019-08-31T12:00:00Z,9578.388787037038
2019-08-31T13:00:00Z,9592.535305555557
2019-08-31T14:00:00Z,9600.65428703704
2019-08-31T15:00:00Z,9605.013305555556
2019-08-31T16:00:00Z,9604.690064814815
2019-08-31T17:00:00Z,9603.403416666666
2019-08-31T18:00:00Z,9596.515398148147
2019-08-31T19:00:00Z,9587.248370370371
2019-08-31T20:00:00Z,9552.911333333332
2019-08-31T21:00:00Z,9563.772398148147
2019-08-31T22:00:00Z,9591.156657407408
2019-08-31T23:00:00Z,9615.651685185185
2019-09-01T00:00:00Z,9631.816037037037
2019-09-01T01:00:00Z,9634.228694444444
2019-09-01T02:00:00Z,9631.589370370368
2019-09-01T03:00:00Z,9630.80987962963
2019-09-01T04:00:00Z,9631.489935185185
2019-09-01T05:00:00Z,9627.438574074076
2019-09-01T06:00:00Z,9625.23815740741
2019-09-01T07:00:00Z,9624.278564814815
2019-09-01T08:00:00Z,9618.136333333334
2019-09-01T09:00:00Z,9610.785342592591
2019-09-01T10:00:00Z,9600.122166666666
2019-09-01T11:00:00Z,9589.877787037038
2019-09-01T12:00:00Z,9584.48662037037
2019-09-01T13:00:00Z,9581.778666666667
2019-09-01T14:00:00Z,9582.908175925926
2019-09-01T15:00:00Z,9596.197333333335
2019-09-01T16:00:00Z,9603.109712962963
2019-09-01T17:00:00Z,9607.595046296296
2019-09-01T18:00:00Z,9609.784787037037
2019-09-01T19:00:00Z,9617.435833333335
2019-09-01T20:00:00Z,9629.271185185185
2019-09-01T21:00:00Z,9660.080824074073
2019-09-01T22:00:00Z,9720.400462962962
2019-09-01T23:00:00Z,9774.239990740742
2019-09-02T00:00:00Z,9810.032768518518
2019-09-02T01:00:00Z,9815.479870370371
2019-09-02T02:00:00Z,9810.532222222222
2019-09-02T03:00:00Z,9797.596537037038
2019-09-02T04:00:00Z,9791.546129629629
2019-09-02T05:00:00Z,9786.230351851855
2019-09-02T06:00:00Z,9777.009324074075
2019-09-02T07:00:00Z,9770.843416666667
2019-09-02T08:00:00Z,9765.999777777777
2019-09-02T09:00:00Z,9772.066194444446
2019-09-02T10:00:00Z,9784.29825925926
2019-09-02T11:00:00Z,9811.975287037038
2019-09-02T12:00:00Z,9839.332222222221
2019-09-02T13:00:00Z,9879.333212962963
2019-09-02T14:00:00Z,9918.173814814814
2019-09-02T15:00:00Z,9939.312805555555
2019-09-02T16:00:00Z,9953.817435185185
2019-09-02T17:00:00Z,10004.096944444444
2019-09-02T18:00:00Z,10082.831222222223
2019-09-02T19:00:00Z,10169.657055555557
2019-09-02T20:00:00Z,10294.275249999999
2019-09-02T21:00:00Z,10401.733175925927
2019-09-02T22:00:00Z,10470.499157407408
2019-09-02T23:00:00Z,10487.431018518519
2019-09-03T00:00:00Z,10472.49611111111
2019-09-03T01:00:00Z,10433.41487962963
2019-09-03T02:00:00Z,10405.911768518517
2019-09-03T03:00:00Z,10398.29696296296
2019-09-03T04:00:00Z,10403.35212962963
2019-09-03T05:00:00Z,10416.720101851854
2019-09-03T06:00:00Z,10419.819324074077
2019-09-03T07:00:00Z,10410.65664814815
2019-09-03T08:00:00Z,10392.323296296297
2019-09-03T09:00:00Z,10355.554537037038
2019-09-03T10:00:00Z,10344.643435185184
2019-09-03T11:00:00Z,10365.760851851852
2019-09-03T12:00:00Z,10447.638861111112
2019-09-03T13:00:00Z,10570.558101851851
2019-09-03T14:00:00Z,10668.616731481481
2019-09-03T15:00:00Z,10733.700805555556
2019-09-03T16:00:00Z,10746.60838888889
2019-09-03T17:00:00Z,10716.625675925927
2019-09-03T18:00:00Z,10675.936648148148
2019-09-03T19:00:00Z,10652.765805555557
2019-09-03T20:00:00Z,10663.94275
2019-09-03T21:00:00Z,10688.09937037037
2019-09-03T22:00:00Z,10711.461768518517
2019-09-03T23:00:00Z,10696.619314814814
2019-09-04T00:00:00Z,10651.236370370369
2019-09-04T01:00:00Z,10581.720037037034
2019-09-04T02:00:00Z,10529.091009259258
2019-09-04T03:00:00Z,10529.144935185184
2019-09-04T04:00:00Z,10552.920194444445
2019-09-04T05:00:00Z,10575.854129629632
2019-09-04T06:00:00Z,10586.511212962963
2019-09-04T07:00:00Z,10584.201518518517
2019-09-04T08:00:00Z,10559.593564814813
2019-09-04T09:00:00Z,10528.109138888889
2019-09-04T10:00:00Z,10518.81074074074
2019-09-04T11:00:00Z,10518.817000000003
2019-09-04T12:00:00Z,10512.927416666667
2019-09-04T13:00:00Z,10476.085953703701
2019-09-04T14:00:00Z,10426.250981481478
2019-09-04T15:00:00Z,10393.275407407406
2019-09-04T16:00:00Z,10429.36187037037
2019-09-04T17:00:00Z,10522.268666666667
2019-09-04T18:00:00Z,10603.688481481482
2019-09-04T19:00:00Z,10682.082018518518
2019-09-04T20:00:00Z,10705.813027777776
2019-09-04T21:00:00Z,10708.632203703704
2019-09-04T22:00:00Z,10669.775055555556
2019-09-04T23:00:00Z,10622.217314814812
2019-09-05T00:00:00Z,10567.864129629628
2019-09-05T01:00:00Z,10532.30862037037
2019-09-05T02:00:00Z,10519.475703703703
2019-09-05T03:00:00Z,10528.43935185185
2019-09-05T04:00:00Z,10554.236953703703
2019-09-05T05:00:00Z,10586.154444444444
2019-09-05T06:00:00Z,10591.319398148149
2019-09-05T07:00:00Z,10580.131925925927
2019-09-05T08:00:00Z,10572.47912037037
2019-09-05T09:00:00Z,10568.859574074073
2019-09-05T10:00:00Z,10588.383268518517
2019-09-05T11:00:00Z,10597.882416666667
2019-09-05T12:00:00Z,10597.104324074073
2019-09-05T13:00:00Z,10597.808453703701
2019-09-05T14:00:00Z,10585.843074074075
2019-09-05T15:00:00Z,10573.097981481482
2019-09-05T16:00:00Z,10552.771907407407
2019-09-05T17:00:00Z,10525.832657407407
2019-09-05T18:00:00Z,10514.714564814813
2019-09-05T19:00:00Z,10515.412638888889
2019-09-05T20:00:00Z,10518.727203703704
2019-09-05T21:00:00Z,10530.930787037038
2019-09-05T22:00:00Z,10551.586175925924
2019-09-05T23:00:00Z,10573.248620370372
2019-09-06T00:00:00Z,10589.421287037037
2019-09-06T01:00:00Z,10598.347601851854
2019-09-06T02:00:00Z,10623.164
2019-09-06T03:00:00Z,10651.399611111112
2019-09-06T04:00:00Z,10690.710527777775
2019-09-06T05:00:00Z,10723.911990740738
2019-09-06T06:00:00Z,10748.474240740741
2019-09-06T07:00:00Z,10765.28475
2019-09-06T08:00:00Z,10766.385657407409
2019-09-06T09:00:00Z,10762.86701851852
2019-09-06T10:00:00Z,10759.600064814813
2019-09-06T11:00:00Z,10794.46249074074
2019-09-06T12:00:00Z,10841.353027777777
2019-09-06T13:00:00Z,10874.165120370371
2019-09-06T14:00:00Z,10888.618842592592
2019-09-06T15:00:00Z,10893.319694444444
2019-09-06T16:00:00Z,10897.619185185185
2019-09-06T17:00:00Z,10763.909185185186
2019-09-06T18:00:00Z,10557.399250000002
2019-09-06T19:00:00Z,10366.327657407408
2019-09-06T20:00:00Z,10253.180027777778
2019-09-06T21:00:00Z,10250.75050925926
2019-09-06T22:00:00Z,10277.42000925926
2019-09-06T23:00:00Z,10297.845907407407
2019-09-07T00:00:00Z,10309.698157407407
2019-09-07T01:00:00Z,10323.173722222224
2019-09-07T02:00:00Z,10335.16325925926
2019-09-07T03:00:00Z,10341.674796296298
2019-09-07T04:00:00Z,10347.137944444446
2019-09-07T05:00:00Z,10353.308361111112
2019-09-07T06:00:00Z,10355.745824074074
2019-09-07T07:00:00Z,10365.224037037036
2019-09-07T08:00:00Z,10384.029296296294
2019-09-07T09:00:00Z,10399.724787037036
2019-09-07T10:00:00Z,10401.671398148148
2019-09-07T11:00:00Z,10410.012546296297
2019-09-07T12:00:00Z,10406.456055555556
2019-09-07T13:00:00Z,10404.617342592592
2019-09-07T14:00:00Z,10409.02775925926
2019-09-07T15:00:00Z,10432.780101851853
2019-09-07T16:00:00Z,10476.83790740741
2019-09-07T17:00:00Z,10515.378749999998
2019-09-07T18:00:00Z,10528.657435185183
2019-09-07T19:00:00Z,10523.812277777777
2019-09-07T20:00:00Z,10518.955657407407
2019-09-07T21:00:00Z,10523.56122222222
2019-09-07T22:00:00Z,10525.948675925925
2019-09-07T23:00:00Z,10515.874305555555
2019-09-08T00:00:00Z,10507.673018518519
2019-09-08T01:00:00Z,10501.450546296297
2019-09-08T02:00:00Z,10495.794518518518
2019-09-08T03:00:00Z,10511.045462962962
2019-09-08T04:00:00Z,10538.448555555557
2019-09-08T05:00:00Z,10562.464805555554
2019-09-08T06:00:00Z,10580.153537037038
2019-09-08T07:00:00Z,10578.374814814815
2019-09-08T08:00:00Z,10561.483
2019-09-08T09:00:00Z,10537.44684259259
2019-09-08T10:00:00Z,10517.268833333332
2019-09-08T11:00:00Z,10474.361879629629
2019-09-08T12:00:00Z,10426.48987037037
2019-09-08T13:00:00Z,10381.553120370369
2019-09-08T14:00:00Z,10366.751203703703
2019-09-08T15:00:00Z,10372.260907407406
2019-09-08T16:00:00Z,10390.03688888889
2019-09-08T17:00:00Z,10395.920777777777
2019-09-08T18:00:00Z,10380.264481481483
2019-09-08T19:00:00Z,10358.824462962964
2019-09-08T20:00:00Z,10345.869416666666
2019-09-08T21:00:00Z,10361.482009259258
2019-09-08T22:00:00Z,10383.613722222222
2019-09-08T23:00:00Z,10403.271462962963
2019-09-09T00:00:00Z,10412.088212962966
2019-09-09T01:00:00Z,10410.715611111114
2019-09-09T02:00:00Z,10382.592509259262
2019-09-09T03:00:00Z,10342.37726851852
2019-09-09T04:00:00Z,10311.599518518518
2019-09-09T05:00:00Z,10293.157657407406
2019-09-09T06:00:00Z,10272.855296296297
2019-09-09T07:00:00Z,10220.214083333332
2019-09-09T08:00:00Z,10160.290064814815
2019-09-09T09:00:00Z,10144.825009259257
2019-09-09T10:00:00Z,10171.087925925924
2019-09-09T11:00:00Z,10267.968555555557
2019-09-09T12:00:00Z,10356.867851851852
2019-09-09T13:00:00Z,10401.109898148146
2019-09-09T14:00:00Z,10402.822583333333
2019-09-09T15:00:00Z,10375.817046296297
2019-09-09T16:00:00Z,10327.491842592593
2019-09-09T17:00:00Z,10283.35212962963
2019-09-09T18:00:00Z,10249.497083333334
2019-09-09T19:00:00Z,10250.333518518519
2019-09-09T20:00:00Z,10249.702916666669
2019-09-09T21:00:00Z,10259.856129629632
2019-09-09T22:00:00Z,10285.574324074076
2019-09-09T23:00:00Z,10308.55499074074
2019-09-10T00:00:00Z,10334.618101851853
2019-09-10T01:00:00Z,10347.818675925928
2019-09-10T02:00:00Z,10337.173194444445
2019-09-10T03:00:00Z,10319.243333333334
2019-09-10T04:00:00Z,10302.476064814815
2019-09-10T05:00:00Z,10284.731296296297
2019-09-10T06:00:00Z,10270.297064814817
2019-09-10T07:00:00Z,10262.263768518518
2019-09-10T08:00:00Z,10257.484555555557
2019-09-10T09:00:00Z,10254.017249999999
2019-09-10T10:00:00Z,10246.218166666667
2019-09-10T11:00:00Z,10242.49640740741
2019-09-10T12:00:00Z,10244.354712962966
2019-09-10T13:00:00Z,10245.081537037038
2019-09-10T14:00:00Z,10233.258101851852
2019-09-10T15:00:00Z,10205.350499999999
2019-09-10T16:00:00Z,10190.542685185184
2019-09-10T17:00:00Z,10187.979657407406
2019-09-10T18:00:00Z,10188.920462962962
2019-09-10T19:00:00Z,10134.63112962963
2019-09-10T20:00:00Z,10069.564435185186
2019-09-10T21:00:00Z,10033.112314814816
2019-09-10T22:00:00Z,10029.594731481482
2019-09-10T23:00:00Z,10052.459203703705
2019-09-11T00:00:00Z,10088.384907407404
2019-09-11T01:00:00Z,10103.141222222222
2019-09-11T02:00:00Z,10097.203675925926
2019-09-11T03:00:00Z,10084.763027777777
2019-09-11T04:00:00Z,10063.087333333333
2019-09-11T05:00:00Z,10036.48099074074
2019-09-11T06:00:00Z,10004.452925925925
2019-09-11T07:00:00Z,9997.112222222222
2019-09-11T08:00:00Z,9992.356185185186
2019-09-11T09:00:00Z,9991.41676851852
2019-09-11T10:00:00Z,10016.094750000002
2019-09-11T11:00:00Z,10042.378564814817
2019-09-11T12:00:00Z,10074.526157407408
2019-09-11T13:00:00Z,10078.935870370371
2019-09-11T14:00:00Z,10061.02522222222
2019-09-11T15:00:00Z,10023.110518518519
2019-09-11T16:00:00Z,10006.67927777778
2019-09-11T17:00:00Z,10011.421499999999
2019-09-11T18:00:00Z,10033.548055555555
2019-09-11T19:00:00Z,10060.622537037038
2019-09-11T20:00:00Z,10086.319425925927
2019-09-11T21:00:00Z,10125.008740740743
2019-09-11T22:00:00Z,10155.237037037039
2019-09-11T23:00:00Z,10176.154972222224
2019-09-12T00:00:00Z,10180.140212962966
2019-09-12T01:00:00Z,10165.144055555555
2019-09-12T02:00:00Z,10141.208888888888
2019-09-12T03:00:00Z,10118.426249999999
2019-09-12T04:00:00Z,10095.029962962964
2019-09-12T05:00:00Z,10078.223231481481
2019-09-12T06:00:00Z,10062.40550925926
2019-09-12T07:00:00Z,10056.540925925927
2019-09-12T08:00:00Z,10079.073611111111
2019-09-12T09:00:00Z,10107.560055555556
2019-09-12T10:00:00Z,10138.690305555554
2019-09-12T11:00:00Z,10163.219796296295
2019-09-12T12:00:00Z,10198.212324074073
2019-09-12T13:00:00Z,10266.755898148149
2019-09-12T14:00:00Z,10325.758240740743
2019-09-12T15:00:00Z,10365.575425925928
2019-09-12T16:00:00Z,10360.801935185185
2019-09-12T17:00:00Z,10338.62625
2019-09-12T18:00:00Z,10317.119898148148
2019-09-12T19:00:00Z,10308.04587037037
2019-09-12T20:00:00Z,10314.244898148147
2019-09-12T21:00:00Z,10349.162407407408
2019-09-12T22:00:00Z,10389.538833333334
2019-09-12T23:00:00Z,10425.77941666667
2019-09-13T00:00:00Z,10436.272518518519
2019-09-13T01:00:00Z,10416.752694444442
2019-09-13T02:00:00Z,10393.44512037037
2019-09-13T03:00:00Z,10380.142527777776
2019-09-13T04:00:00Z,10370.16464814815
2019-09-13T05:00:00Z,10352.061990740744
2019-09-13T06:00:00Z,10332.668185185186
2019-09-13T07:00:00Z,10314.105444444443
2019-09-13T08:00:00Z,10300.069981481478
2019-09-13T09:00:00Z,10300.655694444444
2019-09-13T10:00:00Z,10298.312972222222
2019-09-13T11:00:00Z,10303.663296296296
2019-09-13T12:00:00Z,10318.841833333332
2019-09-13T13:00:00Z,10330.419962962964
2019-09-13T14:00:00Z,10329.548814814816
2019-09-13T15:00:00Z,10321.32725925926
2019-09-13T16:00:00Z,10310.99612962963
2019-09-13T17:00:00Z,10281.75972222222
2019-09-13T18:00:00Z,10247.705490740738
2019-09-13T19:00:00Z,10215.878740740738
2019-09-13T20:00:00Z,10213.068935185183
2019-09-13T21:00:00Z,10241.74036111111
2019-09-13T22:00:00Z,10277.071166666668
2019-09-13T23:00:00Z,10323.087490740741
2019-09-14T00:00:00Z,10350.379333333334
2019-09-14T01:00:00Z,10358.920277777777
2019-09-14T02:00:00Z,10346.311444444444
2019-09-14T03:00:00Z,10325.673898148147
2019-09-14T04:00:00Z,10305.401425925924
2019-09-14T05:00:00Z,10295.809037037036
2019-09-14T06:00:00Z,10294.240222222223
2019-09-14T07:00:00Z,10305.117425925928
2019-09-14T08:00:00Z,10316.929351851853
2019-09-14T09:00:00Z,10321.699027777779
2019-09-14T10:00:00Z,10321.813879629628
2019-09-14T11:00:00Z,10315.324685185185
2019-09-14T12:00:00Z,10299.478833333333
2019-09-14T13:00:00Z,10299.237935185185
2019-09-14T14:00:00Z,10320.30187037037
2019-09-14T15:00:00Z,10352.240212962963
2019-09-14T16:00:00Z,10379.235824074074
2019-09-14T17:00:00Z,10397.884694444443
2019-09-14T18:00:00Z,10409.426546296294
2019-09-14T19:00:00Z,10409.551935185184
2019-09-14T20:00:00Z,10413.820574074076
2019-09-14T21:00:00Z,10412.286648148149
2019-09-14T22:00:00Z,10397.695546296296
2019-09-14T23:00:00Z,10377.555037037037
2019-09-15T00:00:00Z,10353.757574074074
2019-09-15T01:00:00Z,10341.871250000002
2019-09-15T02:00:00Z,10336.567444444443
2019-09-15T03:00:00Z,10330.442175925924
2019-09-15T04:00:00Z,10326.998842592591
2019-09-15T05:00:00Z,10327.14646296296
2019-09-15T06:00:00Z,10329.020999999999
2019-09-15T07:00:00Z,10328.558898148149
2019-09-15T08:00:00Z,10322.03026851852
2019-09-15T09:00:00Z,10310.43248148148
2019-09-15T10:00:00Z,10305.963935185186
2019-09-15T11:00:00Z,10307.125953703702
2019-09-15T12:00:00Z,10314.535157407408
2019-09-15T13:00:00Z,10310.63075925926
2019-09-15T14:00:00Z,10298.292962962963
2019-09-15T15:00:00Z,10293.486222222222
2019-09-15T16:00:00Z,10295.819379629631
2019-09-15T17:00:00Z,10306.66763888889
2019-09-15T18:00:00Z,10311.907074074077
2019-09-15T19:00:00Z,10312.553231481483
2019-09-15T20:00:00Z,10300.972768518519
2019-09-15T21:00:00Z,10292.764314814813
2019-09-15T22:00:00Z,10290.358925925926
2019-09-15T23:00:00Z,10295.633712962963
2019-09-16T00:00:00Z,10315.823453703704
2019-09-16T01:00:00Z,10344.299546296295
2019-09-16T02:00:00Z,10366.417620370368
2019-09-16T03:00:00Z,10363.43996296296
2019-09-16T04:00:00Z,10347.848379629628
2019-09-16T05:00:00Z,10330.759175925925
2019-09-16T06:00:00Z,10316.64999074074
2019-09-16T07:00:00Z,10308.634046296296
2019-09-16T08:00:00Z,10302.827027777776
2019-09-16T09:00:00Z,10301.22748148148
2019-09-16T10:00:00Z,10302.306055555555
2019-09-16T11:00:00Z,10295.720046296296
2019-09-16T12:00:00Z,10245.462398148149
2019-09-16T13:00:00Z,10180.111277777778
2019-09-16T14:00:00Z,10122.216796296298
2019-09-16T15:00:00Z,10086.086740740739
2019-09-16T16:00:00Z,10085.022472222223
2019-09-16T17:00:00Z,10100.754916666667
2019-09-16T18:00:00Z,10116.090851851852
2019-09-16T19:00:00Z,10123.71638888889
2019-09-16T20:00:00Z,10151.911981481482
2019-09-16T21:00:00Z,10213.568268518518
2019-09-16T22:00:00Z,10280.673777777776
2019-09-16T23:00:00Z,10318.09339814815
2019-09-17T00:00:00Z,10308.20838888889
2019-09-17T01:00:00Z,10275.28401851852
2019-09-17T02:00:00Z,10245.53025925926
2019-09-17T03:00:00Z,10233.538166666667
2019-09-17T04:00:00Z,10224.637787037038
2019-09-17T05:00:00Z,10215.927712962965
2019-09-17T06:00:00Z,10205.492453703704
2019-09-17T07:00:00Z,10200.736935185183
2019-09-17T08:00:00Z,10189.210537037037
2019-09-17T09:00:00Z,10170.989138888888
2019-09-17T10:00:00Z,10157.770212962963
2019-09-17T11:00:00Z,10150.934314814813
2019-09-17T12:00:00Z,10166.77162037037
2019-09-17T13:00:00Z,10180.629027777775
2019-09-17T14:00:00Z,10199.202462962961
2019-09-17T15:00:00Z,10210.961018518517
2019-09-17T16:00:00Z,10231.121527777777
2019-09-17T17:00:00Z,10249.079898148148
2019-09-17T18:00:00Z,10255.746962962961
2019-09-17T19:00:00Z,10259.359361111112
2019-09-17T20:00:00Z,10258.328027777776
2019-09-17T21:00:00Z,10246.66075925926
2019-09-17T22:00:00Z,10234.833296296298
2019-09-17T23:00:00Z,10214.393148148149
2019-09-18T00:00:00Z,10201.8677962963
2019-09-18T01:00:00Z,10210.391166666666
2019-09-18T02:00:00Z,10223.083453703706
2019-09-18T03:00:00Z,10228.217444444444
2019-09-18T04:00:00Z,10227.220444444445
2019-09-18T05:00:00Z,10219.092564814817
2019-09-18T06:00:00Z,10210.716546296297
2019-09-18T07:00:00Z,10205.179120370369
2019-09-18T08:00:00Z,10191.749185185183
2019-09-18T09:00:00Z,10178.286648148147
2019-09-18T10:00:00Z,10169.866435185184
2019-09-18T11:00:00Z,10162.064240740741
2019-09-18T12:00:00Z,10168.384777777777
2019-09-18T13:00:00Z,10178.64450925926
2019-09-18T14:00:00Z,10185.139657407408
2019-09-18T15:00:00Z,10184.50500925926
2019-09-18T16:00:00Z,10184.731481481482
2019-09-18T17:00:00Z,10185.826287037036
2019-09-18T18:00:00Z,10184.77086111111
2019-09-18T19:00:00Z,10180.939212962961
2019-09-18T20:00:00Z,10181.651509259258
2019-09-18T21:00:00Z,10186.637685185184
2019-09-18T22:00:00Z,10183.84025
2019-09-18T23:00:00Z,10173.433749999998
2019-09-19T00:00:00Z,10166.345435185185
2019-09-19T01:00:00Z,10150.246435185187
2019-09-19T02:00:00Z,10124.260407407406
2019-09-19T03:00:00Z,10012.46450925926
2019-09-19T04:00:00Z,9876.007907407407
2019-09-19T05:00:00Z,9788.886611111111
2019-09-19T06:00:00Z,9766.012101851851
2019-09-19T07:00:00Z,9793.445370370373
2019-09-19T08:00:00Z,9830.454962962966
2019-09-19T09:00:00Z,9856.950129629631
2019-09-19T10:00:00Z,9862.956185185185
2019-09-19T11:00:00Z,9859.408675925924
2019-09-19T12:00:00Z,9859.088379629631
2019-09-19T13:00:00Z,9860.775305555557
2019-09-19T14:00:00Z,9862.414203703704
2019-09-19T15:00:00Z,9869.471814814817
2019-09-19T16:00:00Z,9926.351259259261
2019-09-19T17:00:00Z,9998.692037037037
2019-09-19T18:00:00Z,10060.261361111114
2019-09-19T19:00:00Z,10109.73326851852
2019-09-19T20:00:00Z,10181.273046296299
2019-09-19T21:00:00Z,10256.614962962965
2019-09-19T22:00:00Z,10304.298962962965
2019-09-19T23:00:00Z,10321.711925925925
2019-09-20T00:00:00Z,10306.482361111111
2019-09-20T01:00:00Z,10275.511092592591
2019-09-20T02:00:00Z,10239.544157407408
2019-09-20T03:00:00Z,10218.664101851851
2019-09-20T04:00:00Z,10208.826222222222
2019-09-20T05:00:00Z,10194.060574074074
2019-09-20T06:00:00Z,10177.856453703702
2019-09-20T07:00:00Z,10159.034870370366
2019-09-20T08:00:00Z,10143.178648148145
2019-09-20T09:00:00Z,10132.503537037037
2019-09-20T10:00:00Z,10131.924324074074
2019-09-20T11:00:00Z,10139.976805555554
2019-09-20T12:00:00Z,10167.178611111112
2019-09-20T13:00:00Z,10185.267962962962
2019-09-20T14:00:00Z,10192.69475
2019-09-20T15:00:00Z,10188.01910185185
2019-09-20T16:00:00Z,10153.45087037037
2019-09-20T17:00:00Z,10120.386787037036
2019-09-20T18:00:00Z,10109.963861111111
2019-09-20T19:00:00Z,10119.265564814816
2019-09-20T20:00:00Z,10133.200333333334
2019-09-20T21:00:00Z,10138.005055555555
2019-09-20T22:00:00Z,10137.552712962965
2019-09-20T23:00:00Z,10145.756416666669
2019-09-21T00:00:00Z,10156.115675925925
2019-09-21T01:00:00Z,10162.188074074073
2019-09-21T02:00:00Z,10152.516787037037
2019-09-21T03:00:00Z,10138.621712962964
2019-09-21T04:00:00Z,10116.07787962963
2019-09-21T05:00:00Z,10097.97688888889
2019-09-21T06:00:00Z,10076.037990740742
2019-09-21T07:00:00Z,10062.398611111113
2019-09-21T08:00:00Z,10042.855138888892
2019-09-21T09:00:00Z,10014.80240740741
2019-09-21T10:00:00Z,9987.24412962963
2019-09-21T11:00:00Z,9986.71825
2019-09-21T12:00:00Z,9984.270925925925
2019-09-21T13:00:00Z,9990.534212962963
2019-09-21T14:00:00Z,9992.981925925926
2019-09-21T15:00:00Z,10004.882342592593
2019-09-21T16:00:00Z,10010.319953703705
2019-09-21T17:00:00Z,10000.159055555558
2019-09-21T18:00:00Z,9990.258805555555
2019-09-21T19:00:00Z,9989.507592592594
2019-09-21T20:00:00Z,9983.796509259259
2019-09-21T21:00:00Z,9979.473027777776
2019-09-21T22:00:00Z,9975.855898148146
2019-09-21T23:00:00Z,9974.607777777775
2019-09-22T00:00:00Z,9965.89173148148
2019-09-22T01:00:00Z,9939.85886111111
2019-09-22T02:00:00Z,9915.132953703705
2019-09-22T03:00:00Z,9885.929481481484
2019-09-22T04:00:00Z,9870.132425925925
2019-09-22T05:00:00Z,9877.719064814815
2019-09-22T06:00:00Z,9896.874666666668
2019-09-22T07:00:00Z,9947.598953703706
2019-09-22T08:00:00Z,9997.435648148148
2019-09-22T09:00:00Z,10031.457518518519
2019-09-22T10:00:00Z,10040.770768518518
2019-09-22T11:00:00Z,10032.131111111112
2019-09-22T12:00:00Z,10027.483481481484
2019-09-22T13:00:00Z,10013.507620370372
2019-09-22T14:00:00Z,10000.129314814816
2019-09-22T15:00:00Z,9989.043851851853
2019-09-22T16:00:00Z,9988.924018518519
2019-09-22T17:00:00Z,9991.682583333333
2019-09-22T18:00:00Z,9987.784944444446
2019-09-22T19:00:00Z,9982.57225
2019-09-22T20:00:00Z,9986.053629629629
2019-09-22T21:00:00Z,10009.18761111111
2019-09-22T22:00:00Z,10034.359842592594
2019-09-22T23:00:00Z,10047.609722222222
2019-09-23T00:00:00Z,10036.955055555554
2019-09-23T01:00:00Z,10013.521583333333
2019-09-23T02:00:00Z,9984.167759259259
2019-09-23T03:00:00Z,9964.417055555556
2019-09-23T04:00:00Z,9957.820175925925
2019-09-23T05:00:00Z,9951.322203703703
2019-09-23T06:00:00Z,9934.51837037037
2019-09-23T07:00:00Z,9908.387305555554
2019-09-23T08:00:00Z,9895.42012037037
2019-09-23T09:00:00Z,9903.206018518516
2019-09-23T10:00:00Z,9913.576379629629
2019-09-23T11:00:00Z,9917.508555555554
2019-09-23T12:00:00Z,9914.787240740741
2019-09-23T13:00:00Z,9905.311342592593
2019-09-23T14:00:00Z,9899.198379629632
2019-09-23T15:00:00Z,9882.96463888889
2019-09-23T16:00:00Z,9845.86567592593
2019-09-23T17:00:00Z,9799.700740740742
2019-09-23T18:00:00Z,9775.456231481483
2019-09-23T19:00:00Z,9769.326527777781
2019-09-23T20:00:00Z,9765.97613888889
2019-09-23T21:00:00Z,9754.106629629629
2019-09-23T22:00:00Z,9729.552861111113
2019-09-23T23:00:00Z,9699.925490740743
2019-09-24T00:00:00Z,9691.505444444447
2019-09-24T01:00:00Z,9695.524111111114
2019-09-24T02:00:00Z,9703.879361111112
2019-09-24T03:00:00Z,9708.547499999999
2019-09-24T04:00:00Z,9710.436074074074
2019-09-24T05:00:00Z,9723.4705
2019-09-24T06:00:00Z,9734.708305555556
2019-09-24T07:00:00Z,9744.717694444444
2019-09-24T08:00:00Z,9740.527175925925
2019-09-24T09:00:00Z,9732.661444444442
2019-09-24T10:00:00Z,9725.78837962963
2019-09-24T11:00:00Z,9718.55763888889
2019-09-24T12:00:00Z,9702.379018518519
2019-09-24T13:00:00Z,9664.496064814814
2019-09-24T14:00:00Z,9592.237388888889
2019-09-24T15:00:00Z,9517.957435185184
2019-09-24T16:00:00Z,9457.440870370368
2019-09-24T17:00:00Z,9423.996537037037
2019-09-24T18:00:00Z,9164.391305555553
2019-09-24T19:00:00Z,8769.628212962964
2019-09-24T20:00:00Z,8444.643175925927
2019-09-24T21:00:00Z,8314.775490740742
2019-09-24T22:00:00Z,8376.513712962964
2019-09-24T23:00:00Z,8460.728435185185
2019-09-25T00:00:00Z,8558.752879629632
2019-09-25T01:00:00Z,8634.812305555557
2019-09-25T02:00:00Z,8661.645703703703
2019-09-25T03:00:00Z,8646.824120370371
2019-09-25T04:00:00Z,8588.158148148148
2019-09-25T05:00:00Z,8525.515462962963
2019-09-25T06:00:00Z,8472.773935185187
2019-09-25T07:00:00Z,8404.562740740743
2019-09-25T08:00:00Z,8319.50148148148
2019-09-25T09:00:00Z,8287.463212962963
2019-09-25T10:00:00Z,8309.49060185185
2019-09-25T11:00:00Z,8335.560388888887
2019-09-25T12:00:00Z,8337.241944444442
2019-09-25T13:00:00Z,8342.981712962961
2019-09-25T14:00:00Z,8353.681231481482
2019-09-25T15:00:00Z,8346.306027777777
2019-09-25T16:00:00Z,8339.522388888889
2019-09-25T17:00:00Z,8342.204083333332
2019-09-25T18:00:00Z,8345.971212962962
2019-09-25T19:00:00Z,8352.765944444443
2019-09-25T20:00:00Z,8402.560074074072
2019-09-25T21:00:00Z,8490.817740740742
2019-09-25T22:00:00Z,8535.034592592596
2019-09-25T23:00:00Z,8529.49467592593
2019-09-26T00:00:00Z,8471.260657407409
2019-09-26T01:00:00Z,8396.665314814816
2019-09-26T02:00:00Z,8349.014731481482
2019-09-26T03:00:00Z,8329.92813888889
2019-09-26T04:00:00Z,8331.46728703704
2019-09-26T05:00:00Z,8349.102814814814
2019-09-26T06:00:00Z,8368.421574074075
2019-09-26T07:00:00Z,8379.139574074075
2019-09-26T08:00:00Z,8393.04812962963
2019-09-26T09:00:00Z,8414.249851851851
2019-09-26T10:00:00Z,8437.060666666666
2019-09-26T11:00:00Z,8437.17147222222
2019-09-26T12:00:00Z,8430.852435185183
2019-09-26T13:00:00Z,8372.715212962961
2019-09-26T14:00:00Z,8282.444666666666
2019-09-26T15:00:00Z,8114.951703703705
2019-09-26T16:00:00Z,7954.307907407408
2019-09-26T17:00:00Z,7845.304583333335
2019-09-26T18:00:00Z,7864.357712962963
2019-09-26T19:00:00Z,7961.979861111111
2019-09-26T20:00:00Z,8058.701675925928
2019-09-26T21:00:00Z,8111.691796296298
2019-09-26T22:00:00Z,8130.162092592594
2019-09-26T23:00:00Z,8115.897555555558
2019-09-27T00:00:00Z,8065.633490740741
2019-09-27T01:00:00Z,8020.144416666667
2019-09-27T02:00:00Z,7985.642740740742
2019-09-27T03:00:00Z,7980.271361111113
2019-09-27T04:00:00Z,7984.698703703703
2019-09-27T05:00:00Z,7984.967305555557
2019-09-27T06:00:00Z,7994.909731481482
2019-09-27T07:00:00Z,8015.105212962963
2019-09-27T08:00:00Z,8043.698962962963
2019-09-27T09:00:00Z,8061.710555555556
2019-09-27T10:00:00Z,8070.389185185187
2019-09-27T11:00:00Z,8046.732472222223
2019-09-27T12:00:00Z,8015.222740740744
2019-09-27T13:00:00Z,7991.767064814817
2019-09-27T14:00:00Z,7973.462805555556
2019-09-27T15:00:00Z,7970.009944444445
2019-09-27T16:00:00Z,7981.578962962962
2019-09-27T17:00:00Z,8006.020564814814
2019-09-27T18:00:00Z,8029.10699074074
2019-09-27T19:00:00Z,8033.517888888889
2019-09-27T20:00:00Z,8041.94725
2019-09-27T21:00:00Z,8105.052685185186
2019-09-27T22:00:00Z,8177.15852777778
2019-09-27T23:00:00Z,8230.924685185188
2019-09-28T00:00:00Z,8256.357935185186
2019-09-28T01:00:00Z,8245.533101851854
2019-09-28T02:00:00Z,8225.35889814815
2019-09-28T03:00:00Z,8203.712583333332
2019-09-28T04:00:00Z,8190.055425925925
2019-09-28T05:00:00Z,8179.265731481481
2019-09-28T06:00:00Z,8170.99349074074
2019-09-28T07:00:00Z,8183.8957037037035
2019-09-28T08:00:00Z,8196.63409259259
2019-09-28T09:00:00Z,8216.84885185185
2019-09-28T10:00:00Z,8222.037796296294
2019-09-28T11:00:00Z,8202.92510185185
2019-09-28T12:00:00Z,8157.713287037036
2019-09-28T13:00:00Z,8118.065185185184
2019-09-28T14:00:00Z,8085.274694444444
2019-09-28T15:00:00Z,8068.43813888889
2019-09-28T16:00:00Z,8070.165796296297
2019-09-28T17:00:00Z,8096.535037037037
2019-09-28T18:00:00Z,8128.895101851852
2019-09-28T19:00:00Z,8156.770129629629
2019-09-28T20:00:00Z,8173.726740740742
2019-09-28T21:00:00Z,8170.649944444446
2019-09-28T22:00:00Z,8164.532657407406
2019-09-28T23:00:00Z,8177.471861111112
2019-09-29T00:00:00Z,8199.739666666666
2019-09-29T01:00:00Z,8211.32466666667
2019-09-29T02:00:00Z,8202.474574074075
2019-09-29T03:00:00Z,8176.018194444444
2019-09-29T04:00:00Z,8145.6218055555555
2019-09-29T05:00:00Z,8126.903518518518
2019-09-29T06:00:00Z,8108.230138888887
2019-09-29T07:00:00Z,8095.561953703703
2019-09-29T08:00:00Z,8090.283268518518
2019-09-29T09:00:00Z,8091.325416666667
2019-09-29T10:00:00Z,8091.372268518518
2019-09-29T11:00:00Z,8090.217972222222
2019-09-29T12:00:00Z,8061.647037037037
2019-09-29T13:00:00Z,8024.978944444444
2019-09-29T14:00:00Z,7986.9955
2019-09-29T15:00:00Z,7958.241194444444
2019-09-29T16:00:00Z,7966.288842592592
2019-09-29T17:00:00Z,7980.377314814814
2019-09-29T18:00:00Z,7989.500990740739
2019-09-29T19:00:00Z,7981.306166666665
2019-09-29T20:00:00Z,7980.799953703703
2019-09-29T21:00:00Z,8001.34711111111
2019-09-29T22:00:00Z,8041.69700925926
2019-09-29T23:00:00Z,8071.191370370371
2019-09-30T00:00:00Z,8072.999870370371
2019-09-30T01:00:00Z,8055.377092592593
2019-09-30T02:00:00Z,8023.370342592593
2019-09-30T03:00:00Z,7993.689398148148
2019-09-30T04:00:00Z,7925.8597037037025
2019-09-30T05:00:00Z,7843.62361111111
2019-09-30T06:00:00Z,7763.8469444444445
2019-09-30T07:00:00Z,7726.996962962963
2019-09-30T08:00:00Z,7751.803398148149
2019-09-30T09:00:00Z,7843.955250000002
2019-09-30T10:00:00Z,7963.712611111111
2019-09-30T11:00:00Z,8058.310212962962
2019-09-30T12:00:00Z,8095.564203703704
2019-09-30T13:00:00Z,8118.396972222224
2019-09-30T14:00:00Z,8162.414842592592
2019-09-30T15:00:00Z,8238.55812037037
2019-09-30T16:00:00Z,8308.093101851853
2019-09-30T17:00:00Z,8336.054898148148
2019-09-30T18:00:00Z,8336.135185185185
2019-09-30T19:00:00Z,8321.487768518518
2019-09-30T20:00:00Z,8293.588138888887
2019-09-30T21:00:00Z,8270.156564814813
2019-09-30T22:00:00Z,8250.422537037037
2019-09-30T23:00:00Z,8257.78987037037
2019-10-01T00:00:00Z,8256.17337962963
2019-10-01T01:00:00Z,8264.425907407407
2019-10-01T02:00:00Z,8317.555203703705
2019-10-01T03:00:00Z,8384.989777777779
2019-10-01T04:00:00Z,8449.185962962963
2019-10-01T05:00:00Z,8482.329564814814
2019-10-01T06:00:00Z,8475.097314814817
2019-10-01T07:00:00Z,8457.97716666667
2019-10-01T08:00:00Z,8431.24
2019-10-01T09:00:00Z,8393.417953703703
2019-10-01T10:00:00Z,8352.621592592592
2019-10-01T11:00:00Z,8335.814037037037
2019-10-01T12:00:00Z,8329.635138888889
2019-10-01T13:00:00Z,8339.258842592593
2019-10-01T14:00:00Z,8348.352555555555
2019-10-01T15:00:00Z,8364.644648148147
2019-10-01T16:00:00Z,8400.329842592593
2019-10-01T17:00:00Z,8392.359685185185
2019-10-01T18:00:00Z,8360.269962962966
2019-10-01T19:00:00Z,8320.642342592595
2019-10-01T20:00:00Z,8314.081314814815
2019-10-01T21:00:00Z,8318.845638888888
2019-10-01T22:00:00Z,8333.394944444444
2019-10-01T23:00:00Z,8336.428777777779
2019-10-02T00:00:00Z,8327.484953703704
2019-10-02T01:00:00Z,8313.861231481482
2019-10-02T02:00:00Z,8291.755555555557
2019-10-02T03:00:00Z,8273.674379629629
2019-10-02T04:00:00Z,8251.453046296296
2019-10-02T05:00:00Z,8217.929157407409
2019-10-02T06:00:00Z,8197.116333333333
2019-10-02T07:00:00Z,8189.997361111112
2019-10-02T08:00:00Z,8205.501574074073
2019-10-02T09:00:00Z,8228.243
2019-10-02T10:00:00Z,8252.176953703705
2019-10-02T11:00:00Z,8275.202787037037
2019-10-02T12:00:00Z,8275.566574074075
2019-10-02T13:00:00Z,8260.843453703703
2019-10-02T14:00:00Z,8245.94774074074
2019-10-02T15:00:00Z,8238.798768518516
2019-10-02T16:00:00Z,8234.780305555554
2019-10-02T17:00:00Z,8234.918490740742
2019-10-02T18:00:00Z,8234.86763888889
2019-10-02T19:00:00Z,8244.213546296296
2019-10-02T20:00:00Z,8247.187296296297
2019-10-02T21:00:00Z,8254.828
2019-10-02T22:00:00Z,8267.03676851852
2019-10-02T23:00:00Z,8309.197027777778
2019-10-03T00:00:00Z,8348.727814814816
2019-10-03T01:00:00Z,8373.190546296299
2019-10-03T02:00:00Z,8383.478611111112
2019-10-03T03:00:00Z,8376.758435185186
2019-10-03T04:00:00Z,8367.959703703706
2019-10-03T05:00:00Z,8345.858944444446
2019-10-03T06:00:00Z,8313.762277777781
2019-10-03T07:00:00Z,8283.031648148148
2019-10-03T08:00:00Z,8271.549768518518
2019-10-03T09:00:00Z,8272.104148148148
2019-10-03T10:00:00Z,8258.584231481482
2019-10-03T11:00:00Z,8238.492666666667
2019-10-03T12:00:00Z,8222.047592592595
2019-10-03T13:00:00Z,8213.7085
2019-10-03T14:00:00Z,8179.332120370372
2019-10-03T15:00:00Z,8135.480620370373
2019-10-03T16:00:00Z,8117.621953703703
2019-10-03T17:00:00Z,8117.801379629628
2019-10-03T18:00:00Z,8129.454925925925
2019-10-03T19:00:00Z,8143.00775
2019-10-03T20:00:00Z,8147.830379629629
2019-10-03T21:00:00Z,8155.98061111111
2019-10-03T22:00:00Z,8174.225490740741
2019-10-03T23:00:00Z,8202.891925925926
2019-10-04T00:00:00Z,8202.85162037037
2019-10-04T01:00:00Z,8176.958592592593
2019-10-04T02:00:00Z,8135.830462962963
2019-10-04T03:00:00Z,8104.098861111111
2019-10-04T04:00:00Z,8078.495018518518
2019-10-04T05:00:00Z,8071.546935185186
2019-10-04T06:00:00Z,8080.363870370369
2019-10-04T07:00:00Z,8103.7411296296295
2019-10-04T08:00:00Z,8116.45685185185
2019-10-04T09:00:00Z,8125.290851851852
2019-10-04T10:00:00Z,8129.513379629631
2019-10-04T11:00:00Z,8140.882296296298
2019-10-04T12:00:00Z,8147.15550925926
2019-10-04T13:00:00Z,8159.958027777778
2019-10-04T14:00:00Z,8171.589203703704
2019-10-04T15:00:00Z,8175.496166666667
2019-10-04T16:00:00Z,8183.992814814815
2019-10-04T17:00:00Z,8188.085444444444
2019-10-04T18:00:00Z,8195.227499999999
2019-10-04T19:00:00Z,8202.670083333333
2019-10-04T20:00:00Z,8197.438870370368
2019-10-04T21:00:00Z,8190.813370370369
2019-10-04T22:00:00Z,8184.2188518518515
2019-10-04T23:00:00Z,8172.733601851851
2019-10-05T00:00:00Z,8155.27925
2019-10-05T01:00:00Z,8135.5197685185185
2019-10-05T02:00:00Z,8125.859361111111
2019-10-05T03:00:00Z,8128.195074074075
2019-10-05T04:00:00Z,8134.421694444444
2019-10-05T05:00:00Z,8136.150175925924
2019-10-05T06:00:00Z,8136.525305555554
2019-10-05T07:00:00Z,8133.020851851851
2019-10-05T08:00:00Z,8122.086999999999
2019-10-05T09:00:00Z,8106.8338981481475
2019-10-05T10:00:00Z,8096.132527777777
2019-10-05T11:00:00Z,8090.996166666665
2019-10-05T12:00:00Z,8086.019861111109
2019-10-05T13:00:00Z,8081.977944444446
2019-10-05T14:00:00Z,8066.155675925926
2019-10-05T15:00:00Z,8064.259037037035
2019-10-05T16:00:00Z,8068.0716111111105
2019-10-05T17:00:00Z,8067.137990740742
2019-10-05T18:00:00Z,8068.4492314814825
2019-10-05T19:00:00Z,8071.7986851851865
2019-10-05T20:00:00Z,8084.617138888891
2019-10-05T21:00:00Z,8115.897092592594
2019-10-05T22:00:00Z,8145.0408240740735
2019-10-05T23:00:00Z,8163.813592592592
2019-10-06T00:00:00Z,8169.099638888889
2019-10-06T01:00:00Z,8142.620166666667
2019-10-06T02:00:00Z,8105.358777777779
2019-10-06T03:00:00Z,8069.448490740741
2019-10-06T04:00:00Z,8057.286064814815
2019-10-06T05:00:00Z,8057.627231481482
2019-10-06T06:00:00Z,8034.699333333333
2019-10-06T07:00:00Z,8000.573092592592
2019-10-06T08:00:00Z,7942.32097222222
2019-10-06T09:00:00Z,7909.368361111111
2019-10-06T10:00:00Z,7893.687527777777
2019-10-06T11:00:00Z,7905.334305555556
2019-10-06T12:00:00Z,7928.38175925926
2019-10-06T13:00:00Z,7936.938620370372
2019-10-06T14:00:00Z,7934.409
2019-10-06T15:00:00Z,7955.85771296296
2019-10-06T16:00:00Z,7985.1369166666655
2019-10-06T17:00:00Z,8008.380555555555
2019-10-06T18:00:00Z,7972.507092592593
2019-10-06T19:00:00Z,7924.222064814814
2019-10-06T20:00:00Z,7887.794888888889
2019-10-06T21:00:00Z,7882.339037037037
2019-10-06T22:00:00Z,7874.74825
2019-10-06T23:00:00Z,7862.832768518519
2019-10-07T00:00:00Z,7839.03665740741
2019-10-07T01:00:00Z,7816.394499999999
2019-10-07T02:00:00Z,7806.016555555555
2019-10-07T03:00:00Z,7818.416425925924
2019-10-07T04:00:00Z,7834.367462962963
2019-10-07T05:00:00Z,7845.04462037037
2019-10-07T06:00:00Z,7844.895074074074
2019-10-07T07:00:00Z,7847.981425925929
2019-10-07T08:00:00Z,7864.226564814817
2019-10-07T09:00:00Z,7896.286435185186
2019-10-07T10:00:00Z,7950.258138888889
2019-10-07T11:00:00Z,7995.85050925926
2019-10-07T12:00:00Z,8062.1293611111105
2019-10-07T13:00:00Z,8132.9932222222205
2019-10-07T14:00:00Z,8191.501907407407
2019-10-07T15:00:00Z,8230.417666666666
2019-10-07T16:00:00Z,8260.132212962964
2019-10-07T17:00:00Z,8286.580277777779
2019-10-07T18:00:00Z,8298.200037037037
2019-10-07T19:00:00Z,8288.596138888888
2019-10-07T20:00:00Z,8261.924425925927
2019-10-07T21:00:00Z,8231.415166666666
2019-10-07T22:00:00Z,8220.957805555554
2019-10-07T23:00:00Z,8215.144083333333
2019-10-08T00:00:00Z,8219.650527777776
2019-10-08T01:00:00Z,8245.10924074074
2019-10-08T02:00:00Z,8272.95223148148
2019-10-08T03:00:00Z,8292.577916666665
2019-10-08T04:00:00Z,8285.925768518517
2019-10-08T05:00:00Z,8270.797388888886
2019-10-08T06:00:00Z,8254.414972222223
2019-10-08T07:00:00Z,8236.17748148148
2019-10-08T08:00:00Z,8208.4445
2019-10-08T09:00:00Z,8182.327046296297
2019-10-08T10:00:00Z,8162.641694444444
2019-10-08T11:00:00Z,8158.700425925924
2019-10-08T12:00:00Z,8179.577027777777
2019-10-08T13:00:00Z,8201.58236111111
2019-10-08T14:00:00Z,8213.279185185183
2019-10-08T15:00:00Z,8210.36162962963
2019-10-08T16:00:00Z,8195.340277777777
2019-10-08T17:00:00Z,8182.166824074074
2019-10-08T18:00:00Z,8178.522814814816
2019-10-08T19:00:00Z,8174.994268518519
2019-10-08T20:00:00Z,8159.150296296295
2019-10-08T21:00:00Z,8149.558842592593
2019-10-08T22:00:00Z,8157.164935185186
2019-10-08T23:00:00Z,8172.127407407407
2019-10-09T00:00:00Z,8186.366592592592
2019-10-09T01:00:00Z,8188.5545740740745
2019-10-09T02:00:00Z,8180.187222222222
2019-10-09T03:00:00Z,8158.479425925925
2019-10-09T04:00:00Z,8137.502796296297
2019-10-09T05:00:00Z,8128.652953703703
2019-10-09T06:00:00Z,8130.171222222223
2019-10-09T07:00:00Z,8145.5375092592585
2019-10-09T08:00:00Z,8168.060824074073
2019-10-09T09:00:00Z,8189.359296296297
2019-10-09T10:00:00Z,8207.484046296297
2019-10-09T11:00:00Z,8212.64148148148
2019-10-09T12:00:00Z,8200.792092592592
2019-10-09T13:00:00Z,8205.624870370368
2019-10-09T14:00:00Z,8283.801092592592
2019-10-09T15:00:00Z,8426.093527777777
2019-10-09T16:00:00Z,8567.998796296297
2019-10-09T17:00:00Z,8674.257000000001
2019-10-09T18:00:00Z,8714.632750000002
2019-10-09T19:00:00Z,8706.169416666666
2019-10-09T20:00:00Z,8670.068814814815
2019-10-09T21:00:00Z,8621.970675925926
2019-10-09T22:00:00Z,8587.670453703702
2019-10-09T23:00:00Z,8573.899731481479
2019-10-10T00:00:00Z,8573.878231481483
2019-10-10T01:00:00Z,8573.032046296297
2019-10-10T02:00:00Z,8568.950712962962
2019-10-10T03:00:00Z,8565.280787037036
2019-10-10T04:00:00Z,8569.66663888889
2019-10-10T05:00:00Z,8574.454212962964
2019-10-10T06:00:00Z,8587.546129629629
2019-10-10T07:00:00Z,8605.616907407408
2019-10-10T08:00:00Z,8607.6645
2019-10-10T09:00:00Z,8587.430694444443
2019-10-10T10:00:00Z,8556.655055555555
2019-10-10T11:00:00Z,8537.214351851851
2019-10-10T12:00:00Z,8514.739648148148
2019-10-10T13:00:00Z,8498.183231481482
2019-10-10T14:00:00Z,8490.267314814813
2019-10-10T15:00:00Z,8506.029157407405
2019-10-10T16:00:00Z,8529.88410185185
2019-10-10T17:00:00Z,8542.379759259256
2019-10-10T18:00:00Z,8547.740490740738
2019-10-10T19:00:00Z,8558.769435185184
2019-10-10T20:00:00Z,8573.825944444443
2019-10-10T21:00:00Z,8582.646546296295
2019-10-10T22:00:00Z,8588.923064814815
2019-10-10T23:00:00Z,8591.322490740742
2019-10-11T00:00:00Z,8576.830527777778
2019-10-11T01:00:00Z,8559.410953703704
2019-10-11T02:00:00Z,8542.81087962963
2019-10-11T03:00:00Z,8545.194814814813
2019-10-11T04:00:00Z,8604.710972222221
2019-10-11T05:00:00Z,8595.6425
2019-10-11T06:00:00Z,8539.139518518516
2019-10-11T07:00:00Z,8450.653888888888
2019-10-11T08:00:00Z,8369.937935185184
2019-10-11T09:00:00Z,8322.147592592592
2019-10-11T10:00:00Z,8311.289574074073
2019-10-11T11:00:00Z,8304.131287037037
2019-10-11T12:00:00Z,8308.490296296297
2019-10-11T13:00:00Z,8319.250314814815
2019-10-11T14:00:00Z,8323.31962037037
2019-10-11T15:00:00Z,8331.824148148147
2019-10-11T16:00:00Z,8337.918138888888
2019-10-11T17:00:00Z,8341.583851851852
2019-10-11T18:00:00Z,8336.847314814815
2019-10-11T19:00:00Z,8336.922111111113
2019-10-11T20:00:00Z,8337.867666666669
2019-10-11T21:00:00Z,8334.907833333336
2019-10-11T22:00:00Z,8329.091953703703
2019-10-11T23:00:00Z,8306.224277777777
2019-10-12T00:00:00Z,8284.979898148149
2019-10-12T01:00:00Z,8281.0745
2019-10-12T02:00:00Z,8289.378444444446
2019-10-12T03:00:00Z,8304.27398148148
2019-10-12T04:00:00Z,8317.814777777776
2019-10-12T05:00:00Z,8331.384259259257
2019-10-12T06:00:00Z,8344.364870370371
2019-10-12T07:00:00Z,8352.595083333332
2019-10-12T08:00:00Z,8357.725944444444
2019-10-12T09:00:00Z,8357.733824074076
2019-10-12T10:00:00Z,8347.680879629632
2019-10-12T11:00:00Z,8335.195046296298
2019-10-12T12:00:00Z,8330.500046296296
2019-10-12T13:00:00Z,8331.52385185185
2019-10-12T14:00:00Z,8352.516046296298
2019-10-12T15:00:00Z,8377.630370370369
2019-10-12T16:00:00Z,8382.90438888889
2019-10-12T17:00:00Z,8369.363055555557
2019-10-12T18:00:00Z,8344.09740740741
2019-10-12T19:00:00Z,8321.767194444446
2019-10-12T20:00:00Z,8318.012916666668
2019-10-12T21:00:00Z,8325.143083333332
2019-10-12T22:00:00Z,8332.994185185184
2019-10-12T23:00:00Z,8328.948351851852
2019-10-13T00:00:00Z,8326.566296296296
2019-10-13T01:00:00Z,8331.442185185186
2019-10-13T02:00:00Z,8339.725990740742
2019-10-13T03:00:00Z,8346.659490740743
2019-10-13T04:00:00Z,8348.521361111112
2019-10-13T05:00:00Z,8344.000500000002
2019-10-13T06:00:00Z,8332.964027777778
2019-10-13T07:00:00Z,8326.08623148148
2019-10-13T08:00:00Z,8330.297296296294
2019-10-13T09:00:00Z,8340.156120370368
2019-10-13T10:00:00Z,8348.049962962961
2019-10-13T11:00:00Z,8357.973759259261
2019-10-13T12:00:00Z,8381.040333333336
2019-10-13T13:00:00Z,8412.140259259262
2019-10-13T14:00:00Z,8437.489518518518
2019-10-13T15:00:00Z,8447.53014814815
2019-10-13T16:00:00Z,8449.714796296297
2019-10-13T17:00:00Z,8445.207907407408
2019-10-13T18:00:00Z,8439.806462962966
2019-10-13T19:00:00Z,8439.819546296296
2019-10-13T20:00:00Z,8387.985916666665
2019-10-13T21:00:00Z,8313.799370370367
2019-10-13T22:00:00Z,8255.57372222222
2019-10-13T23:00:00Z,8230.221666666666
2019-10-14T00:00:00Z,8234.753555555559
2019-10-14T01:00:00Z,8254.123472222227
2019-10-14T02:00:00Z,8274.46301851852
2019-10-14T03:00:00Z,8288.275805555555
2019-10-14T04:00:00Z,8293.449333333332
2019-10-14T05:00:00Z,8301.136601851853
2019-10-14T06:00:00Z,8311.921694444445
2019-10-14T07:00:00Z,8318.737194444446
2019-10-14T08:00:00Z,8321.252472222222
2019-10-14T09:00:00Z,8318.985194444445
2019-10-14T10:00:00Z,8317.019342592592
2019-10-14T11:00:00Z,8309.709611111111
2019-10-14T12:00:00Z,8290.079990740742
2019-10-14T13:00:00Z,8277.48525925926
2019-10-14T14:00:00Z,8266.705527777774
2019-10-14T15:00:00Z,8259.640916666665
2019-10-14T16:00:00Z,8278.42777777778
2019-10-14T17:00:00Z,8308.211111111113
2019-10-14T18:00:00Z,8345.072194444445
2019-10-14T19:00:00Z,8363.747657407408
2019-10-14T20:00:00Z,8365.392055555558
2019-10-14T21:00:00Z,8350.384740740743
2019-10-14T22:00:00Z,8339.828499999998
2019-10-14T23:00:00Z,8341.020342592592
2019-10-15T00:00:00Z,8350.690462962964
2019-10-15T01:00:00Z,8353.647703703702
2019-10-15T02:00:00Z,8348.768296296295
2019-10-15T03:00:00Z,8335.466398148146
2019-10-15T04:00:00Z,8325.611083333331
2019-10-15T05:00:00Z,8321.903416666666
2019-10-15T06:00:00Z,8316.617185185185
2019-10-15T07:00:00Z,8304.52599074074
2019-10-15T08:00:00Z,8290.971685185186
2019-10-15T09:00:00Z,8278.139981481481
2019-10-15T10:00:00Z,8281.005250000002
2019-10-15T11:00:00Z,8287.632694444443
2019-10-15T12:00:00Z,8300.468148148146
2019-10-15T13:00:00Z,8308.536925925924
2019-10-15T14:00:00Z,8296.939296296296
2019-10-15T15:00:00Z,8295.847666666667
2019-10-15T16:00:00Z,8261.080712962967
2019-10-15T17:00:00Z,8211.147259259262
2019-10-15T18:00:00Z,8167.209361111112
2019-10-15T19:00:00Z,8143.335972222223
2019-10-15T20:00:00Z,8131.841472222222
2019-10-15T21:00:00Z,8129.649694444444
2019-10-15T22:00:00Z,8127.67997222222
2019-10-15T23:00:00Z,8133.657074074074
2019-10-16T00:00:00Z,8146.332592592594
2019-10-16T01:00:00Z,8160.120944444444
2019-10-16T02:00:00Z,8165.468888888889
2019-10-16T03:00:00Z,8166.070305555554
2019-10-16T04:00:00Z,8165.321703703703
2019-10-16T05:00:00Z,8166.42924074074
2019-10-16T06:00:00Z,8164.7610462962975
2019-10-16T07:00:00Z,8155.346824074074
2019-10-16T08:00:00Z,8142.596796296297
2019-10-16T09:00:00Z,8134.704731481481
2019-10-16T10:00:00Z,8135.320675925924
2019-10-16T11:00:00Z,8111.244749999999
2019-10-16T12:00:00Z,8056.711157407408
2019-10-16T13:00:00Z,8000.275518518519
2019-10-16T14:00:00Z,7953.009694444445
2019-10-16T15:00:00Z,7925.523361111113
2019-10-16T16:00:00Z,7921.523925925928
2019-10-16T17:00:00Z,7932.635990740741
2019-10-16T18:00:00Z,7947.849814814815
2019-10-16T19:00:00Z,7955.771046296297
2019-10-16T20:00:00Z,7965.98437037037
2019-10-16T21:00:00Z,7974.572870370371
2019-10-16T22:00:00Z,7988.181694444444
2019-10-16T23:00:00Z,7999.386333333333
2019-10-17T00:00:00Z,7996.3931111111115
2019-10-17T01:00:00Z,7983.916935185184
2019-10-17T02:00:00Z,7975.475907407405
2019-10-17T03:00:00Z,7970.110175925925
2019-10-17T04:00:00Z,7960.998694444444
2019-10-17T05:00:00Z,7961.679898148148
2019-10-17T06:00:00Z,7962.574157407408
2019-10-17T07:00:00Z,7967.48425925926
2019-10-17T08:00:00Z,7994.44087962963
2019-10-17T09:00:00Z,8029.136092592594
2019-10-17T10:00:00Z,8065.730833333332
2019-10-17T11:00:00Z,8087.398166666666
2019-10-17T12:00:00Z,8087.0180925925915
2019-10-17T13:00:00Z,8079.816712962961
2019-10-17T14:00:00Z,8068.463620370369
2019-10-17T15:00:00Z,8066.899425925924
2019-10-17T16:00:00Z,8073.603175925927
2019-10-17T17:00:00Z,8084.2761666666665
2019-10-17T18:00:00Z,8089.713453703705
2019-10-17T19:00:00Z,8083.123453703704
2019-10-17T20:00:00Z,8067.501675925926
2019-10-17T21:00:00Z,8057.340620370371
2019-10-17T22:00:00Z,8052.147657407407
2019-10-17T23:00:00Z,8057.437925925925
2019-10-18T00:00:00Z,8069.498898148148
2019-10-18T01:00:00Z,8089.026092592593
2019-10-18T02:00:00Z,8101.0448703703705
2019-10-18T03:00:00Z,8098.77914814815
2019-10-18T04:00:00Z,8088.2278703703705
2019-10-18T05:00:00Z,8026.832953703703
2019-10-18T06:00:00Z,7956.248277777778
2019-10-18T07:00:00Z,7896.813666666668
2019-10-18T08:00:00Z,7857.143546296295
2019-10-18T09:00:00Z,7851.045805555555
2019-10-18T10:00:00Z,7860.876916666665
2019-10-18T11:00:00Z,7883.264583333333
2019-10-18T12:00:00Z,7906.586833333332
2019-10-18T13:00:00Z,7927.773703703705
2019-10-18T14:00:00Z,7933.650990740742
2019-10-18T15:00:00Z,7930.618824074074
2019-10-18T16:00:00Z,7926.454027777779
2019-10-18T17:00:00Z,7929.152935185186
2019-10-18T18:00:00Z,7935.514518518518
2019-10-18T19:00:00Z,7945.526722222222
2019-10-18T20:00:00Z,7951.209620370372
2019-10-18T21:00:00Z,7955.143907407408
2019-10-18T22:00:00Z,7962.45301851852
2019-10-18T23:00:00Z,7965.738324074075
2019-10-19T00:00:00Z,7958.863611111112
2019-10-19T01:00:00Z,7944.316916666666
2019-10-19T02:00:00Z,7929.7134351851855
2019-10-19T03:00:00Z,7928.022648148147
2019-10-19T04:00:00Z,7936.4471018518525
2019-10-19T05:00:00Z,7942.61899074074
2019-10-19T06:00:00Z,7945.12474074074
2019-10-19T07:00:00Z,7943.044564814815
2019-10-19T08:00:00Z,7948.504592592592
2019-10-19T09:00:00Z,7955.426148148149
2019-10-19T10:00:00Z,7956.529851851851
2019-10-19T11:00:00Z,7955.276018518518
2019-10-19T12:00:00Z,7984.064259259259
2019-10-19T13:00:00Z,8016.080314814815
2019-10-19T14:00:00Z,8037.658685185185
2019-10-19T15:00:00Z,8036.086703703703
2019-10-19T16:00:00Z,8016.251074074074
2019-10-19T17:00:00Z,8001.234083333334
2019-10-19T18:00:00Z,7989.736398148148
2019-10-19T19:00:00Z,7982.997175925925
2019-10-19T20:00:00Z,7967.870731481481
2019-10-19T21:00:00Z,7955.795212962963
2019-10-19T22:00:00Z,7944.370990740739
2019-10-19T23:00:00Z,7942.720287037036
2019-10-20T00:00:00Z,7934.805925925924
2019-10-20T01:00:00Z,7920.251546296296
2019-10-20T02:00:00Z,7904.540675925925
2019-10-20T03:00:00Z,7895.963694444443
2019-10-20T04:00:00Z,7899.183749999999
2019-10-20T05:00:00Z,7906.7747500000005
2019-10-20T06:00:00Z,7918.956425925925
2019-10-20T07:00:00Z,7923.331935185185
2019-10-20T08:00:00Z,7928.028601851853
2019-10-20T09:00:00Z,7937.926944444444
2019-10-20T10:00:00Z,7943.832518518518
2019-10-20T11:00:00Z,7947.26426851852
2019-10-20T12:00:00Z,7952.584074074075
2019-10-20T13:00:00Z,7959.3038333333325
2019-10-20T14:00:00Z,7980.703601851852
2019-10-20T15:00:00Z,8009.676768518519
2019-10-20T16:00:00Z,8047.864583333333
2019-10-20T17:00:00Z,8102.529175925924
2019-10-20T18:00:00Z,8151.089138888888
2019-10-20T19:00:00Z,8209.263787037036
2019-10-20T20:00:00Z,8250.075157407407
2019-10-20T21:00:00Z,8265.408027777778
2019-10-20T22:00:00Z,8259.051231481482
2019-10-20T23:00:00Z,8248.828212962964
2019-10-21T00:00:00Z,8238.458564814815
2019-10-21T01:00:00Z,8235.072361111112
2019-10-21T02:00:00Z,8241.580583333334
2019-10-21T03:00:00Z,8245.495990740741
2019-10-21T04:00:00Z,8245.269638888887
2019-10-21T05:00:00Z,8243.009833333332
2019-10-21T06:00:00Z,8240.559518518518
2019-10-21T07:00:00Z,8236.628398148148
2019-10-21T08:00:00Z,8232.637648148147
2019-10-21T09:00:00Z,8223.093611111113
2019-10-21T10:00:00Z,8234.59876851852
2019-10-21T11:00:00Z,8242.569981481482
2019-10-21T12:00:00Z,8247.04223148148
2019-10-21T13:00:00Z,8246.640314814815
2019-10-21T14:00:00Z,8248.611675925924
2019-10-21T15:00:00Z,8234.430009259258
2019-10-21T16:00:00Z,8210.26537962963
2019-10-21T17:00:00Z,8190.550064814818
2019-10-21T18:00:00Z,8175.299981481483
2019-10-21T19:00:00Z,8175.78400925926
2019-10-21T20:00:00Z,8185.0605185185195
2019-10-21T21:00:00Z,8200.06912037037
2019-10-21T22:00:00Z,8207.42475925926
2019-10-21T23:00:00Z,8212.193574074076
2019-10-22T00:00:00Z,8208.481296296297
2019-10-22T01:00:00Z,8197.403203703705
2019-10-22T02:00:00Z,8191.59587037037
2019-10-22T03:00:00Z,8196.455666666667
2019-10-22T04:00:00Z,8210.554898148148
2019-10-22T05:00:00Z,8223.736046296297
2019-10-22T06:00:00Z,8227.2910462963
2019-10-22T07:00:00Z,8226.614370370373
2019-10-22T08:00:00Z,8237.981722222225
2019-10-22T09:00:00Z,8260.774675925926
2019-10-22T10:00:00Z,8274.111935185185
2019-10-22T11:00:00Z,8286.195398148147
2019-10-22T12:00:00Z,8281.120990740741
2019-10-22T13:00:00Z,8263.279944444443
2019-10-22T14:00:00Z,8234.856787037033
2019-10-22T15:00:00Z,8213.287694444443
2019-10-22T16:00:00Z,8200.501555555556
2019-10-22T17:00:00Z,8198.304712962965
2019-10-22T18:00:00Z,8198.573324074076
2019-10-22T19:00:00Z,8188.780574074073
2019-10-22T20:00:00Z,8161.814361111111
2019-10-22T21:00:00Z,8123.536953703704
2019-10-22T22:00:00Z,8083.6206111111105
2019-10-22T23:00:00Z,8041.106370370369
2019-10-23T00:00:00Z,8012.402861111111
2019-10-23T01:00:00Z,8001.241083333334
2019-10-23T02:00:00Z,8005.332657407408
2019-10-23T03:00:00Z,7992.416990740741
2019-10-23T04:00:00Z,7972.523037037036
2019-10-23T05:00:00Z,7950.270379629629
2019-10-23T06:00:00Z,7941.697277777777
2019-10-23T07:00:00Z,7943.029064814816
2019-10-23T08:00:00Z,7952.990814814817
2019-10-23T09:00:00Z,7967.238462962964
2019-10-23T10:00:00Z,7985.668694444445
2019-10-23T11:00:00Z,7991.084472222222
2019-10-23T12:00:00Z,7857.671509259259
2019-10-23T13:00:00Z,7652.246546296296
2019-10-23T14:00:00Z,7460.078814814814
2019-10-23T15:00:00Z,7339.080499999999
2019-10-23T16:00:00Z,7317.969583333333
2019-10-23T17:00:00Z,7359.561796296296
2019-10-23T18:00:00Z,7423.7470648148155
2019-10-23T19:00:00Z,7472.034416666668
2019-10-23T20:00:00Z,7495.921333333335
2019-10-23T21:00:00Z,7483.500046296296
2019-10-23T22:00:00Z,7453.547972222223
2019-10-23T23:00:00Z,7439.604564814813
2019-10-24T00:00:00Z,7442.069481481481
2019-10-24T01:00:00Z,7447.861925925924
2019-10-24T02:00:00Z,7446.436453703703
2019-10-24T03:00:00Z,7434.268064814813
2019-10-24T04:00:00Z,7422.719407407407
2019-10-24T05:00:00Z,7415.440731481481
2019-10-24T06:00:00Z,7399.426370370369
2019-10-24T07:00:00Z,7398.732351851851
2019-10-24T08:00:00Z,7417.29799074074
2019-10-24T09:00:00Z,7442.66125
2019-10-24T10:00:00Z,7460.961009259258
2019-10-24T11:00:00Z,7462.5851296296305
2019-10-24T12:00:00Z,7461.139601851853
2019-10-24T13:00:00Z,7461.643620370371
2019-10-24T14:00:00Z,7469.1523703703715
2019-10-24T15:00:00Z,7469.944240740741
2019-10-24T16:00:00Z,7469.804972222221
2019-10-24T17:00:00Z,7462.332620370369
2019-10-24T18:00:00Z,7457.648907407405
2019-10-24T19:00:00Z,7464.008851851852
2019-10-24T20:00:00Z,7466.574787037037
2019-10-24T21:00:00Z,7463.087546296297
2019-10-24T22:00:00Z,7459.167907407408
2019-10-24T23:00:00Z,7450.146592592592
2019-10-25T00:00:00Z,7439.613064814815
2019-10-25T01:00:00Z,7436.747777777778
2019-10-25T02:00:00Z,7438.242546296296
2019-10-25T03:00:00Z,7445.095416666666
2019-10-25T04:00:00Z,7447.66851851852
2019-10-25T05:00:00Z,7451.127629629631
2019-10-25T06:00:00Z,7454.239277777779
2019-10-25T07:00:00Z,7463.880240740741
2019-10-25T08:00:00Z,7468.92549074074
2019-10-25T09:00:00Z,7470.631564814815
2019-10-25T10:00:00Z,7508.952527777779
2019-10-25T11:00:00Z,7557.990453703704
2019-10-25T12:00:00Z,7613.4849537037035
2019-10-25T13:00:00Z,7666.952425925924
2019-10-25T14:00:00Z,7701.595342592594
2019-10-25T15:00:00Z,7901.89399074074
2019-10-25T16:00:00Z,8187.891907407407
2019-10-25T17:00:00Z,8476.229157407406
2019-10-25T18:00:00Z,8699.555064814815
2019-10-25T19:00:00Z,8809.13301851852
2019-10-25T20:00:00Z,8808.561064814816
2019-10-25T21:00:00Z,8755.662388888892
2019-10-25T22:00:00Z,8692.232296296295
2019-10-25T23:00:00Z,8663.177898148148
2019-10-26T00:00:00Z,8829.128083333333
2019-10-26T01:00:00Z,9332.445935185186
2019-10-26T02:00:00Z,9775.449101851853
2019-10-26T03:00:00Z,10000.431111111111
2019-10-26T04:00:00Z,9991.598296296295
2019-10-26T05:00:00Z,9858.701212962962
2019-10-26T06:00:00Z,9733.874453703704
2019-10-26T07:00:00Z,9619.37962037037
2019-10-26T08:00:00Z,9498.15898148148
2019-10-26T09:00:00Z,9329.318500000001
2019-10-26T10:00:00Z,9206.477944444445
2019-10-26T11:00:00Z,9142.393537037038
2019-10-26T12:00:00Z,9151.608231481483
2019-10-26T13:00:00Z,9145.83863888889
2019-10-26T14:00:00Z,9138.859037037037
2019-10-26T15:00:00Z,9141.717648148146
2019-10-26T16:00:00Z,9148.989861111111
2019-10-26T17:00:00Z,9155.753824074074
2019-10-26T18:00:00Z,9133.44174074074
2019-10-26T19:00:00Z,9080.822351851852
2019-10-26T20:00:00Z,9060.206898148148
2019-10-26T21:00:00Z,9106.504435185185
2019-10-26T22:00:00Z,9163.349222222221
2019-10-26T23:00:00Z,9228.097333333333
2019-10-27T00:00:00Z,9266.58812037037
2019-10-27T01:00:00Z,9264.251370370368
2019-10-27T02:00:00Z,9243.129787037034
2019-10-27T03:00:00Z,9206.487981481481
2019-10-27T04:00:00Z,9165.201787037036
2019-10-27T05:00:00Z,9155.448851851854
2019-10-27T06:00:00Z,9169.452731481482
2019-10-27T07:00:00Z,9182.659074074076
2019-10-27T08:00:00Z,9217.231453703705
2019-10-27T09:00:00Z,9249.052870370373
2019-10-27T10:00:00Z,9316.77327777778
2019-10-27T11:00:00Z,9352.623731481483
2019-10-27T12:00:00Z,9366.885962962964
2019-10-27T13:00:00Z,9400.120435185187
2019-10-27T14:00:00Z,9467.636611111111
2019-10-27T15:00:00Z,9543.632027777778
2019-10-27T16:00:00Z,9640.66571296296
2019-10-27T17:00:00Z,9711.466305555552
2019-10-27T18:00:00Z,9740.50985185185
2019-10-27T19:00:00Z,9758.943037037036
2019-10-27T20:00:00Z,9731.038120370371
2019-10-27T21:00:00Z,9690.193814814817
2019-10-27T22:00:00Z,9632.385722222221
2019-10-27T23:00:00Z,9575.974574074075
2019-10-28T00:00:00Z,9588.27287962963
2019-10-28T01:00:00Z,9651.558194444444
2019-10-28T02:00:00Z,9729.569074074074
2019-10-28T03:00:00Z,9749.01447222222
2019-10-28T04:00:00Z,9717.950148148147
2019-10-28T05:00:00Z,9665.951203703704
2019-10-28T06:00:00Z,9576.475833333336
2019-10-28T07:00:00Z,9490.720296296297
2019-10-28T08:00:00Z,9402.330101851852
2019-10-28T09:00:00Z,9354.06139814815
2019-10-28T10:00:00Z,9349.92412962963
2019-10-28T11:00:00Z,9369.332472222222
2019-10-28T12:00:00Z,9370.16387962963
2019-10-28T13:00:00Z,9365.011416666668
2019-10-28T14:00:00Z,9349.865462962965
2019-10-28T15:00:00Z,9354.557083333333
2019-10-28T16:00:00Z,9363.222416666666
2019-10-28T17:00:00Z,9373.000277777779
2019-10-28T18:00:00Z,9376.84741666667
2019-10-28T19:00:00Z,9390.385722222225
2019-10-28T20:00:00Z,9419.72175
2019-10-28T21:00:00Z,9454.80487037037
2019-10-28T22:00:00Z,9479.175888888889
2019-10-28T23:00:00Z,9414.522194444444
2019-10-29T00:00:00Z,9330.013277777778
2019-10-29T01:00:00Z,9265.034490740742
2019-10-29T02:00:00Z,9233.44949074074
2019-10-29T03:00:00Z,9241.196185185183
2019-10-29T04:00:00Z,9297.95506481481
2019-10-29T05:00:00Z,9364.015333333331
2019-10-29T06:00:00Z,9426.92100925926
2019-10-29T07:00:00Z,9470.036842592594
2019-10-29T08:00:00Z,9480.176814814815
2019-10-29T09:00:00Z,9459.286296296295
2019-10-29T10:00:00Z,9447.33885185185
2019-10-29T11:00:00Z,9443.287935185183
2019-10-29T12:00:00Z,9437.585046296297
2019-10-29T13:00:00Z,9409.101074074075
2019-10-29T14:00:00Z,9379.841555555557
2019-10-29T15:00:00Z,9356.382749999999
2019-10-29T16:00:00Z,9333.681370370372
2019-10-29T17:00:00Z,9319.140259259259
2019-10-29T18:00:00Z,9321.605759259259
2019-10-29T19:00:00Z,9299.623324074075
2019-10-29T20:00:00Z,9328.559518518521
2019-10-29T21:00:00Z,9372.93053703704
2019-10-29T22:00:00Z,9429.83278703704
2019-10-29T23:00:00Z,9464.6217962963
2019-10-30T00:00:00Z,9450.60477777778
2019-10-30T01:00:00Z,9423.249046296298
2019-10-30T02:00:00Z,9375.243861111112
2019-10-30T03:00:00Z,9325.031657407404
2019-10-30T04:00:00Z,9275.581824074074
2019-10-30T05:00:00Z,9224.976259259258
2019-10-30T06:00:00Z,9197.31675
2019-10-30T07:00:00Z,9171.433324074074
2019-10-30T08:00:00Z,9164.276351851853
2019-10-30T09:00:00Z,9175.555055555555
2019-10-30T10:00:00Z,9162.772601851853
2019-10-30T11:00:00Z,9135.27213888889
2019-10-30T12:00:00Z,9110.13963888889
2019-10-30T13:00:00Z,9074.153055555555
2019-10-30T14:00:00Z,9058.05498148148
2019-10-30T15:00:00Z,9060.33513888889
2019-10-30T16:00:00Z,9063.733583333335
2019-10-30T17:00:00Z,9081.081962962962
2019-10-30T18:00:00Z,9112.73212037037
2019-10-30T19:00:00Z,9161.834675925928
2019-10-30T20:00:00Z,9198.861314814816
2019-10-30T21:00:00Z,9205.461694444442
2019-10-30T22:00:00Z,9211.806083333331
2019-10-30T23:00:00Z,9201.95462037037
2019-10-31T00:00:00Z,9184.561592592592
2019-10-31T01:00:00Z,9140.473648148147
2019-10-31T02:00:00Z,9099.957888888888
2019-10-31T03:00:00Z,9080.244657407407
2019-10-31T04:00:00Z,9074.964722222221
2019-10-31T05:00:00Z,9104.916851851853
2019-10-31T06:00:00Z,9127.652250000001
2019-10-31T07:00:00Z,9134.414805555556
2019-10-31T08:00:00Z,9131.391092592594
2019-10-31T09:00:00Z,9102.184203703704
2019-10-31T10:00:00Z,9080.120953703705
2019-10-31T11:00:00Z,9080.622277777777
2019-10-31T12:00:00Z,9157.93562962963
2019-10-31T13:00:00Z,9257.065027777777
2019-10-31T14:00:00Z,9323.781518518517
2019-10-31T15:00:00Z,9332.363
2019-10-31T16:00:00Z,9309.14490740741
2019-10-31T17:00:00Z,9284.091574074075
2019-10-31T18:00:00Z,9264.470342592593
2019-10-31T19:00:00Z,9250.530583333333
2019-10-31T20:00:00Z,9228.451990740743
2019-10-31T21:00:00Z,9188.739990740742
2019-10-31T22:00:00Z,9144.416027777777
2019-10-31T23:00:00Z,9118.558935185185
2019-11-01T00:00:00Z,9109.588305555555
2019-11-01T01:00:00Z,9105.47061111111
2019-11-01T02:00:00Z,9109.509157407409
2019-11-01T03:00:00Z,9100.568120370372
2019-11-01T04:00:00Z,9092.864870370371
2019-11-01T05:00:00Z,9086.856805555557
2019-11-01T06:00:00Z,9097.218111111111
2019-11-01T07:00:00Z,9109.906787037038
2019-11-01T08:00:00Z,9132.081777777777
2019-11-01T09:00:00Z,9139.770787037036
2019-11-01T10:00:00Z,9154.743796296296
2019-11-01T11:00:00Z,9170.974018518516
2019-11-01T12:00:00Z,9193.301342592591
2019-11-01T13:00:00Z,9188.549666666668
2019-11-01T14:00:00Z,9166.522277777778
2019-11-01T15:00:00Z,9130.511111111111
2019-11-01T16:00:00Z,9119.31947222222
2019-11-01T17:00:00Z,9131.84471296296
2019-11-01T18:00:00Z,9161.177518518518
2019-11-01T19:00:00Z,9185.736925925927
2019-11-01T20:00:00Z,9205.859000000002
2019-11-01T21:00:00Z,9238.895203703705
2019-11-01T22:00:00Z,9251.080611111112
2019-11-01T23:00:00Z,9260.18977777778
2019-11-02T00:00:00Z,9266.80202777778
2019-11-02T01:00:00Z,9269.944731481482
2019-11-02T02:00:00Z,9273.786731481481
2019-11-02T03:00:00Z,9272.480601851852
2019-11-02T04:00:00Z,9258.372749999999
2019-11-02T05:00:00Z,9242.872055555556
2019-11-02T06:00:00Z,9229.12737962963
2019-11-02T07:00:00Z,9223.391796296297
2019-11-02T08:00:00Z,9221.553648148147
2019-11-02T09:00:00Z,9221.696194444443
2019-11-02T10:00:00Z,9225.458055555555
2019-11-02T11:00:00Z,9238.515722222224
2019-11-02T12:00:00Z,9276.143777777781
2019-11-02T13:00:00Z,9329.558648148151
2019-11-02T14:00:00Z,9366.057990740741
2019-11-02T15:00:00Z,9377.740305555555
2019-11-02T16:00:00Z,9369.83096296296
2019-11-02T17:00:00Z,9346.232416666666
2019-11-02T18:00:00Z,9322.134842592592
2019-11-02T19:00:00Z,9312.785694444445
2019-11-02T20:00:00Z,9311.517027777778
2019-11-02T21:00:00Z,9307.9465
2019-11-02T22:00:00Z,9305.896185185185
2019-11-02T23:00:00Z,9303.080583333334
2019-11-03T00:00:00Z,9308.164638888888
2019-11-03T01:00:00Z,9319.369453703703
2019-11-03T02:00:00Z,9344.075064814815
2019-11-03T03:00:00Z,9361.018361111112
2019-11-03T04:00:00Z,9347.634046296298
2019-11-03T05:00:00Z,9315.801722222224
2019-11-03T06:00:00Z,9284.613120370372
2019-11-03T07:00:00Z,9262.224194444445
2019-11-03T08:00:00Z,9241.16050925926
2019-11-03T09:00:00Z,9225.14276851852
2019-11-03T10:00:00Z,9190.426166666666
2019-11-03T11:00:00Z,9161.12035185185
2019-11-03T12:00:00Z,9142.18537037037
2019-11-03T13:00:00Z,9141.541666666666
2019-11-03T14:00:00Z,9147.06000925926
2019-11-03T15:00:00Z,9160.998462962962
2019-11-03T16:00:00Z,9170.787398148146
2019-11-03T17:00:00Z,9172.012379629628
2019-11-03T18:00:00Z,9168.228055555555
2019-11-03T19:00:00Z,9157.505694444446
2019-11-03T20:00:00Z,9151.096314814815
2019-11-03T21:00:00Z,9148.912805555554
2019-11-03T22:00:00Z,9167.940055555555
2019-11-03T23:00:00Z,9191.842564814813
2019-11-04T00:00:00Z,9200.721537037036
2019-11-04T01:00:00Z,9192.449194444443
2019-11-04T02:00:00Z,9176.316000000003
2019-11-04T03:00:00Z,9160.105444444447
2019-11-04T04:00:00Z,9145.087787037037
2019-11-04T05:00:00Z,9137.47360185185
2019-11-04T06:00:00Z,9140.876138888889
2019-11-04T07:00:00Z,9157.977064814817
2019-11-04T08:00:00Z,9169.811907407406
2019-11-04T09:00:00Z,9176.579805555555
2019-11-04T10:00:00Z,9188.648990740743
2019-11-04T11:00:00Z,9221.170064814818
2019-11-04T12:00:00Z,9251.979351851855
2019-11-04T13:00:00Z,9271.713064814816
2019-11-04T14:00:00Z,9297.37488888889
2019-11-04T15:00:00Z,9315.952722222222
2019-11-04T16:00:00Z,9327.93023148148
2019-11-04T17:00:00Z,9335.152833333334
2019-11-04T18:00:00Z,9320.869342592594
2019-11-04T19:00:00Z,9299.915111111111
2019-11-04T20:00:00Z,9339.68514814815
2019-11-04T21:00:00Z,9399.989657407408
2019-11-04T22:00:00Z,9438.552768518519
2019-11-04T23:00:00Z,9450.627138888887
2019-11-05T00:00:00Z,9433.460629629632
2019-11-05T01:00:00Z,9431.05086111111
2019-11-05T02:00:00Z,9442.520527777779
2019-11-05T03:00:00Z,9449.623157407406
2019-11-05T04:00:00Z,9437.413453703703
2019-11-05T05:00:00Z,9418.064999999997
2019-11-05T06:00:00Z,9374.881907407407
2019-11-05T07:00:00Z,9304.651740740743
2019-11-05T08:00:00Z,9242.916925925927
2019-11-05T09:00:00Z,9219.489509259261
2019-11-05T10:00:00Z,9228.690333333334
2019-11-05T11:00:00Z,9254.185324074073
2019-11-05T12:00:00Z,9279.527277777777
2019-11-05T13:00:00Z,9277.647185185184
2019-11-05T14:00:00Z,9294.089185185185
2019-11-05T15:00:00Z,9328.672722222222
2019-11-05T16:00:00Z,9359.569324074073
2019-11-05T17:00:00Z,9374.251222222221
2019-11-05T18:00:00Z,9370.174490740741
2019-11-05T19:00:00Z,9376.759472222222
2019-11-05T20:00:00Z,9377.68189814815
2019-11-05T21:00:00Z,9375.19811111111
2019-11-05T22:00:00Z,9358.807750000002
2019-11-05T23:00:00Z,9336.118990740744
2019-11-06T00:00:00Z,9311.936574074074
2019-11-06T01:00:00Z,9299.560166666668
2019-11-06T02:00:00Z,9294.72775925926
2019-11-06T03:00:00Z,9297.975037037038
2019-11-06T04:00:00Z,9311.154796296296
2019-11-06T05:00:00Z,9326.939953703702
2019-11-06T06:00:00Z,9354.836305555555
2019-11-06T07:00:00Z,9384.120851851852
2019-11-06T08:00:00Z,9411.906277777778
2019-11-06T09:00:00Z,9413.163592592593
2019-11-06T10:00:00Z,9397.43364814815
2019-11-06T11:00:00Z,9384.354037037037
2019-11-06T12:00:00Z,9371.118574074075
2019-11-06T13:00:00Z,9353.743398148146
2019-11-06T14:00:00Z,9335.220092592592
2019-11-06T15:00:00Z,9325.762138888887
2019-11-06T16:00:00Z,9319.461888888887
2019-11-06T17:00:00Z,9310.21136111111
2019-11-06T18:00:00Z,9300.995722222224
2019-11-06T19:00:00Z,9291.983203703707
2019-11-06T20:00:00Z,9286.830111111112
2019-11-06T21:00:00Z,9292.491194444445
2019-11-06T22:00:00Z,9310.648629629628
2019-11-06T23:00:00Z,9331.96935185185
2019-11-07T00:00:00Z,9348.93787962963
2019-11-07T01:00:00Z,9350.124398148148
2019-11-07T02:00:00Z,9333.769277777777
2019-11-07T03:00:00Z,9311.280064814817
2019-11-07T04:00:00Z,9292.92637037037
2019-11-07T05:00:00Z,9287.466824074074
2019-11-07T06:00:00Z,9284.132833333335
2019-11-07T07:00:00Z,9270.565574074075
2019-11-07T08:00:00Z,9253.60590740741
2019-11-07T09:00:00Z,9231.650925925926
2019-11-07T10:00:00Z,9208.38687962963
2019-11-07T11:00:00Z,9187.455287037037
2019-11-07T12:00:00Z,9169.36363888889
2019-11-07T13:00:00Z,9166.27212962963
2019-11-07T14:00:00Z,9179.610814814814
2019-11-07T15:00:00Z,9188.195611111109
2019-11-07T16:00:00Z,9195.657111111112
2019-11-07T17:00:00Z,9195.880185185184
2019-11-07T18:00:00Z,9197.710990740741
2019-11-07T19:00:00Z,9198.893370370371
2019-11-07T20:00:00Z,9193.827462962965
2019-11-07T21:00:00Z,9195.453435185185
2019-11-07T22:00:00Z,9204.693620370368
2019-11-07T23:00:00Z,9210.993962962963
2019-11-08T00:00:00Z,9210.375027777778
2019-11-08T01:00:00Z,9210.348944444444
2019-11-08T02:00:00Z,9216.917046296296
2019-11-08T03:00:00Z,9225.183092592591
2019-11-08T04:00:00Z,9226.611555555557
2019-11-08T05:00:00Z,9218.64263888889
2019-11-08T06:00:00Z,9202.168287037037
2019-11-08T07:00:00Z,9169.653416666666
2019-11-08T08:00:00Z,9116.612175925924
2019-11-08T09:00:00Z,9052.20873148148
2019-11-08T10:00:00Z,8998.897777777778
2019-11-08T11:00:00Z,8970.136712962963
2019-11-08T12:00:00Z,8962.256000000001
2019-11-08T13:00:00Z,8903.798111111113
2019-11-08T14:00:00Z,8816.64551851852
2019-11-08T15:00:00Z,8747.02414814815
2019-11-08T16:00:00Z,8704.533000000001
2019-11-08T17:00:00Z,8701.037944444444
2019-11-08T18:00:00Z,8727.254824074073
2019-11-08T19:00:00Z,8758.474990740739
2019-11-08T20:00:00Z,8786.210546296295
2019-11-08T21:00:00Z,8821.633240740739
2019-11-08T22:00:00Z,8835.224907407408
2019-11-08T23:00:00Z,8821.766185185186
2019-11-09T00:00:00Z,8806.374314814819
2019-11-09T01:00:00Z,8790.974685185187
2019-11-09T02:00:00Z,8791.503833333334
2019-11-09T03:00:00Z,8803.768787037037
2019-11-09T04:00:00Z,8815.260370370372
2019-11-09T05:00:00Z,8825.269166666667
2019-11-09T06:00:00Z,8844.207879629628
2019-11-09T07:00:00Z,8847.032583333335
2019-11-09T08:00:00Z,8838.08465740741
2019-11-09T09:00:00Z,8827.86237037037
2019-11-09T10:00:00Z,8826.57874074074
2019-11-09T11:00:00Z,8825.343212962964
2019-11-09T12:00:00Z,8830.00110185185
2019-11-09T13:00:00Z,8840.320287037039
2019-11-09T14:00:00Z,8840.606398148151
2019-11-09T15:00:00Z,8829.066500000003
2019-11-09T16:00:00Z,8795.9360462963
2019-11-09T17:00:00Z,8767.360537037037
2019-11-09T18:00:00Z,8751.775305555557
2019-11-09T19:00:00Z,8746.732287037035
2019-11-09T20:00:00Z,8753.136601851851
2019-11-09T21:00:00Z,8770.132055555558
2019-11-09T22:00:00Z,8788.12688888889
2019-11-09T23:00:00Z,8804.995685185186
2019-11-10T00:00:00Z,8804.96212037037
2019-11-10T01:00:00Z,8796.583879629628
2019-11-10T02:00:00Z,8782.325574074073
2019-11-10T03:00:00Z,8771.225657407409
2019-11-10T04:00:00Z,8770.45137962963
2019-11-10T05:00:00Z,8797.296
2019-11-10T06:00:00Z,8829.942222222222
2019-11-10T07:00:00Z,8855.378444444445
2019-11-10T08:00:00Z,8857.699916666666
2019-11-10T09:00:00Z,8845.152083333334
2019-11-10T10:00:00Z,8840.466574074077
2019-11-10T11:00:00Z,8839.11026851852
2019-11-10T12:00:00Z,8841.286750000001
2019-11-10T13:00:00Z,8833.415157407408
2019-11-10T14:00:00Z,8829.336000000001
2019-11-10T15:00:00Z,8819.162833333334
2019-11-10T16:00:00Z,8873.157592592594
2019-11-10T17:00:00Z,8959.403675925925
2019-11-10T18:00:00Z,9041.720481481481
2019-11-10T19:00:00Z,9092.595398148149
2019-11-10T20:00:00Z,9099.566453703703
2019-11-10T21:00:00Z,9085.85599074074
2019-11-10T22:00:00Z,9079.280129629631
2019-11-10T23:00:00Z,9067.970916666667
2019-11-11T00:00:00Z,9058.262462962963
2019-11-11T01:00:00Z,9054.397453703705
2019-11-11T02:00:00Z,9051.761944444444
2019-11-11T03:00:00Z,9040.429527777776
2019-11-11T04:00:00Z,9001.915944444443
2019-11-11T05:00:00Z,8943.383787037035
2019-11-11T06:00:00Z,8855.77926851852
2019-11-11T07:00:00Z,8783.695138888888
2019-11-11T08:00:00Z,8730.741342592593
2019-11-11T09:00:00Z,8675.438657407409
2019-11-11T10:00:00Z,8647.057592592595
2019-11-11T11:00:00Z,8647.312305555557
2019-11-11T12:00:00Z,8663.162148148149
2019-11-11T13:00:00Z,8685.801351851851
2019-11-11T14:00:00Z,8708.495592592593
2019-11-11T15:00:00Z,8717.2745
2019-11-11T16:00:00Z,8721.665175925924
2019-11-11T17:00:00Z,8721.987796296295
2019-11-11T18:00:00Z,8732.589694444445
2019-11-11T19:00:00Z,8745.302574074072
2019-11-11T20:00:00Z,8744.534416666667
2019-11-11T21:00:00Z,8739.27113888889
2019-11-11T22:00:00Z,8725.897453703705
2019-11-11T23:00:00Z,8717.239879629631
2019-11-12T00:00:00Z,8719.30799074074
2019-11-12T01:00:00Z,8725.747046296296
2019-11-12T02:00:00Z,8734.815814814814
2019-11-12T03:00:00Z,8738.805999999999
2019-11-12T04:00:00Z,8737.968768518518
2019-11-12T05:00:00Z,8737.01274074074
2019-11-12T06:00:00Z,8744.160712962961
2019-11-12T07:00:00Z,8755.348092592592
2019-11-12T08:00:00Z,8758.861398148149
2019-11-12T09:00:00Z,8758.240435185186
2019-11-12T10:00:00Z,8749.80212962963
2019-11-12T11:00:00Z,8739.211416666667
2019-11-12T12:00:00Z,8722.194175925926
2019-11-12T13:00:00Z,8686.977509259257
2019-11-12T14:00:00Z,8655.854166666666
2019-11-12T15:00:00Z,8643.114435185185
2019-11-12T16:00:00Z,8654.990842592591
2019-11-12T17:00:00Z,8685.606555555554
2019-11-12T18:00:00Z,8719.097814814815
2019-11-12T19:00:00Z,8750.492083333333
2019-11-12T20:00:00Z,8779.360407407406
2019-11-12T21:00:00Z,8792.52976851852
2019-11-12T22:00:00Z,8794.00275
2019-11-12T23:00:00Z,8800.214342592593
2019-11-13T00:00:00Z,8803.508462962964
2019-11-13T01:00:00Z,8802.290796296296
2019-11-13T02:00:00Z,8781.428833333333
2019-11-13T03:00:00Z,8750.8085
2019-11-13T04:00:00Z,8724.594675925924
2019-11-13T05:00:00Z,8708.250037037034
2019-11-13T06:00:00Z,8711.200009259259
2019-11-13T07:00:00Z,8719.027407407406
2019-11-13T08:00:00Z,8737.510740740743
2019-11-13T09:00:00Z,8756.48788888889
2019-11-13T10:00:00Z,8776.49951851852
2019-11-13T11:00:00Z,8781.098296296297
2019-11-13T12:00:00Z,8770.34663888889
2019-11-13T13:00:00Z,8750.421842592592
2019-11-13T14:00:00Z,8731.709805555556
2019-11-13T15:00:00Z,8721.162037037038
2019-11-13T16:00:00Z,8722.41700925926
2019-11-13T17:00:00Z,8732.007212962963
2019-11-13T18:00:00Z,8740.113027777776
2019-11-13T19:00:00Z,8751.202648148148
2019-11-13T20:00:00Z,8754.786824074074
2019-11-13T21:00:00Z,8755.788759259258
2019-11-13T22:00:00Z,8752.945953703704
2019-11-13T23:00:00Z,8753.154842592592
2019-11-14T00:00:00Z,8758.329870370371
2019-11-14T01:00:00Z,8759.087240740742
2019-11-14T02:00:00Z,8752.091833333334
2019-11-14T03:00:00Z,8746.700351851852
2019-11-14T04:00:00Z,8719.322750000001
2019-11-14T05:00:00Z,8690.89074074074
2019-11-14T06:00:00Z,8665.561435185184
2019-11-14T07:00:00Z,8643.290046296295
2019-11-14T08:00:00Z,8615.033287037038
2019-11-14T09:00:00Z,8594.860925925926
2019-11-14T10:00:00Z,8583.472833333333
2019-11-14T11:00:00Z,8585.568944444442
2019-11-14T12:00:00Z,8591.0775
2019-11-14T13:00:00Z,8610.590435185184
2019-11-14T14:00:00Z,8631.162925925926
2019-11-14T15:00:00Z,8639.206629629629
2019-11-14T16:00:00Z,8639.61275925926
2019-11-14T17:00:00Z,8638.258944444446
2019-11-14T18:00:00Z,8634.70362962963
2019-11-14T19:00:00Z,8633.036509259256
2019-11-14T20:00:00Z,8637.51199074074
2019-11-14T21:00:00Z,8644.2325
2019-11-14T22:00:00Z,8650.339675925925
2019-11-14T23:00:00Z,8648.100546296298
2019-11-15T00:00:00Z,8631.199416666668
2019-11-15T01:00:00Z,8588.98888888889
2019-11-15T02:00:00Z,8542.538796296298
2019-11-15T03:00:00Z,8512.450712962962
2019-11-15T04:00:00Z,8504.991981481484
2019-11-15T05:00:00Z,8514.700675925926
2019-11-15T06:00:00Z,8535.387879629629
2019-11-15T07:00:00Z,8549.514629629628
2019-11-15T08:00:00Z,8577.023972222221
2019-11-15T09:00:00Z,8596.602296296294
2019-11-15T10:00:00Z,8620.29223148148
2019-11-15T11:00:00Z,8631.826138888891
2019-11-15T12:00:00Z,8646.282490740741
2019-11-15T13:00:00Z,8652.946194444445
2019-11-15T14:00:00Z,8597.69687962963
2019-11-15T15:00:00Z,8522.874749999999
2019-11-15T16:00:00Z,8455.14425
2019-11-15T17:00:00Z,8420.900138888888
2019-11-15T18:00:00Z,8423.524861111111
2019-11-15T19:00:00Z,8440.211666666668
2019-11-15T20:00:00Z,8455.626194444447
2019-11-15T21:00:00Z,8460.080481481484
2019-11-15T22:00:00Z,8472.292611111112
2019-11-15T23:00:00Z,8474.13512037037
2019-11-16T00:00:00Z,8471.121222222222
2019-11-16T01:00:00Z,8467.878731481482
2019-11-16T02:00:00Z,8459.77285185185
2019-11-16T03:00:00Z,8453.188083333333
2019-11-16T04:00:00Z,8451.117518518518
2019-11-16T05:00:00Z,8453.699870370372
2019-11-16T06:00:00Z,8457.731500000002
2019-11-16T07:00:00Z,8464.431064814815
2019-11-16T08:00:00Z,8474.199101851853
2019-11-16T09:00:00Z,8486.927018518521
2019-11-16T10:00:00Z,8489.160240740743
2019-11-16T11:00:00Z,8484.048962962965
2019-11-16T12:00:00Z,8474.13673148148
2019-11-16T13:00:00Z,8472.206787037036
2019-11-16T14:00:00Z,8476.36225925926
2019-11-16T15:00:00Z,8482.186370370371
2019-11-16T16:00:00Z,8487.321175925928
2019-11-16T17:00:00Z,8485.104425925927
2019-11-16T18:00:00Z,8480.662657407409
2019-11-16T19:00:00Z,8473.868074074075
2019-11-16T20:00:00Z,8463.36538888889
2019-11-16T21:00:00Z,8460.942018518519
2019-11-16T22:00:00Z,8463.036435185186
2019-11-16T23:00:00Z,8471.078935185185
2019-11-17T00:00:00Z,8483.807296296296
2019-11-17T01:00:00Z,8489.492768518516
2019-11-17T02:00:00Z,8489.222166666666
2019-11-17T03:00:00Z,8483.612685185184
2019-11-17T04:00:00Z,8476.577453703703
2019-11-17T05:00:00Z,8475.550175925926
2019-11-17T06:00:00Z,8475.865166666666
2019-11-17T07:00:00Z,8460.000416666668
2019-11-17T08:00:00Z,8477.328944444444
2019-11-17T09:00:00Z,8506.719759259258
2019-11-17T10:00:00Z,8533.930203703703
2019-11-17T11:00:00Z,8546.806296296296
2019-11-17T12:00:00Z,8555.793407407407
2019-11-17T13:00:00Z,8554.380787037038
2019-11-17T14:00:00Z,8544.668472222225
2019-11-17T15:00:00Z,8533.63563888889
2019-11-17T16:00:00Z,8527.92864814815
2019-11-17T17:00:00Z,8531.763055555557
2019-11-17T18:00:00Z,8537.615722222223
2019-11-17T19:00:00Z,8546.127407407408
2019-11-17T20:00:00Z,8544.822962962964
2019-11-17T21:00:00Z,8546.124592592592
2019-11-17T22:00:00Z,8545.948759259261
2019-11-17T23:00:00Z,8532.888027777779
2019-11-18T00:00:00Z,8513.245805555554
2019-11-18T01:00:00Z,8489.43009259259
2019-11-18T02:00:00Z,8461.80698148148
2019-11-18T03:00:00Z,8449.629962962963
2019-11-18T04:00:00Z,8449.782805555556
2019-11-18T05:00:00Z,8457.748324074075
2019-11-18T06:00:00Z,8455.279148148149
2019-11-18T07:00:00Z,8446.205833333333
2019-11-18T08:00:00Z,8444.041546296297
2019-11-18T09:00:00Z,8449.063240740741
2019-11-18T10:00:00Z,8451.645703703703
2019-11-18T11:00:00Z,8444.426981481482
2019-11-18T12:00:00Z,8424.759814814815
2019-11-18T13:00:00Z,8415.237944444445
2019-11-18T14:00:00Z,8414.904564814815
2019-11-18T15:00:00Z,8410.469453703703
2019-11-18T16:00:00Z,8405.182907407407
2019-11-18T17:00:00Z,8375.261787037036
2019-11-18T18:00:00Z,8298.159601851852
2019-11-18T19:00:00Z,8216.873518518516
2019-11-18T20:00:00Z,8158.896018518518
2019-11-18T21:00:00Z,8144.811314814814
2019-11-18T22:00:00Z,8156.1480555555545
2019-11-18T23:00:00Z,8164.728148148148
2019-11-19T00:00:00Z,8164.72711111111
2019-11-19T01:00:00Z,8165.598472222223
2019-11-19T02:00:00Z,8170.470787037038
2019-11-19T03:00:00Z,8162.644092592595
2019-11-19T04:00:00Z,8149.061157407409
2019-11-19T05:00:00Z,8132.7884814814815
2019-11-19T06:00:00Z,8125.641898148147
2019-11-19T07:00:00Z,8117.846416666666
2019-11-19T08:00:00Z,8122.525731481481
2019-11-19T09:00:00Z,8127.716574074074
2019-11-19T10:00:00Z,8118.893833333333
2019-11-19T11:00:00Z,8093.874638888889
2019-11-19T12:00:00Z,8055.850379629629
2019-11-19T13:00:00Z,8028.659870370371
2019-11-19T14:00:00Z,8030.336407407408
2019-11-19T15:00:00Z,8052.175972222222
2019-11-19T16:00:00Z,8073.335620370371
2019-11-19T17:00:00Z,8085.841851851852
2019-11-19T18:00:00Z,8089.614101851851
2019-11-19T19:00:00Z,8091.6437962962955
2019-11-19T20:00:00Z,8096.681388888889
2019-11-19T21:00:00Z,8103.85762962963
2019-11-19T22:00:00Z,8115.412370370371
2019-11-19T23:00:00Z,8124.962361111112
2019-11-20T00:00:00Z,8129.487277777778
2019-11-20T01:00:00Z,8129.48813888889
2019-11-20T02:00:00Z,8131.813722222221
2019-11-20T03:00:00Z,8132.105768518519
2019-11-20T04:00:00Z,8122.596722222222
2019-11-20T05:00:00Z,8110.090268518517
2019-11-20T06:00:00Z,8101.885037037037
2019-11-20T07:00:00Z,8101.5314074074095
2019-11-20T08:00:00Z,8096.305416666667
2019-11-20T09:00:00Z,8082.6088148148165
2019-11-20T10:00:00Z,8062.974990740742
2019-11-20T11:00:00Z,8054.785416666666
2019-11-20T12:00:00Z,8054.491333333334
2019-11-20T13:00:00Z,8060.325046296297
2019-11-20T14:00:00Z,8084.208740740741
2019-11-20T15:00:00Z,8106.975777777779
2019-11-20T16:00:00Z,8122.30563888889
2019-11-20T17:00:00Z,8134.148324074074
2019-11-20T18:00:00Z,8127.2571851851835
2019-11-20T19:00:00Z,8107.8313148148145
2019-11-20T20:00:00Z,8088.304037037037
2019-11-20T21:00:00Z,8076.097296296296
2019-11-20T22:00:00Z,8072.375666666667
2019-11-20T23:00:00Z,8074.430981481481
2019-11-21T00:00:00Z,8078.271694444445
2019-11-21T01:00:00Z,8088.8325092592595
2019-11-21T02:00:00Z,8097.935222222222
2019-11-21T03:00:00Z,8104.670194444446
2019-11-21T04:00:00Z,8104.457981481482
2019-11-21T05:00:00Z,8104.27661111111
2019-11-21T06:00:00Z,8095.690805555554
2019-11-21T07:00:00Z,8082.592527777776
2019-11-21T08:00:00Z,8023.089907407407
2019-11-21T09:00:00Z,7951.140601851851
2019-11-21T10:00:00Z,7890.5472500000005
2019-11-21T11:00:00Z,7843.594314814814
2019-11-21T12:00:00Z,7829.801046296297
2019-11-21T13:00:00Z,7828.661953703703
2019-11-21T14:00:00Z,7809.695203703702
2019-11-21T15:00:00Z,7732.077231481479
2019-11-21T16:00:00Z,7633.93775925926
2019-11-21T17:00:00Z,7544.957657407408
2019-11-21T18:00:00Z,7501.051759259259
2019-11-21T19:00:00Z,7511.67837037037
2019-11-21T20:00:00Z,7538.834305555556
2019-11-21T21:00:00Z,7567.4996759259275
2019-11-21T22:00:00Z,7591.5263981481485
2019-11-21T23:00:00Z,7608.381694444444
2019-11-22T00:00:00Z,7633.116657407406
2019-11-22T01:00:00Z,7651.019898148147
2019-11-22T02:00:00Z,7654.090444444443
2019-11-22T03:00:00Z,7634.984601851852
2019-11-22T04:00:00Z,7612.845324074075
2019-11-22T05:00:00Z,7583.3655
2019-11-22T06:00:00Z,7528.223574074075
2019-11-22T07:00:00Z,7499.691453703705
2019-11-22T08:00:00Z,7484.55500925926
2019-11-22T09:00:00Z,7453.68925
2019-11-22T10:00:00Z,7317.774361111112
2019-11-22T11:00:00Z,7154.699981481482
2019-11-22T12:00:00Z,7043.094175925927
2019-11-22T13:00:00Z,6980.979481481484
2019-11-22T14:00:00Z,6968.369092592592
2019-11-22T15:00:00Z,6997.937287037036
2019-11-22T16:00:00Z,7047.4089537037025
2019-11-22T17:00:00Z,7104.359111111109
2019-11-22T18:00:00Z,7172.077148148147
2019-11-22T19:00:00Z,7248.442685185187
2019-11-22T20:00:00Z,7319.0633611111125
2019-11-22T21:00:00Z,7369.37026851852
2019-11-22T22:00:00Z,7366.999111111111
2019-11-22T23:00:00Z,7339.350351851852
2019-11-23T00:00:00Z,7286.716268518518
2019-11-23T01:00:00Z,7238.491425925927
2019-11-23T02:00:00Z,7220.68299074074
2019-11-23T03:00:00Z,7234.353749999999
2019-11-23T04:00:00Z,7244.028972222222
2019-11-23T05:00:00Z,7241.135703703704
2019-11-23T06:00:00Z,7230.2804537037055
2019-11-23T07:00:00Z,7210.447231481481
2019-11-23T08:00:00Z,7182.45187962963
2019-11-23T09:00:00Z,7161.874342592593
2019-11-23T10:00:00Z,7153.080657407409
2019-11-23T11:00:00Z,7158.622120370371
2019-11-23T12:00:00Z,7163.406694444446
2019-11-23T13:00:00Z,7170.957685185184
2019-11-23T14:00:00Z,7201.387657407407
2019-11-23T15:00:00Z,7252.370657407407
2019-11-23T16:00:00Z,7302.876342592594
2019-11-23T17:00:00Z,7331.5055740740745
2019-11-23T18:00:00Z,7342.102759259261
2019-11-23T19:00:00Z,7333.2458518518515
2019-11-23T20:00:00Z,7316.386342592592
2019-11-23T21:00:00Z,7299.1729259259255
2019-11-23T22:00:00Z,7294.617935185186
2019-11-23T23:00:00Z,7304.060398148148
2019-11-24T00:00:00Z,7298.996083333334
2019-11-24T01:00:00Z,7286.359999999998
2019-11-24T02:00:00Z,7266.288148148148
2019-11-24T03:00:00Z,7241.674953703703
2019-11-24T04:00:00Z,7210.9868518518515
2019-11-24T05:00:00Z,7183.333500000001
2019-11-24T06:00:00Z,7173.378148148149
2019-11-24T07:00:00Z,7172.361703703704
2019-11-24T08:00:00Z,7183.6045092592585
2019-11-24T09:00:00Z,7210.20860185185
2019-11-24T10:00:00Z,7202.857740740739
2019-11-24T11:00:00Z,7198.37975
2019-11-24T12:00:00Z,7179.834805555555
2019-11-24T13:00:00Z,7160.265731481481
2019-11-24T14:00:00Z,7120.505277777778
2019-11-24T15:00:00Z,7055.048787037039
2019-11-24T16:00:00Z,7003.766175925928
2019-11-24T17:00:00Z,6994.94765740741
2019-11-24T18:00:00Z,7021.437712962964
2019-11-24T19:00:00Z,7044.460537037036
2019-11-24T20:00:00Z,7056.349629629629
2019-11-24T21:00:00Z,7054.443129629628
2019-11-24T22:00:00Z,7045.289518518516
2019-11-24T23:00:00Z,6998.787370370369
2019-11-25T00:00:00Z,6934.700287037037
2019-11-25T01:00:00Z,6828.813166666666
2019-11-25T02:00:00Z,6735.044018518519
2019-11-25T03:00:00Z,6660.77676851852
2019-11-25T04:00:00Z,6613.907953703703
2019-11-25T05:00:00Z,6564.530046296296
2019-11-25T06:00:00Z,6553.554870370371
2019-11-25T07:00:00Z,6579.805333333334
2019-11-25T08:00:00Z,6637.347611111111
2019-11-25T09:00:00Z,6704.892462962963
2019-11-25T10:00:00Z,6794.357268518518
2019-11-25T11:00:00Z,6872.633722222222
2019-11-25T12:00:00Z,6999.875351851852
2019-11-25T13:00:00Z,7119.038
2019-11-25T14:00:00Z,7210.570351851852
2019-11-25T15:00:00Z,7281.137046296295
2019-11-25T16:00:00Z,7307.487027777776
2019-11-25T17:00:00Z,7305.012462962962
2019-11-25T18:00:00Z,7296.371175925927
2019-11-25T19:00:00Z,7272.1386203703705
2019-11-25T20:00:00Z,7233.1947222222225
2019-11-25T21:00:00Z,7206.828074074074
2019-11-25T22:00:00Z,7194.905462962964
2019-11-25T23:00:00Z,7171.592879629631
2019-11-26T00:00:00Z,7150.34337037037
2019-11-26T01:00:00Z,7139.811064814815
2019-11-26T02:00:00Z,7135.868583333334
2019-11-26T03:00:00Z,7167.504324074074
2019-11-26T04:00:00Z,7194.0486203703695
2019-11-26T05:00:00Z,7225.412777777777
2019-11-26T06:00:00Z,7222.986453703704
2019-11-26T07:00:00Z,7204.145675925926
2019-11-26T08:00:00Z,7177.600861111111
2019-11-26T09:00:00Z,7155.950129629629
2019-11-26T10:00:00Z,7147.905296296295
2019-11-26T11:00:00Z,7151.182240740741
2019-11-26T12:00:00Z,7149.01187962963
2019-11-26T13:00:00Z,7118.604481481481
2019-11-26T14:00:00Z,7081.354490740741
2019-11-26T15:00:00Z,7061.636388888888
2019-11-26T16:00:00Z,7069.627074074073
2019-11-26T17:00:00Z,7082.217601851851
2019-11-26T18:00:00Z,7093.490694444442
2019-11-26T19:00:00Z,7091.895518518516
2019-11-26T20:00:00Z,7095.90425
2019-11-26T21:00:00Z,7103.108027777776
2019-11-26T22:00:00Z,7121.365444444443
2019-11-26T23:00:00Z,7145.125768518516
2019-11-27T00:00:00Z,7166.180074074074
2019-11-27T01:00:00Z,7176.231712962964
2019-11-27T02:00:00Z,7172.4504444444465
2019-11-27T03:00:00Z,7140.952740740741
2019-11-27T04:00:00Z,7100.153379629631
2019-11-27T05:00:00Z,7067.718203703703
2019-11-27T06:00:00Z,7057.454435185185
2019-11-27T07:00:00Z,7056.846648148148
2019-11-27T08:00:00Z,7049.657851851854
2019-11-27T09:00:00Z,6995.353925925924
2019-11-27T10:00:00Z,6931.8369722222205
2019-11-27T11:00:00Z,6956.634916666665
2019-11-27T12:00:00Z,7062.173444444444
2019-11-27T13:00:00Z,7196.240222222222
2019-11-27T14:00:00Z,7286.024601851852
2019-11-27T15:00:00Z,7338.883287037035
2019-11-27T16:00:00Z,7408.218305555555
2019-11-27T17:00:00Z,7507.71874074074
2019-11-27T18:00:00Z,7580.702194444445
2019-11-27T19:00:00Z,7625.219462962963
2019-11-27T20:00:00Z,7633.521824074075
2019-11-27T21:00:00Z,7618.168787037038
2019-11-27T22:00:00Z,7591.749333333334
2019-11-27T23:00:00Z,7560.044407407407
2019-11-28T00:00:00Z,7549.548749999999
2019-11-28T01:00:00Z,7538.853703703705
2019-11-28T02:00:00Z,7533.190046296296
2019-11-28T03:00:00Z,7519.98162962963
2019-11-28T04:00:00Z,7500.463583333333
2019-11-28T05:00:00Z,7475.673537037037
2019-11-28T06:00:00Z,7471.320907407407
2019-11-28T07:00:00Z,7480.585157407407
2019-11-28T08:00:00Z,7498.467064814814
2019-11-28T09:00:00Z,7515.244222222221
2019-11-28T10:00:00Z,7513.967333333334
2019-11-28T11:00:00Z,7503.591981481483
2019-11-28T12:00:00Z,7478.983092592593
2019-11-28T13:00:00Z,7460.608851851853
2019-11-28T14:00:00Z,7451.666814814816
2019-11-28T15:00:00Z,7497.550592592593
2019-11-28T16:00:00Z,7563.114305555556
2019-11-28T17:00:00Z,7614.027981481482
2019-11-28T18:00:00Z,7636.950555555556
2019-11-28T19:00:00Z,7641.9042500000005
2019-11-28T20:00:00Z,7629.080916666669
2019-11-28T21:00:00Z,7604.442046296295
2019-11-28T22:00:00Z,7527.813499999999
2019-11-28T23:00:00Z,7450.449768518519
2019-11-29T00:00:00Z,7411.951555555558
2019-11-29T01:00:00Z,7411.68014814815
2019-11-29T02:00:00Z,7433.69025925926
2019-11-29T03:00:00Z,7462.251277777778
2019-11-29T04:00:00Z,7479.668407407407
2019-11-29T05:00:00Z,7484.393555555555
2019-11-29T06:00:00Z,7483.267462962962
2019-11-29T07:00:00Z,7493.093296296294
2019-11-29T08:00:00Z,7506.011768518518
2019-11-29T09:00:00Z,7535.575277777777
2019-11-29T10:00:00Z,7557.943824074072
2019-11-29T11:00:00Z,7561.033212962961
2019-11-29T12:00:00Z,7574.020842592593
2019-11-29T13:00:00Z,7634.64463888889
2019-11-29T14:00:00Z,7716.143925925925
2019-11-29T15:00:00Z,7801.589222222221
2019-11-29T16:00:00Z,7837.936898148148
2019-11-29T17:00:00Z,7834.18750925926
2019-11-29T18:00:00Z,7807.200916666668
2019-11-29T19:00:00Z,7769.7361481481485
2019-11-29T20:00:00Z,7746.2195648148145
2019-11-29T21:00:00Z,7723.12361111111
2019-11-29T22:00:00Z,7718.003675925925
2019-11-29T23:00:00Z,7727.426305555554
2019-11-30T00:00:00Z,7748.106120370369
2019-11-30T01:00:00Z,7764.317240740743
2019-11-30T02:00:00Z,7767.340944444445
2019-11-30T03:00:00Z,7761.502898148149
2019-11-30T04:00:00Z,7752.164657407407
2019-11-30T05:00:00Z,7754.115990740739
2019-11-30T06:00:00Z,7756.681148148146
2019-11-30T07:00:00Z,7760.648453703706
2019-11-30T08:00:00Z,7759.11664814815
2019-11-30T09:00:00Z,7745.377453703705
2019-11-30T10:00:00Z,7726.153861111111
2019-11-30T11:00:00Z,7696.0207222222225
2019-11-30T12:00:00Z,7678.438990740741
2019-11-30T13:00:00Z,7657.7173981481465
2019-11-30T14:00:00Z,7620.017685185184
2019-11-30T15:00:00Z,7573.072648148148
2019-11-30T16:00:00Z,7548.748231481483
2019-11-30T17:00:00Z,7515.583000000002
2019-11-30T18:00:00Z,7486.383787037038
2019-11-30T19:00:00Z,7471.7269259259265
2019-11-30T20:00:00Z,7471.347731481482
2019-11-30T21:00:00Z,7494.971712962964
2019-11-30T22:00:00Z,7523.639731481482
2019-11-30T23:00:00Z,7548.125444444445
2019-12-01T00:00:00Z,7541.73701851852
2019-12-01T01:00:00Z,7493.255185185187
2019-12-01T02:00:00Z,7405.617657407409
2019-12-01T03:00:00Z,7317.8067129629635
2019-12-01T04:00:00Z,7272.227314814815
2019-12-01T05:00:00Z,7261.473453703705
2019-12-01T06:00:00Z,7272.264851851852
2019-12-01T07:00:00Z,7277.550722222222
2019-12-01T08:00:00Z,7280.569870370372
2019-12-01T09:00:00Z,7290.953712962965
2019-12-01T10:00:00Z,7318.540629629632
2019-12-01T11:00:00Z,7335.853333333335
2019-12-01T12:00:00Z,7350.133083333334
2019-12-01T13:00:00Z,7383.805203703705
2019-12-01T14:00:00Z,7410.104138888889
2019-12-01T15:00:00Z,7396.940231481482
2019-12-01T16:00:00Z,7363.24787037037
2019-12-01T17:00:00Z,7326.728101851851
2019-12-01T18:00:00Z,7303.719481481482
2019-12-01T19:00:00Z,7308.245444444445
2019-12-01T20:00:00Z,7325.451907407408
2019-12-01T21:00:00Z,7351.736259259259
2019-12-01T22:00:00Z,7377.704305555556
2019-12-01T23:00:00Z,7400.048564814814
2019-12-02T00:00:00Z,7405.5299537037035
2019-12-02T01:00:00Z,7408.174231481483
2019-12-02T02:00:00Z,7409.04999074074
2019-12-02T03:00:00Z,7398.502611111112
2019-12-02T04:00:00Z,7385.233518518518
2019-12-02T05:00:00Z,7345.212787037036
2019-12-02T06:00:00Z,7292.786694444444
2019-12-02T07:00:00Z,7248.339842592594
2019-12-02T08:00:00Z,7216.082768518519
2019-12-02T09:00:00Z,7223.494074074074
2019-12-02T10:00:00Z,7248.676027777777
2019-12-02T11:00:00Z,7278.012722222222
2019-12-02T12:00:00Z,7303.774694444444
2019-12-02T13:00:00Z,7317.569444444445
2019-12-02T14:00:00Z,7316.487907407408
2019-12-02T15:00:00Z,7313.137324074075
2019-12-02T16:00:00Z,7304.372009259258
2019-12-02T17:00:00Z,7295.127675925924
2019-12-02T18:00:00Z,7284.593546296295
2019-12-02T19:00:00Z,7276.685546296295
2019-12-02T20:00:00Z,7279.70473148148
2019-12-02T21:00:00Z,7293.2564907407395
2019-12-02T22:00:00Z,7314.952731481481
2019-12-02T23:00:00Z,7325.103388888888
2019-12-03T00:00:00Z,7345.4619814814805
2019-12-03T01:00:00Z,7360.531472222222
2019-12-03T02:00:00Z,7367.123212962963
2019-12-03T03:00:00Z,7367.406722222222
2019-12-03T04:00:00Z,7348.905944444443
2019-12-03T05:00:00Z,7318.346407407407
2019-12-03T06:00:00Z,7297.106555555554
2019-12-03T07:00:00Z,7285.23323148148
2019-12-03T08:00:00Z,7289.389518518517
2019-12-03T09:00:00Z,7284.802342592593
2019-12-03T10:00:00Z,7278.549555555556
2019-12-03T11:00:00Z,7269.455574074073
2019-12-03T12:00:00Z,7269.51923148148
2019-12-03T13:00:00Z,7277.548953703704
2019-12-03T14:00:00Z,7301.86963888889
2019-12-03T15:00:00Z,7328.733472222222
2019-12-03T16:00:00Z,7344.727157407407
2019-12-03T17:00:00Z,7350.548999999999
2019-12-03T18:00:00Z,7354.433444444444
2019-12-03T19:00:00Z,7351.7096296296295
2019-12-03T20:00:00Z,7338.899796296298
2019-12-03T21:00:00Z,7327.78478703704
2019-12-03T22:00:00Z,7317.65325925926
2019-12-03T23:00:00Z,7308.018240740741
2019-12-04T00:00:00Z,7252.493314814815
2019-12-04T01:00:00Z,7187.524425925927
2019-12-04T02:00:00Z,7134.344675925927
2019-12-04T03:00:00Z,7109.760888888891
2019-12-04T04:00:00Z,7111.385009259259
2019-12-04T05:00:00Z,7116.4925
2019-12-04T06:00:00Z,7123.954185185186
2019-12-04T07:00:00Z,7127.221175925927
2019-12-04T08:00:00Z,7145.587648148149
2019-12-04T09:00:00Z,7172.393027777776
2019-12-04T10:00:00Z,7206.479962962962
2019-12-04T11:00:00Z,7227.63423148148
2019-12-04T12:00:00Z,7239.0543333333335
2019-12-04T13:00:00Z,7323.499250000001
2019-12-04T14:00:00Z,7423.149111111113
2019-12-04T15:00:00Z,7507.6783796296295
2019-12-04T16:00:00Z,7541.3026759259255
2019-12-04T17:00:00Z,7535.486546296296
2019-12-04T18:00:00Z,7519.155092592594
2019-12-04T19:00:00Z,7506.9622592592605
2019-12-04T20:00:00Z,7412.819212962964
2019-12-04T21:00:00Z,7285.675361111112
2019-12-04T22:00:00Z,7181.453953703703
2019-12-04T23:00:00Z,7127.588037037039
2019-12-05T00:00:00Z,7132.168296296298
2019-12-05T01:00:00Z,7161.62500925926
2019-12-05T02:00:00Z,7187.8881388888885
2019-12-05T03:00:00Z,7206.029546296297
2019-12-05T04:00:00Z,7211.1071388888895
2019-12-05T05:00:00Z,7243.771009259258
2019-12-05T06:00:00Z,7283.976796296295
2019-12-05T07:00:00Z,7317.920694444445
2019-12-05T08:00:00Z,7338.712787037038
2019-12-05T09:00:00Z,7341.088407407408
2019-12-05T10:00:00Z,7354.581805555555
2019-12-05T11:00:00Z,7371.164240740739
2019-12-05T12:00:00Z,7405.758000000001
2019-12-05T13:00:00Z,7423.488074074073
2019-12-05T14:00:00Z,7429.72651851852
2019-12-05T15:00:00Z,7406.100175925926
2019-12-05T16:00:00Z,7360.111259259261
2019-12-05T17:00:00Z,7327.237407407408
2019-12-05T18:00:00Z,7318.406518518517
2019-12-05T19:00:00Z,7336.514305555555
2019-12-05T20:00:00Z,7363.9288796296305
2019-12-05T21:00:00Z,7383.539916666668
2019-12-05T22:00:00Z,7397.797796296298
2019-12-05T23:00:00Z,7403.442916666667
2019-12-06T00:00:00Z,7399.811685185187
2019-12-06T01:00:00Z,7396.787361111114
2019-12-06T02:00:00Z,7393.599083333334
2019-12-06T03:00:00Z,7388.429500000001
2019-12-06T04:00:00Z,7390.186796296298
2019-12-06T05:00:00Z,7393.73063888889
2019-12-06T06:00:00Z,7388.063453703704
2019-12-06T07:00:00Z,7378.829564814816
2019-12-06T08:00:00Z,7364.7115
2019-12-06T09:00:00Z,7364.561833333333
2019-12-06T10:00:00Z,7357.3422222222225
2019-12-06T11:00:00Z,7350.294564814816
2019-12-06T12:00:00Z,7350.939018518518
2019-12-06T13:00:00Z,7352.126009259259
2019-12-06T14:00:00Z,7363.033037037036
2019-12-06T15:00:00Z,7371.992453703703
2019-12-06T16:00:00Z,7388.8026944444455
2019-12-06T17:00:00Z,7428.894499999999
2019-12-06T18:00:00Z,7463.334768518519
2019-12-06T19:00:00Z,7480.93262037037
2019-12-06T20:00:00Z,7476.368638888889
2019-12-06T21:00:00Z,7470.252212962962
2019-12-06T22:00:00Z,7485.863657407407
2019-12-06T23:00:00Z,7517.1208611111115
2019-12-07T00:00:00Z,7545.249749999999
2019-12-07T01:00:00Z,7556.063259259259
2019-12-07T02:00:00Z,7568.818916666666
2019-12-07T03:00:00Z,7569.890777777776
2019-12-07T04:00:00Z,7575.222046296295
2019-12-07T05:00:00Z,7579.0765925925925
2019-12-07T06:00:00Z,7572.216074074076
2019-12-07T07:00:00Z,7558.00686111111
2019-12-07T08:00:00Z,7536.092240740741
2019-12-07T09:00:00Z,7515.183037037036
2019-12-07T10:00:00Z,7505.184009259258
2019-12-07T11:00:00Z,7509.605564814815
2019-12-07T12:00:00Z,7519.697601851852
2019-12-07T13:00:00Z,7529.461194444445
2019-12-07T14:00:00Z,7537.231740740742
2019-12-07T15:00:00Z,7536.1661018518525
2019-12-07T16:00:00Z,7529.341
2019-12-07T17:00:00Z,7521.409435185185
2019-12-07T18:00:00Z,7510.871694444443
2019-12-07T19:00:00Z,7510.821759259258
2019-12-07T20:00:00Z,7512.81987037037
2019-12-07T21:00:00Z,7509.02437962963
2019-12-07T22:00:00Z,7513.19837962963
2019-12-07T23:00:00Z,7512.051666666666
2019-12-08T00:00:00Z,7503.180194444442
2019-12-08T01:00:00Z,7480.213712962963
2019-12-08T02:00:00Z,7446.348101851851
2019-12-08T03:00:00Z,7415.917564814816
2019-12-08T04:00:00Z,7402.252101851853
2019-12-08T05:00:00Z,7403.892675925927
2019-12-08T06:00:00Z,7420.337666666666
2019-12-08T07:00:00Z,7438.650231481482
2019-12-08T08:00:00Z,7451.111925925926
2019-12-08T09:00:00Z,7471.561953703705
2019-12-08T10:00:00Z,7492.581999999999
2019-12-08T11:00:00Z,7516.703935185185
2019-12-08T12:00:00Z,7531.950138888889
2019-12-08T13:00:00Z,7540.132277777778
2019-12-08T14:00:00Z,7542.65323148148
2019-12-08T15:00:00Z,7550.527861111111
2019-12-08T16:00:00Z,7549.96987962963
2019-12-08T17:00:00Z,7546.6381388888885
2019-12-08T18:00:00Z,7539.555768518519
2019-12-08T19:00:00Z,7531.184333333334
2019-12-08T20:00:00Z,7528.581972222222
2019-12-08T21:00:00Z,7532.4873333333335
2019-12-08T22:00:00Z,7542.619231481481
2019-12-08T23:00:00Z,7543.310342592592
2019-12-09T00:00:00Z,7541.20550925926
2019-12-09T01:00:00Z,7524.494398148148
2019-12-09T02:00:00Z,7509.243546296296
2019-12-09T03:00:00Z,7503.427083333333
2019-12-09T04:00:00Z,7501.4037962962975
2019-12-09T05:00:00Z,7497.575361111111
2019-12-09T06:00:00Z,7499.922685185185
2019-12-09T07:00:00Z,7493.251888888889
2019-12-09T08:00:00Z,7481.053222222222
2019-12-09T09:00:00Z,7465.842351851851
2019-12-09T10:00:00Z,7461.2564999999995
2019-12-09T11:00:00Z,7464.108601851852
2019-12-09T12:00:00Z,7476.949092592593
2019-12-09T13:00:00Z,7491.498027777777
2019-12-09T14:00:00Z,7514.974583333334
2019-12-09T15:00:00Z,7501.214342592594
2019-12-09T16:00:00Z,7464.397083333332
2019-12-09T17:00:00Z,7429.875370370367
2019-12-09T18:00:00Z,7415.470444444443
2019-12-09T19:00:00Z,7399.433259259259
2019-12-09T20:00:00Z,7361.255416666667
2019-12-09T21:00:00Z,7332.0195370370375
2019-12-09T22:00:00Z,7312.972759259261
2019-12-09T23:00:00Z,7311.886388888893
2019-12-10T00:00:00Z,7318.888250000004
2019-12-10T01:00:00Z,7331.764351851853
2019-12-10T02:00:00Z,7346.240212962963
2019-12-10T03:00:00Z,7361.904861111111
2019-12-10T04:00:00Z,7370.810120370371
2019-12-10T05:00:00Z,7368.0901296296315
2019-12-10T06:00:00Z,7359.85162962963
2019-12-10T07:00:00Z,7350.47313888889
2019-12-10T08:00:00Z,7329.49187962963
2019-12-10T09:00:00Z,7310.77822222222
2019-12-10T10:00:00Z,7305.903388888888
2019-12-10T11:00:00Z,7313.82973148148
2019-12-10T12:00:00Z,7329.095009259258
2019-12-10T13:00:00Z,7334.80786111111
2019-12-10T14:00:00Z,7321.924212962963
2019-12-10T15:00:00Z,7285.556768518519
2019-12-10T16:00:00Z,7245.52913888889
2019-12-10T17:00:00Z,7200.290407407408
2019-12-10T18:00:00Z,7180.784990740741
2019-12-10T19:00:00Z,7184.406527777778
2019-12-10T20:00:00Z,7194.247685185186
2019-12-10T21:00:00Z,7206.307425925926
2019-12-10T22:00:00Z,7218.7749814814815
2019-12-10T23:00:00Z,7224.920888888887
2019-12-11T00:00:00Z,7229.816222222221
2019-12-11T01:00:00Z,7242.609166666666
2019-12-11T02:00:00Z,7251.522685185184
2019-12-11T03:00:00Z,7245.256574074073
2019-12-11T04:00:00Z,7230.238712962964
2019-12-11T05:00:00Z,7208.1141944444435
2019-12-11T06:00:00Z,7195.729416666666
2019-12-11T07:00:00Z,7194.071101851851
2019-12-11T08:00:00Z,7200.486833333333
2019-12-11T09:00:00Z,7213.518546296298
2019-12-11T10:00:00Z,7220.680620370372
2019-12-11T11:00:00Z,7224.966444444445
2019-12-11T12:00:00Z,7234.304444444445
2019-12-11T13:00:00Z,7241.2852037037055
2019-12-11T14:00:00Z,7243.316000000002
2019-12-11T15:00:00Z,7221.762046296296
2019-12-11T16:00:00Z,7195.506935185185
2019-12-11T17:00:00Z,7178.8668333333335
2019-12-11T18:00:00Z,7171.696379629629
2019-12-11T19:00:00Z,7175.861694444444
2019-12-11T20:00:00Z,7174.522111111112
2019-12-11T21:00:00Z,7177.183268518519
2019-12-11T22:00:00Z,7182.630574074073
2019-12-11T23:00:00Z,7192.160416666666
2019-12-12T00:00:00Z,7181.252083333333
2019-12-12T01:00:00Z,7161.171675925926
2019-12-12T02:00:00Z,7143.245055555555
2019-12-12T03:00:00Z,7136.207527777779
2019-12-12T04:00:00Z,7135.243712962964
2019-12-12T05:00:00Z,7139.6637314814825
2019-12-12T06:00:00Z,7147.39412037037
2019-12-12T07:00:00Z,7148.41213888889
2019-12-12T08:00:00Z,7141.702435185186
2019-12-12T09:00:00Z,7140.09612962963
2019-12-12T10:00:00Z,7142.505453703702
2019-12-12T11:00:00Z,7158.216592592592
2019-12-12T12:00:00Z,7175.687074074074
2019-12-12T13:00:00Z,7188.436490740739
2019-12-12T14:00:00Z,7186.568398148149
2019-12-12T15:00:00Z,7183.3860370370385
2019-12-12T16:00:00Z,7185.129861111112
2019-12-12T17:00:00Z,7190.5631111111115
2019-12-12T18:00:00Z,7200.998888888888
2019-12-12T19:00:00Z,7206.490851851852
2019-12-12T20:00:00Z,7221.266638888889
2019-12-12T21:00:00Z,7224.362287037038
2019-12-12T22:00:00Z,7216.974166666666
2019-12-12T23:00:00Z,7202.962527777779
2019-12-13T00:00:00Z,7190.9174907407405
2019-12-13T01:00:00Z,7186.259398148148
2019-12-13T02:00:00Z,7188.776648148148
2019-12-13T03:00:00Z,7198.828166666666
2019-12-13T04:00:00Z,7210.7011296296305
2019-12-13T05:00:00Z,7218.78388888889
2019-12-13T06:00:00Z,7219.535046296299
2019-12-13T07:00:00Z,7220.235898148149
2019-12-13T08:00:00Z,7215.140666666669
2019-12-13T09:00:00Z,7209.589731481482
2019-12-13T10:00:00Z,7206.573851851853
2019-12-13T11:00:00Z,7208.0154907407405
2019-12-13T12:00:00Z,7214.663064814813
2019-12-13T13:00:00Z,7223.743620370369
2019-12-13T14:00:00Z,7228.941407407406
2019-12-13T15:00:00Z,7237.8850925925935
2019-12-13T16:00:00Z,7254.571083333335
2019-12-13T17:00:00Z,7270.749527777778
2019-12-13T18:00:00Z,7269.412962962963
2019-12-13T19:00:00Z,7261.941407407408
2019-12-13T20:00:00Z,7254.5548055555555
2019-12-13T21:00:00Z,7247.843351851851
2019-12-13T22:00:00Z,7242.831212962963
2019-12-13T23:00:00Z,7242.293157407407
2019-12-14T00:00:00Z,7242.426499999999
2019-12-14T01:00:00Z,7248.6504722222235
2019-12-14T02:00:00Z,7252.3031203703695
2019-12-14T03:00:00Z,7253.493324074075
2019-12-14T04:00:00Z,7254.123222222223
2019-12-14T05:00:00Z,7257.414990740741
2019-12-14T06:00:00Z,7256.303314814814
2019-12-14T07:00:00Z,7254.406212962963
2019-12-14T08:00:00Z,7230.892638888889
2019-12-14T09:00:00Z,7202.162250000001
2019-12-14T10:00:00Z,7177.591861111112
2019-12-14T11:00:00Z,7165.156749999999
2019-12-14T12:00:00Z,7156.580731481481
2019-12-14T13:00:00Z,7145.393824074075
2019-12-14T14:00:00Z,7137.218611111111
2019-12-14T15:00:00Z,7104.894546296295
2019-12-14T16:00:00Z,7069.405361111111
2019-12-14T17:00:00Z,7041.9473518518525
2019-12-14T18:00:00Z,7039.784324074076
2019-12-14T19:00:00Z,7049.263009259259
2019-12-14T20:00:00Z,7060.705370370371
2019-12-14T21:00:00Z,7070.608787037038
2019-12-14T22:00:00Z,7079.284092592595
2019-12-14T23:00:00Z,7080.154888888891
2019-12-15T00:00:00Z,7066.570796296298
2019-12-15T01:00:00Z,7049.85837037037
2019-12-15T02:00:00Z,7040.633990740741
2019-12-15T03:00:00Z,7039.4880370370365
2019-12-15T04:00:00Z,7043.415018518518
2019-12-15T05:00:00Z,7047.408111111111
2019-12-15T06:00:00Z,7049.606759259259
2019-12-15T07:00:00Z,7078.091518518518
2019-12-15T08:00:00Z,7116.970379629628
2019-12-15T09:00:00Z,7147.595499999999
2019-12-15T10:00:00Z,7147.620120370371
2019-12-15T11:00:00Z,7131.2233703703705
2019-12-15T12:00:00Z,7102.4961111111115
2019-12-15T13:00:00Z,7079.990046296297
2019-12-15T14:00:00Z,7077.662648148148
2019-12-15T15:00:00Z,7088.735499999999
2019-12-15T16:00:00Z,7095.717564814814
2019-12-15T17:00:00Z,7099.30172222222
2019-12-15T18:00:00Z,7103.953481481481
2019-12-15T19:00:00Z,7106.637925925926
2019-12-15T20:00:00Z,7115.5395
2019-12-15T21:00:00Z,7121.8339444444455
2019-12-15T22:00:00Z,7124.217416666666
2019-12-15T23:00:00Z,7122.74938888889
2019-12-16T00:00:00Z,7106.058240740742
2019-12-16T01:00:00Z,7089.274472222222
2019-12-16T02:00:00Z,7076.056361111111
2019-12-16T03:00:00Z,7065.430861111109
2019-12-16T04:00:00Z,7058.252953703704
2019-12-16T05:00:00Z,7052.953731481481
2019-12-16T06:00:00Z,7056.278296296296
2019-12-16T07:00:00Z,7058.884675925925
2019-12-16T08:00:00Z,7059.449037037038
2019-12-16T09:00:00Z,7054.828194444445
2019-12-16T10:00:00Z,7050.760231481482
2019-12-16T11:00:00Z,7056.647925925926
2019-12-16T12:00:00Z,7073.302518518519
2019-12-16T13:00:00Z,7099.923703703703
2019-12-16T14:00:00Z,7118.438675925925
2019-12-16T15:00:00Z,7116.387296296295
2019-12-16T16:00:00Z,7104.662601851852
2019-12-16T17:00:00Z,7094.64037037037
2019-12-16T18:00:00Z,7035.849851851853
2019-12-16T19:00:00Z,6956.543638888889
2019-12-16T20:00:00Z,6871.749981481481
2019-12-16T21:00:00Z,6822.026944444445
2019-12-16T22:00:00Z,6814.053898148149
2019-12-16T23:00:00Z,6829.581601851853
2019-12-17T00:00:00Z,6851.758453703704
2019-12-17T01:00:00Z,6866.411370370371
2019-12-17T02:00:00Z,6876.264962962964
2019-12-17T03:00:00Z,6876.398296296298
2019-12-17T04:00:00Z,6874.136101851854
2019-12-17T05:00:00Z,6874.095379629631
2019-12-17T06:00:00Z,6875.12462962963
2019-12-17T07:00:00Z,6873.192194444444
2019-12-17T08:00:00Z,6870.766231481482
2019-12-17T09:00:00Z,6869.988203703705
2019-12-17T10:00:00Z,6873.762842592594
2019-12-17T11:00:00Z,6894.378851851851
2019-12-17T12:00:00Z,6901.7733333333335
2019-12-17T13:00:00Z,6865.395194444444
2019-12-17T14:00:00Z,6803.293990740742
2019-12-17T15:00:00Z,6728.016435185185
2019-12-17T16:00:00Z,6685.130555555556
2019-12-17T17:00:00Z,6669.669194444444
2019-12-17T18:00:00Z,6673.308175925926
2019-12-17T19:00:00Z,6655.705342592592
2019-12-17T20:00:00Z,6617.267509259259
2019-12-17T21:00:00Z,6586.845583333335
2019-12-17T22:00:00Z,6564.234055555557
2019-12-17T23:00:00Z,6567.024703703704
2019-12-18T00:00:00Z,6590.525592592593
2019-12-18T01:00:00Z,6621.98687037037
2019-12-18T02:00:00Z,6660.83762037037
2019-12-18T03:00:00Z,6688.362694444444
2019-12-18T04:00:00Z,6699.248888888888
2019-12-18T05:00:00Z,6692.14412037037
2019-12-18T06:00:00Z,6666.292833333336
2019-12-18T07:00:00Z,6635.61164814815
2019-12-18T08:00:00Z,6613.352129629631
2019-12-18T09:00:00Z,6607.101166666667
2019-12-18T10:00:00Z,6617.769842592595
2019-12-18T11:00:00Z,6623.09337962963
2019-12-18T12:00:00Z,6600.21162962963
2019-12-18T13:00:00Z,6603.537425925926
2019-12-18T14:00:00Z,6633.2396666666655
2019-12-18T15:00:00Z,6714.953287037036
2019-12-18T16:00:00Z,6817.289648148148
2019-12-18T17:00:00Z,6894.432648148148
2019-12-18T18:00:00Z,6930.827537037037
2019-12-18T19:00:00Z,6958.503250000001
2019-12-18T20:00:00Z,7027.084712962963
2019-12-18T21:00:00Z,7109.568703703705
2019-12-18T22:00:00Z,7269.290277777781
2019-12-18T23:00:00Z,7377.678851851852
2019-12-19T00:00:00Z,7409.839388888887
2019-12-19T01:00:00Z,7351.3677777777775
2019-12-19T02:00:00Z,7254.74512037037
2019-12-19T03:00:00Z,7179.9482592592585
2019-12-19T04:00:00Z,7134.258657407408
2019-12-19T05:00:00Z,7121.9780833333325
2019-12-19T06:00:00Z,7117.955194444444
2019-12-19T07:00:00Z,7107.014796296296
2019-12-19T08:00:00Z,7087.962490740741
2019-12-19T09:00:00Z,7080.127268518518
2019-12-19T10:00:00Z,7094.954537037036
2019-12-19T11:00:00Z,7120.522
2019-12-19T12:00:00Z,7154.828231481479
2019-12-19T13:00:00Z,7151.568722222221
2019-12-19T14:00:00Z,7135.344333333332
2019-12-19T15:00:00Z,7123.262194444444
2019-12-19T16:00:00Z,7121.257314814812
2019-12-19T17:00:00Z,7125.200629629629
2019-12-19T18:00:00Z,7136.514416666666
2019-12-19T19:00:00Z,7155.004277777775
2019-12-19T20:00:00Z,7164.863601851851
2019-12-19T21:00:00Z,7167.4103703703695
2019-12-19T22:00:00Z,7163.43787037037
2019-12-19T23:00:00Z,7157.352972222222
2019-12-20T00:00:00Z,7146.398833333333
2019-12-20T01:00:00Z,7127.126277777778
2019-12-20T02:00:00Z,7113.185916666666
2019-12-20T03:00:00Z,7108.509500000001
2019-12-20T04:00:00Z,7110.83287037037
2019-12-20T05:00:00Z,7105.338333333333
2019-12-20T06:00:00Z,7100.368000000002
2019-12-20T07:00:00Z,7108.413759259261
2019-12-20T08:00:00Z,7120.227870370373
2019-12-20T09:00:00Z,7131.250629629631
2019-12-20T10:00:00Z,7139.065
2019-12-20T11:00:00Z,7143.99274074074
2019-12-20T12:00:00Z,7159.185787037037
2019-12-20T13:00:00Z,7176.089296296294
2019-12-20T14:00:00Z,7194.591935185185
2019-12-20T15:00:00Z,7193.218611111111
2019-12-20T16:00:00Z,7182.334620370372
2019-12-20T17:00:00Z,7173.4132314814815
2019-12-20T18:00:00Z,7175.138925925926
2019-12-20T19:00:00Z,7183.561851851852
2019-12-20T20:00:00Z,7197.097953703705
2019-12-20T21:00:00Z,7204.919759259258
2019-12-20T22:00:00Z,7204.0086296296295
2019-12-20T23:00:00Z,7198.928944444444
2019-12-21T00:00:00Z,7187.734120370369
2019-12-21T01:00:00Z,7173.467064814814
2019-12-21T02:00:00Z,7165.974861111111
2019-12-21T03:00:00Z,7161.633990740741
2019-12-21T04:00:00Z,7157.3019537037035
2019-12-21T05:00:00Z,7155.831574074073
2019-12-21T06:00:00Z,7151.082324074073
2019-12-21T07:00:00Z,7143.4846759259235
2019-12-21T08:00:00Z,7138.009731481482
2019-12-21T09:00:00Z,7128.744046296299
2019-12-21T10:00:00Z,7125.975722222222
2019-12-21T11:00:00Z,7132.151351851852
2019-12-21T12:00:00Z,7141.183231481483
2019-12-21T13:00:00Z,7143.147833333333
2019-12-21T14:00:00Z,7139.692398148149
2019-12-21T15:00:00Z,7136.7910648148145
2019-12-21T16:00:00Z,7137.535805555555
2019-12-21T17:00:00Z,7143.159796296296
2019-12-21T18:00:00Z,7149.298925925927
2019-12-21T19:00:00Z,7152.406416666668
2019-12-21T20:00:00Z,7154.004953703702
2019-12-21T21:00:00Z,7149.430962962964
2019-12-21T22:00:00Z,7144.797314814815
2019-12-21T23:00:00Z,7141.60862962963
2019-12-22T00:00:00Z,7138.76261111111
2019-12-22T01:00:00Z,7139.696249999998
2019-12-22T02:00:00Z,7141.9463611111105
2019-12-22T03:00:00Z,7142.396712962963
2019-12-22T04:00:00Z,7142.155805555555
2019-12-22T05:00:00Z,7139.015481481481
2019-12-22T06:00:00Z,7134.947416666666
2019-12-22T07:00:00Z,7147.736629629629
2019-12-22T08:00:00Z,7161.162851851851
2019-12-22T09:00:00Z,7171.734231481481
2019-12-22T10:00:00Z,7176.638675925926
2019-12-22T11:00:00Z,7173.4532222222215
2019-12-22T12:00:00Z,7171.266879629628
2019-12-22T13:00:00Z,7169.388351851851
2019-12-22T14:00:00Z,7168.716638888888
2019-12-22T15:00:00Z,7173.728740740741
2019-12-22T16:00:00Z,7192.847037037038
2019-12-22T17:00:00Z,7242.13275925926
2019-12-22T18:00:00Z,7320.911777777778
2019-12-22T19:00:00Z,7397.4440185185185
2019-12-22T20:00:00Z,7451.179157407409
2019-12-22T21:00:00Z,7467.836222222223
2019-12-22T22:00:00Z,7458.996925925926
2019-12-22T23:00:00Z,7471.999592592593
2019-12-23T00:00:00Z,7512.419175925924
2019-12-23T01:00:00Z,7576.571018518517
2019-12-23T02:00:00Z,7617.658583333333
2019-12-23T03:00:00Z,7636.67325925926
2019-12-23T04:00:00Z,7626.6937685185185
2019-12-23T05:00:00Z,7600.602898148148
2019-12-23T06:00:00Z,7552.167787037038
2019-12-23T07:00:00Z,7510.0870092592595
2019-12-23T08:00:00Z,7494.0592685185175
2019-12-23T09:00:00Z,7500.752814814813
2019-12-23T10:00:00Z,7515.272546296296
2019-12-23T11:00:00Z,7533.750462962963
2019-12-23T12:00:00Z,7550.917814814816
2019-12-23T13:00:00Z,7551.791666666665
2019-12-23T14:00:00Z,7558.823638888887
2019-12-23T15:00:00Z,7570.891277777777
2019-12-23T16:00:00Z,7565.56449074074
2019-12-23T17:00:00Z,7511.841537037038
2019-12-23T18:00:00Z,7439.3128425925925
2019-12-23T19:00:00Z,7390.681518518519
2019-12-23T20:00:00Z,7369.075518518518
2019-12-23T21:00:00Z,7344.434879629628
2019-12-23T22:00:00Z,7310.18023148148
2019-12-23T23:00:00Z,7284.587398148146
2019-12-24T00:00:00Z,7272.185037037038
2019-12-24T01:00:00Z,7275.207527777779
2019-12-24T02:00:00Z,7288.998120370369
2019-12-24T03:00:00Z,7300.552296296296
2019-12-24T04:00:00Z,7307.632851851852
2019-12-24T05:00:00Z,7315.4317037037035
2019-12-24T06:00:00Z,7321.398444444446
2019-12-24T07:00:00Z,7304.985805555557
2019-12-24T08:00:00Z,7306.419759259261
2019-12-24T09:00:00Z,7323.160648148148
2019-12-24T10:00:00Z,7356.018231481481
2019-12-24T11:00:00Z,7380.220537037038
2019-12-24T12:00:00Z,7383.914731481481
2019-12-24T13:00:00Z,7381.007287037036
2019-12-24T14:00:00Z,7368.196888888888
2019-12-24T15:00:00Z,7332.493935185185
2019-12-24T16:00:00Z,7297.589935185184
2019-12-24T17:00:00Z,7253.163037037037
2019-12-24T18:00:00Z,7211.2416203703715
2019-12-24T19:00:00Z,7193.931583333334
2019-12-24T20:00:00Z,7189.8829537037045
2019-12-24T21:00:00Z,7204.532740740742
2019-12-24T22:00:00Z,7221.785990740741
2019-12-24T23:00:00Z,7239.687092592591
2019-12-25T00:00:00Z,7244.805379629627
2019-12-25T01:00:00Z,7245.1651018518505
2019-12-25T02:00:00Z,7240.451712962963
2019-12-25T03:00:00Z,7233.719203703705
2019-12-25T04:00:00Z,7232.365787037038
2019-12-25T05:00:00Z,7230.806083333334
2019-12-25T06:00:00Z,7229.479314814816
2019-12-25T07:00:00Z,7233.238657407407
2019-12-25T08:00:00Z,7239.643499999999
2019-12-25T09:00:00Z,7239.468287037035
2019-12-25T10:00:00Z,7233.661722222222
2019-12-25T11:00:00Z,7220.788666666666
2019-12-25T12:00:00Z,7212.791861111112
2019-12-25T13:00:00Z,7199.498787037036
2019-12-25T14:00:00Z,7186.936120370369
2019-12-25T15:00:00Z,7176.193740740741
2019-12-25T16:00:00Z,7156.376074074075
2019-12-25T17:00:00Z,7142.944666666667
2019-12-25T18:00:00Z,7139.696444444443
2019-12-25T19:00:00Z,7164.57323148148
2019-12-25T20:00:00Z,7202.65699074074
2019-12-25T21:00:00Z,7227.474166666666
2019-12-25T22:00:00Z,7233.599203703703
2019-12-25T23:00:00Z,7221.626666666666
2019-12-26T00:00:00Z,7203.29376851852
2019-12-26T01:00:00Z,7191.35813888889
2019-12-26T02:00:00Z,7186.268925925925
2019-12-26T03:00:00Z,7181.919620370371
2019-12-26T04:00:00Z,7176.251064814814
2019-12-26T05:00:00Z,7170.443583333334
2019-12-26T06:00:00Z,7174.246074074074
2019-12-26T07:00:00Z,7184.271712962963
2019-12-26T08:00:00Z,7200.264796296296
2019-12-26T09:00:00Z,7210.402777777778
2019-12-26T10:00:00Z,7213.746666666666
2019-12-26T11:00:00Z,7204.249490740741
2019-12-26T12:00:00Z,7197.604037037036
2019-12-26T13:00:00Z,7195.247842592591
2019-12-26T14:00:00Z,7199.58546296296
2019-12-26T15:00:00Z,7210.6899722222215
2019-12-26T16:00:00Z,7251.991490740739
2019-12-26T17:00:00Z,7311.328444444444
2019-12-26T18:00:00Z,7363.44837962963
2019-12-26T19:00:00Z,7372.677148148148
2019-12-26T20:00:00Z,7335.336888888888
2019-12-26T21:00:00Z,7266.608064814813
2019-12-26T22:00:00Z,7203.763314814813
2019-12-26T23:00:00Z,7167.018342592593
2019-12-27T00:00:00Z,7157.936555555556
2019-12-27T01:00:00Z,7166.312416666665
2019-12-27T02:00:00Z,7181.646351851851
2019-12-27T03:00:00Z,7196.717231481482
2019-12-27T04:00:00Z,7198.69775925926
2019-12-27T05:00:00Z,7195.788842592592
2019-12-27T06:00:00Z,7188.919462962961
2019-12-27T07:00:00Z,7176.255805555554
2019-12-27T08:00:00Z,7168.868833333333
2019-12-27T09:00:00Z,7162.4534537037025
2019-12-27T10:00:00Z,7161.076898148148
2019-12-27T11:00:00Z,7143.301157407407
2019-12-27T12:00:00Z,7148.601148148147
2019-12-27T13:00:00Z,7158.995453703705
2019-12-27T14:00:00Z,7174.204833333334
2019-12-27T15:00:00Z,7197.14023148148
2019-12-27T16:00:00Z,7206.275148148146
2019-12-27T17:00:00Z,7206.258499999999
2019-12-27T18:00:00Z,7205.206574074074
2019-12-27T19:00:00Z,7204.374546296295
2019-12-27T20:00:00Z,7208.0193333333345
2019-12-27T21:00:00Z,7214.620583333334
2019-12-27T22:00:00Z,7223.834953703704
2019-12-27T23:00:00Z,7236.192175925925
2019-12-28T00:00:00Z,7263.827916666666
2019-12-28T01:00:00Z,7292.886805555555
2019-12-28T02:00:00Z,7310.667259259259
2019-12-28T03:00:00Z,7310.535675925926
2019-12-28T04:00:00Z,7303.909287037037
2019-12-28T05:00:00Z,7303.29760185185
2019-12-28T06:00:00Z,7301.567157407407
2019-12-28T07:00:00Z,7298.21336111111
2019-12-28T08:00:00Z,7290.71900925926
2019-12-28T09:00:00Z,7285.912194444446
2019-12-28T10:00:00Z,7288.984472222223
2019-12-28T11:00:00Z,7292.33150925926
2019-12-28T12:00:00Z,7292.941851851851
2019-12-28T13:00:00Z,7289.929268518518
2019-12-28T14:00:00Z,7292.745194444445
2019-12-28T15:00:00Z,7296.275740740741
2019-12-28T16:00:00Z,7303.58888888889
2019-12-28T17:00:00Z,7315.119675925928
2019-12-28T18:00:00Z,7324.270250000001
2019-12-28T19:00:00Z,7330.860805555557
2019-12-28T20:00:00Z,7332.635583333334
2019-12-28T21:00:00Z,7328.147944444444
2019-12-28T22:00:00Z,7319.040592592592
2019-12-28T23:00:00Z,7308.001777777776
2019-12-29T00:00:00Z,7298.14409259259
2019-12-29T01:00:00Z,7287.9089166666645
2019-12-29T02:00:00Z,7283.7117407407395
2019-12-29T03:00:00Z,7284.088074074073
2019-12-29T04:00:00Z,7286.150648148148
2019-12-29T05:00:00Z,7293.4009351851855
2019-12-29T06:00:00Z,7301.93774074074
2019-12-29T07:00:00Z,7308.002537037038
2019-12-29T08:00:00Z,7321.8048333333345
2019-12-29T09:00:00Z,7322.180462962965
2019-12-29T10:00:00Z,7318.061444444446
2019-12-29T11:00:00Z,7316.953453703706
2019-12-29T12:00:00Z,7325.366425925927
2019-12-29T13:00:00Z,7350.590675925928
2019-12-29T14:00:00Z,7375.754703703705
2019-12-29T15:00:00Z,7393.136407407409
2019-12-29T16:00:00Z,7402.308925925926
2019-12-29T17:00:00Z,7405.959175925927
2019-12-29T18:00:00Z,7412.909694444444
2019-12-29T19:00:00Z,7433.37362962963
2019-12-29T20:00:00Z,7434.099675925926
2019-12-29T21:00:00Z,7420.684416666666
2019-12-29T22:00:00Z,7401.207259259259
2019-12-29T23:00:00Z,7385.98512962963
2019-12-30T00:00:00Z,7364.216796296297
2019-12-30T01:00:00Z,7344.469935185185
2019-12-30T02:00:00Z,7333.216907407407
2019-12-30T03:00:00Z,7328.1430925925915
2019-12-30T04:00:00Z,7336.6771944444445
2019-12-30T05:00:00Z,7348.998851851852
2019-12-30T06:00:00Z,7359.940027777779
2019-12-30T07:00:00Z,7366.058601851852
2019-12-30T08:00:00Z,7363.471129629629
2019-12-30T09:00:00Z,7346.357759259258
2019-12-30T10:00:00Z,7317.978527777777
2019-12-30T11:00:00Z,7294.079814814813
2019-12-30T12:00:00Z,7278.083074074071
2019-12-30T13:00:00Z,7276.326166666666
2019-12-30T14:00:00Z,7278.113740740741
2019-12-30T15:00:00Z,7265.888305555557
2019-12-30T16:00:00Z,7246.253046296297
2019-12-30T17:00:00Z,7229.639916666667
2019-12-30T18:00:00Z,7218.511398148149
2019-12-30T19:00:00Z,7210.548759259261
2019-12-30T20:00:00Z,7215.519
2019-12-30T21:00:00Z,7226.055657407407
2019-12-30T22:00:00Z,7241.153805555555
2019-12-30T23:00:00Z,7241.903925925926
2019-12-31T00:00:00Z,7235.679148148149
2019-12-31T01:00:00Z,7231.2148611111115
2019-12-31T02:00:00Z,7225.130416666667
2019-12-31T03:00:00Z,7218.999564814815
2019-12-31T04:00:00Z,7214.518833333332
2019-12-31T05:00:00Z,7219.369805555555
2019-12-31T06:00:00Z,7224.970435185186
2019-12-31T07:00:00Z,7229.963694444443
2019-12-31T08:00:00Z,7225.292092592594
2019-12-31T09:00:00Z,7216.05037962963
2019-12-31T10:00:00Z,7211.592712962964
2019-12-31T11:00:00Z,7212.910203703704
2019-12-31T12:00:00Z,7219.486314814814
2019-12-31T13:00:00Z,7223.712175925924
2019-12-31T14:00:00Z,7221.844592592592
2019-12-31T15:00:00Z,7204.909768518519
2019-12-31T16:00:00Z,7188.898240740742
2019-12-31T17:00:00Z,7163.765194444445
2019-12-31T18:00:00Z,7142.258314814814
2019-12-31T19:00:00Z,7130.706814814813
2019-12-31T20:00:00Z,7128.38373148148
2019-12-31T21:00:00Z,7136.531212962963
2019-12-31T22:00:00Z,7151.858148148149
2019-12-31T23:00:00Z,7164.841398148147
2020-01-01T00:00:00Z,7167.36774074074
2020-01-01T01:00:00Z,7174.915037037036
2020-01-01T02:00:00Z,7192.697527777777
2020-01-01T03:00:00Z,7207.527055555555
2020-01-01T04:00:00Z,7211.761944444443
2020-01-01T05:00:00Z,7207.8781759259255
2020-01-01T06:00:00Z,7203.619750000001
2020-01-01T07:00:00Z,7197.867407407408
2020-01-01T08:00:00Z,7189.619722222223
2020-01-01T09:00:00Z,7178.712759259259
2020-01-01T10:00:00Z,7172.792648148148
2020-01-01T11:00:00Z,7171.234601851851
2020-01-01T12:00:00Z,7180.614592592592
2020-01-01T13:00:00Z,7191.630629629629
2020-01-01T14:00:00Z,7200.119379629628
2020-01-01T15:00:00Z,7208.161324074074
2020-01-01T16:00:00Z,7217.309768518519
2020-01-01T17:00:00Z,7223.972407407407
2020-01-01T18:00:00Z,7227.144546296296
2020-01-01T19:00:00Z,7223.5171481481475
2020-01-01T20:00:00Z,7218.668648148147
2020-01-01T21:00:00Z,7215.205666666666
2020-01-01T22:00:00Z,7201.399657407407
2020-01-01T23:00:00Z,7185.148231481481
2020-01-02T00:00:00Z,7173.817777777779
2020-01-02T01:00:00Z,7165.318148148149
2020-01-02T02:00:00Z,7153.586212962964
2020-01-02T03:00:00Z,7129.0713703703705
2020-01-02T04:00:00Z,7107.826407407408
2020-01-02T05:00:00Z,7094.448620370371
2020-01-02T06:00:00Z,7089.979083333332
2020-01-02T07:00:00Z,7084.085083333334
2020-01-02T08:00:00Z,7090.249231481481
2020-01-02T09:00:00Z,7105.674935185186
2020-01-02T10:00:00Z,7125.181092592592
2020-01-02T11:00:00Z,7134.647842592592
2020-01-02T12:00:00Z,7137.607027777779
2020-01-02T13:00:00Z,7129.770870370371
2020-01-02T14:00:00Z,7121.757555555556
2020-01-02T15:00:00Z,7114.81739814815
2020-01-02T16:00:00Z,7084.802148148149
2020-01-02T17:00:00Z,7024.130712962964
2020-01-02T18:00:00Z,6962.8834351851865
2020-01-02T19:00:00Z,6925.686453703706
2020-01-02T20:00:00Z,6907.258111111111
2020-01-02T21:00:00Z,6912.348453703704
2020-01-02T22:00:00Z,6924.68024074074
2020-01-02T23:00:00Z,6935.62235185185
2020-01-03T00:00:00Z,6935.246166666667
2020-01-03T01:00:00Z,6911.898574074073
2020-01-03T02:00:00Z,6902.851824074074
2020-01-03T03:00:00Z,6906.4506574074085
2020-01-03T04:00:00Z,6998.513185185185
2020-01-03T05:00:00Z,7119.9596388888895
2020-01-03T06:00:00Z,7219.712305555556
2020-01-03T07:00:00Z,7266.44162962963
2020-01-03T08:00:00Z,7281.688990740742
2020-01-03T09:00:00Z,7309.797648148149
2020-01-03T10:00:00Z,7332.628222222223
2020-01-03T11:00:00Z,7353.245824074074
2020-01-03T12:00:00Z,7354.955916666666
2020-01-03T13:00:00Z,7354.0630555555545
2020-01-03T14:00:00Z,7325.132277777778
2020-01-03T15:00:00Z,7305.792620370368
2020-01-03T16:00:00Z,7320.108453703703
2020-01-03T17:00:00Z,7344.527398148147
2020-01-03T18:00:00Z,7361.565981481483
2020-01-03T19:00:00Z,7358.944777777778
2020-01-03T20:00:00Z,7340.0055833333345
2020-01-03T21:00:00Z,7306.856749999999
2020-01-03T22:00:00Z,7284.566416666666
2020-01-03T23:00:00Z,7287.056546296296
2020-01-04T00:00:00Z,7296.22275
2020-01-04T01:00:00Z,7305.090203703704
2020-01-04T02:00:00Z,7311.717407407406
2020-01-04T03:00:00Z,7318.63887962963
2020-01-04T04:00:00Z,7325.468638888889
2020-01-04T05:00:00Z,7332.340879629631
2020-01-04T06:00:00Z,7340.765731481482
2020-01-04T07:00:00Z,7346.30263888889
2020-01-04T08:00:00Z,7349.001416666669
2020-01-04T09:00:00Z,7351.124833333334
2020-01-04T10:00:00Z,7338.499462962963
2020-01-04T11:00:00Z,7326.017453703702
2020-01-04T12:00:00Z,7309.968944444442
2020-01-04T13:00:00Z,7294.314555555553
2020-01-04T14:00:00Z,7288.027444444444
2020-01-04T15:00:00Z,7289.671694444444
2020-01-04T16:00:00Z,7292.905740740741
2020-01-04T17:00:00Z,7308.132037037038
2020-01-04T18:00:00Z,7311.568648148149
2020-01-04T19:00:00Z,7315.396240740739
2020-01-04T20:00:00Z,7320.123324074074
2020-01-04T21:00:00Z,7330.198398148149
2020-01-04T22:00:00Z,7342.083777777779
2020-01-04T23:00:00Z,7351.418972222222
2020-01-05T00:00:00Z,7361.811148148147
2020-01-05T01:00:00Z,7395.001537037037
2020-01-05T02:00:00Z,7431.229092592592
2020-01-05T03:00:00Z,7467.496388888889
2020-01-05T04:00:00Z,7483.863574074075
2020-01-05T05:00:00Z,7484.294499999999
2020-01-05T06:00:00Z,7477.7245092592575
2020-01-05T07:00:00Z,7471.645583333332
2020-01-05T08:00:00Z,7456.993574074073
2020-01-05T09:00:00Z,7439.183796296296
2020-01-05T10:00:00Z,7421.407055555556
2020-01-05T11:00:00Z,7411.763935185186
2020-01-05T12:00:00Z,7420.624009259259
2020-01-05T13:00:00Z,7430.202499999999
2020-01-05T14:00:00Z,7436.80462037037
2020-01-05T15:00:00Z,7445.607981481483
2020-01-05T16:00:00Z,7453.273851851853
2020-01-05T17:00:00Z,7461.283990740742
2020-01-05T18:00:00Z,7456.968388888889
2020-01-05T19:00:00Z,7447.82463888889
2020-01-05T20:00:00Z,7435.994296296297
2020-01-05T21:00:00Z,7407.32262962963
2020-01-05T22:00:00Z,7371.294731481481
2020-01-05T23:00:00Z,7341.893851851852
2020-01-06T00:00:00Z,7334.174212962963
2020-01-06T01:00:00Z,7355.527055555554
2020-01-06T02:00:00Z,7426.056833333333
2020-01-06T03:00:00Z,7504.114546296299
2020-01-06T04:00:00Z,7558.628037037037
2020-01-06T05:00:00Z,7576.681037037037
2020-01-06T06:00:00Z,7563.474333333333
2020-01-06T07:00:00Z,7539.687925925925
2020-01-06T08:00:00Z,7529.9579351851835
2020-01-06T09:00:00Z,7532.3961759259255
2020-01-06T10:00:00Z,7544.6556296296285
2020-01-06T11:00:00Z,7549.677166666667
2020-01-06T12:00:00Z,7552.766805555558
2020-01-06T13:00:00Z,7544.85562037037
2020-01-06T14:00:00Z,7539.255166666667
2020-01-06T15:00:00Z,7529.601962962962
2020-01-06T16:00:00Z,7522.987277777777
2020-01-06T17:00:00Z,7527.913166666668
2020-01-06T18:00:00Z,7531.179444444446
2020-01-06T19:00:00Z,7534.953046296297
2020-01-06T20:00:00Z,7539.329064814817
2020-01-06T21:00:00Z,7552.208657407408
2020-01-06T22:00:00Z,7609.970231481483
2020-01-06T23:00:00Z,7693.964435185185
2020-01-07T00:00:00Z,7807.27860185185
2020-01-07T01:00:00Z,7908.057796296295
2020-01-07T02:00:00Z,7966.756574074073
2020-01-07T03:00:00Z,7980.9016203703695
2020-01-07T04:00:00Z,7949.314481481481
2020-01-07T05:00:00Z,7912.376944444445
2020-01-07T06:00:00Z,7884.027703703704
2020-01-07T07:00:00Z,7872.91588888889
2020-01-07T08:00:00Z,7873.440592592594
2020-01-07T09:00:00Z,7870.788324074075
2020-01-07T10:00:00Z,7873.152101851853
2020-01-07T11:00:00Z,7879.998222222222
2020-01-07T12:00:00Z,7881.361407407407
2020-01-07T13:00:00Z,7872.698231481481
2020-01-07T14:00:00Z,7858.508805555556
2020-01-07T15:00:00Z,7821.48062962963
2020-01-07T16:00:00Z,7826.846555555555
2020-01-07T17:00:00Z,7865.564842592591
2020-01-07T18:00:00Z,7947.581675925926
2020-01-07T19:00:00Z,8039.278222222223
2020-01-07T20:00:00Z,8132.150009259259
2020-01-07T21:00:00Z,8154.762212962963
2020-01-07T22:00:00Z,8133.234185185184
2020-01-07T23:00:00Z,8125.476685185185
2020-01-08T00:00:00Z,8223.951898148145
2020-01-08T01:00:00Z,8347.490407407406
2020-01-08T02:00:00Z,8412.470537037036
2020-01-08T03:00:00Z,8410.354842592593
2020-01-08T04:00:00Z,8380.913916666666
2020-01-08T05:00:00Z,8357.855453703703
2020-01-08T06:00:00Z,8348.770777777778
2020-01-08T07:00:00Z,8334.109907407406
2020-01-08T08:00:00Z,8319.605222222222
2020-01-08T09:00:00Z,8305.32861111111
2020-01-08T10:00:00Z,8306.911675925927
2020-01-08T11:00:00Z,8317.969027777779
2020-01-08T12:00:00Z,8314.435861111111
2020-01-08T13:00:00Z,8332.277268518517
2020-01-08T14:00:00Z,8333.870166666666
2020-01-08T15:00:00Z,8326.430972222222
2020-01-08T16:00:00Z,8256.154055555555
2020-01-08T17:00:00Z,8154.886064814816
2020-01-08T18:00:00Z,8057.765870370371
2020-01-08T19:00:00Z,7973.140657407409
2020-01-08T20:00:00Z,7945.89226851852
2020-01-08T21:00:00Z,7944.743222222222
2020-01-08T22:00:00Z,7979.3427037037045
2020-01-08T23:00:00Z,8015.017444444445
2020-01-09T00:00:00Z,8012.670935185185
2020-01-09T01:00:00Z,7998.5256759259255
2020-01-09T02:00:00Z,7977.598287037038
2020-01-09T03:00:00Z,7957.076722222224
2020-01-09T04:00:00Z,7948.369953703706
2020-01-09T05:00:00Z,7939.54052777778
2020-01-09T06:00:00Z,7925.777546296297
2020-01-09T07:00:00Z,7921.384027777778
2020-01-09T08:00:00Z,7921.355277777778
2020-01-09T09:00:00Z,7906.110685185185
2020-01-09T10:00:00Z,7887.925287037037
2020-01-09T11:00:00Z,7869.141407407408
2020-01-09T12:00:00Z,7865.510888888889
2020-01-09T13:00:00Z,7872.3216111111105
2020-01-09T14:00:00Z,7879.127212962962
2020-01-09T15:00:00Z,7888.210546296296
2020-01-09T16:00:00Z,7871.884962962962
2020-01-09T17:00:00Z,7836.29589814815
2020-01-09T18:00:00Z,7803.915712962965
2020-01-09T19:00:00Z,7818.244685185188
2020-01-09T20:00:00Z,7831.5872314814815
2020-01-09T21:00:00Z,7827.352037037036
2020-01-09T22:00:00Z,7811.435287037038
2020-01-09T23:00:00Z,7798.405101851851
2020-01-10T00:00:00Z,7798.643592592592
2020-01-10T01:00:00Z,7800.0754259259265
2020-01-10T02:00:00Z,7797.611212962963
2020-01-10T03:00:00Z,7795.79098148148
2020-01-10T04:00:00Z,7791.874888888888
2020-01-10T05:00:00Z,7773.360574074072
2020-01-10T06:00:00Z,7749.098277777778
2020-01-10T07:00:00Z,7729.118157407407
2020-01-10T08:00:00Z,7708.209351851852
2020-01-10T09:00:00Z,7698.914759259257
2020-01-10T10:00:00Z,7711.1670092592585
2020-01-10T11:00:00Z,7754.262037037036
2020-01-10T12:00:00Z,7821.244555555556
2020-01-10T13:00:00Z,7875.69937962963
2020-01-10T14:00:00Z,7935.731250000002
2020-01-10T15:00:00Z,8008.391425925926
2020-01-10T16:00:00Z,8038.657064814816
2020-01-10T17:00:00Z,8036.497166666668
2020-01-10T18:00:00Z,8027.446046296296
2020-01-10T19:00:00Z,8037.2361481481485
2020-01-10T20:00:00Z,8063.341222222222
2020-01-10T21:00:00Z,8078.751018518519
2020-01-10T22:00:00Z,8091.676694444445
2020-01-10T23:00:00Z,8130.105194444445
2020-01-11T00:00:00Z,8169.461425925925
2020-01-11T01:00:00Z,8208.90023148148
2020-01-11T02:00:00Z,8231.246564814815
2020-01-11T03:00:00Z,8223.32291666667
2020-01-11T04:00:00Z,8188.222592592593
2020-01-11T05:00:00Z,8136.0522037037035
2020-01-11T06:00:00Z,8100.077055555556
2020-01-11T07:00:00Z,8073.891666666667
2020-01-11T08:00:00Z,8055.899111111111
2020-01-11T09:00:00Z,8060.835138888889
2020-01-11T10:00:00Z,8059.530064814816
2020-01-11T11:00:00Z,8051.159842592592
2020-01-11T12:00:00Z,8042.839666666667
2020-01-11T13:00:00Z,8047.846657407408
2020-01-11T14:00:00Z,8053.087148148149
2020-01-11T15:00:00Z,8068.048305555556
2020-01-11T16:00:00Z,8103.9307314814805
2020-01-11T17:00:00Z,8142.132305555556
2020-01-11T18:00:00Z,8172.207712962964
2020-01-11T19:00:00Z,8181.79624074074
2020-01-11T20:00:00Z,8179.144435185185
2020-01-11T21:00:00Z,8155.710675925926
2020-01-11T22:00:00Z,8118.372796296295
2020-01-11T23:00:00Z,8066.742444444444
2020-01-12T00:00:00Z,8033.793324074072
2020-01-12T01:00:00Z,8023.772833333332
2020-01-12T02:00:00Z,8039.196777777776
2020-01-12T03:00:00Z,8062.744074074074
2020-01-12T04:00:00Z,8076.516731481483
2020-01-12T05:00:00Z,8088.861472222223
2020-01-12T06:00:00Z,8091.667731481481
2020-01-12T07:00:00Z,8094.871916666666
2020-01-12T08:00:00Z,8109.727749999998
2020-01-12T09:00:00Z,8125.29474074074
2020-01-12T10:00:00Z,8135.141055555556
2020-01-12T11:00:00Z,8131.170601851852
2020-01-12T12:00:00Z,8128.345416666667
2020-01-12T13:00:00Z,8137.20185185185
2020-01-12T14:00:00Z,8143.831768518515
2020-01-12T15:00:00Z,8149.816305555553
2020-01-12T16:00:00Z,8137.287833333333
2020-01-12T17:00:00Z,8115.926222222224
2020-01-12T18:00:00Z,8102.2082314814825
2020-01-12T19:00:00Z,8101.204092592591
2020-01-12T20:00:00Z,8113.80786111111
2020-01-12T21:00:00Z,8116.485324074074
2020-01-12T22:00:00Z,8126.902648148149
2020-01-12T23:00:00Z,8147.017675925927
2020-01-13T00:00:00Z,8160.222129629629
2020-01-13T01:00:00Z,8164.334194444445
2020-01-13T02:00:00Z,8146.889537037037
2020-01-13T03:00:00Z,8120.888425925926
2020-01-13T04:00:00Z,8101.802555555555
2020-01-13T05:00:00Z,8086.142
2020-01-13T06:00:00Z,8066.928564814813
2020-01-13T07:00:00Z,8053.301768518519
2020-01-13T08:00:00Z,8062.184592592593
2020-01-13T09:00:00Z,8079.910092592593
2020-01-13T10:00:00Z,8099.630138888889
2020-01-13T11:00:00Z,8101.079046296297
2020-01-13T12:00:00Z,8093.49499074074
2020-01-13T13:00:00Z,8081.506425925924
2020-01-13T14:00:00Z,8075.338629629628
2020-01-13T15:00:00Z,8072.735768518517
2020-01-13T16:00:00Z,8079.234777777776
2020-01-13T17:00:00Z,8086.9276851851855
2020-01-13T18:00:00Z,8094.263388888889
2020-01-13T19:00:00Z,8101.916518518517
2020-01-13T20:00:00Z,8120.9404537037035
2020-01-13T21:00:00Z,8137.0905462962955
2020-01-13T22:00:00Z,8141.971148148147
2020-01-13T23:00:00Z,8132.866583333332
2020-01-14T00:00:00Z,8167.1717129629615
2020-01-14T01:00:00Z,8273.082083333333
2020-01-14T02:00:00Z,8393.311787037037
2020-01-14T03:00:00Z,8491.811129629628
2020-01-14T04:00:00Z,8554.660935185186
2020-01-14T05:00:00Z,8569.093518518517
2020-01-14T06:00:00Z,8564.047648148147
2020-01-14T07:00:00Z,8547.741814814815
2020-01-14T08:00:00Z,8531.222935185184
2020-01-14T09:00:00Z,8515.050388888887
2020-01-14T10:00:00Z,8509.403703703703
2020-01-14T11:00:00Z,8512.353814814815
2020-01-14T12:00:00Z,8510.036962962964
2020-01-14T13:00:00Z,8531.428814814815
2020-01-14T14:00:00Z,8594.387342592592
2020-01-14T15:00:00Z,8665.364138888888
2020-01-14T16:00:00Z,8715.304166666667
2020-01-14T17:00:00Z,8760.93350925926
2020-01-14T18:00:00Z,8792.935092592592
2020-01-14T19:00:00Z,8814.274462962963
2020-01-14T20:00:00Z,8794.075796296298
2020-01-14T21:00:00Z,8764.801388888889
2020-01-14T22:00:00Z,8742.530527777775
2020-01-14T23:00:00Z,8757.685055555552
2020-01-15T00:00:00Z,8779.31259259259
2020-01-15T01:00:00Z,8790.499166666666
2020-01-15T02:00:00Z,8798.187342592591
2020-01-15T03:00:00Z,8777.752111111111
2020-01-15T04:00:00Z,8708.454074074074
2020-01-15T05:00:00Z,8630.823379629628
2020-01-15T06:00:00Z,8590.434888888889
2020-01-15T07:00:00Z,8576.898722222222
2020-01-15T08:00:00Z,8586.623000000001
2020-01-15T09:00:00Z,8633.20899074074
2020-01-15T10:00:00Z,8704.237796296295
2020-01-15T11:00:00Z,8751.67086111111
2020-01-15T12:00:00Z,8776.784768518517
2020-01-15T13:00:00Z,8815.153555555555
2020-01-15T14:00:00Z,8848.770074074073
2020-01-15T15:00:00Z,8844.58573148148
2020-01-15T16:00:00Z,8817.57937037037
2020-01-15T17:00:00Z,8787.284333333335
2020-01-15T18:00:00Z,8758.623064814814
2020-01-15T19:00:00Z,8743.992296296296
2020-01-15T20:00:00Z,8754.49415740741
2020-01-15T21:00:00Z,8782.759666666667
2020-01-15T22:00:00Z,8821.262592592591
2020-01-15T23:00:00Z,8840.686953703702
2020-01-16T00:00:00Z,8821.951379629629
2020-01-16T01:00:00Z,8755.431416666666
2020-01-16T02:00:00Z,8677.956074074076
2020-01-16T03:00:00Z,8618.053962962964
2020-01-16T04:00:00Z,8592.30526851852
2020-01-16T05:00:00Z,8607.997379629629
2020-01-16T06:00:00Z,8644.52174074074
2020-01-16T07:00:00Z,8669.456138888887
2020-01-16T08:00:00Z,8675.116574074073
2020-01-16T09:00:00Z,8660.425768518517
2020-01-16T10:00:00Z,8644.751805555556
2020-01-16T11:00:00Z,8655.350925925928
2020-01-16T12:00:00Z,8679.818907407409
2020-01-16T13:00:00Z,8698.042203703702
2020-01-16T14:00:00Z,8696.525129629628
2020-01-16T15:00:00Z,8693.044787037035
2020-01-16T16:00:00Z,8674.056046296297
2020-01-16T17:00:00Z,8660.813388888891
2020-01-16T18:00:00Z,8655.291564814817
2020-01-16T19:00:00Z,8663.226601851851
2020-01-16T20:00:00Z,8691.21036111111
2020-01-16T21:00:00Z,8704.728564814815
2020-01-16T22:00:00Z,8713.13561111111
2020-01-16T23:00:00Z,8715.74637037037
2020-01-17T00:00:00Z,8706.947416666666
2020-01-17T01:00:00Z,8706.421166666665
2020-01-17T02:00:00Z,8715.80283333333
2020-01-17T03:00:00Z,8741.096212962962
2020-01-17T04:00:00Z,8774.99700925926
2020-01-17T05:00:00Z,8830.559490740741
2020-01-17T06:00:00Z,8873.207861111112
2020-01-17T07:00:00Z,8913.830055555554
2020-01-17T08:00:00Z,8937.927435185184
2020-01-17T09:00:00Z,8956.537768518516
2020-01-17T10:00:00Z,8957.986379629629
2020-01-17T11:00:00Z,8941.046583333331
2020-01-17T12:00:00Z,8889.281962962963
2020-01-17T13:00:00Z,8841.740722222223
2020-01-17T14:00:00Z,8793.92287037037
2020-01-17T15:00:00Z,8781.661407407408
2020-01-17T16:00:00Z,8800.724879629632
2020-01-17T17:00:00Z,8834.664722222222
2020-01-17T18:00:00Z,8875.811194444444
2020-01-17T19:00:00Z,8893.480564814816
2020-01-17T20:00:00Z,8893.777166666665
2020-01-17T21:00:00Z,8894.764935185185
2020-01-17T22:00:00Z,8906.481694444445
2020-01-17T23:00:00Z,8914.859694444445
2020-01-18T00:00:00Z,8936.415009259259
2020-01-18T01:00:00Z,8947.130027777777
2020-01-18T02:00:00Z,8944.158981481482
2020-01-18T03:00:00Z,8933.61610185185
2020-01-18T04:00:00Z,8897.559814814815
2020-01-18T05:00:00Z,8859.659425925927
2020-01-18T06:00:00Z,8835.404175925927
2020-01-18T07:00:00Z,8823.29773148148
2020-01-18T08:00:00Z,8827.606407407406
2020-01-18T09:00:00Z,8841.59996296296
2020-01-18T10:00:00Z,8860.493907407406
2020-01-18T11:00:00Z,8871.185564814814
2020-01-18T12:00:00Z,8884.098444444446
2020-01-18T13:00:00Z,8898.961648148148
2020-01-18T14:00:00Z,8912.02474074074
2020-01-18T15:00:00Z,8914.049601851852
2020-01-18T16:00:00Z,8901.764722222222
2020-01-18T17:00:00Z,8890.938481481482
2020-01-18T18:00:00Z,8878.800796296297
2020-01-18T19:00:00Z,8878.562379629628
2020-01-18T20:00:00Z,8884.512018518517
2020-01-18T21:00:00Z,8897.441027777777
2020-01-18T22:00:00Z,8918.765833333333
2020-01-18T23:00:00Z,8928.51925
2020-01-19T00:00:00Z,8946.819342592595
2020-01-19T01:00:00Z,9012.783842592593
2020-01-19T02:00:00Z,9099.580796296297
2020-01-19T03:00:00Z,9171.083157407407
2020-01-19T04:00:00Z,9201.794685185183
2020-01-19T05:00:00Z,9189.836324074075
2020-01-19T06:00:00Z,9145.681351851852
2020-01-19T07:00:00Z,9100.64
2020-01-19T08:00:00Z,9072.907814814816
2020-01-19T09:00:00Z,9055.890305555557
2020-01-19T10:00:00Z,9040.818888888889
2020-01-19T11:00:00Z,8917.757953703704
2020-01-19T12:00:00Z,8745.941472222223
2020-01-19T13:00:00Z,8593.962824074073
2020-01-19T14:00:00Z,8511.788175925925
2020-01-19T15:00:00Z,8505.719435185185
2020-01-19T16:00:00Z,8539.087222222222
2020-01-19T17:00:00Z,8584.292277777777
2020-01-19T18:00:00Z,8618.528083333333
2020-01-19T19:00:00Z,8639.205120370372
2020-01-19T20:00:00Z,8645.64963888889
2020-01-19T21:00:00Z,8668.497222222222
2020-01-19T22:00:00Z,8672.021972222223
2020-01-19T23:00:00Z,8683.411537037036
2020-01-20T00:00:00Z,8682.232268518517
2020-01-20T01:00:00Z,8668.097833333331
2020-01-20T02:00:00Z,8652.972620370369
2020-01-20T03:00:00Z,8642.990416666666
2020-01-20T04:00:00Z,8634.797101851851
2020-01-20T05:00:00Z,8637.781333333332
2020-01-20T06:00:00Z,8648.41226851852
2020-01-20T07:00:00Z,8654.250787037037
2020-01-20T08:00:00Z,8649.40289814815
2020-01-20T09:00:00Z,8642.147046296297
2020-01-20T10:00:00Z,8638.739046296296
2020-01-20T11:00:00Z,8627.507898148151
2020-01-20T12:00:00Z,8603.789398148152
2020-01-20T13:00:00Z,8583.966157407409
2020-01-20T14:00:00Z,8590.330796296297
2020-01-20T15:00:00Z,8618.877546296295
2020-01-20T16:00:00Z,8650.149398148149
2020-01-20T17:00:00Z,8660.864666666668
2020-01-20T18:00:00Z,8659.800842592593
2020-01-20T19:00:00Z,8656.52135185185
2020-01-20T20:00:00Z,8656.427527777776
2020-01-20T21:00:00Z,8662.535907407406
2020-01-20T22:00:00Z,8661.814796296296
2020-01-20T23:00:00Z,8651.27687037037
2020-01-21T00:00:00Z,8634.101268518516
2020-01-21T01:00:00Z,8623.866398148146
2020-01-21T02:00:00Z,8626.419361111111
2020-01-21T03:00:00Z,8637.843740740742
2020-01-21T04:00:00Z,8650.655203703705
2020-01-21T05:00:00Z,8654.734296296296
2020-01-21T06:00:00Z,8648.4805
2020-01-21T07:00:00Z,8634.14803703704
2020-01-21T08:00:00Z,8626.564916666668
2020-01-21T09:00:00Z,8618.831481481482
2020-01-21T10:00:00Z,8621.735472222224
2020-01-21T11:00:00Z,8628.924296296298
2020-01-21T12:00:00Z,8638.359796296296
2020-01-21T13:00:00Z,8646.924203703702
2020-01-21T14:00:00Z,8649.739833333333
2020-01-21T15:00:00Z,8646.32801851852
2020-01-21T16:00:00Z,8638.63816666667
2020-01-21T17:00:00Z,8633.758166666667
2020-01-21T18:00:00Z,8625.496296296295
2020-01-21T19:00:00Z,8586.089037037038
2020-01-21T20:00:00Z,8595.05999074074
2020-01-21T21:00:00Z,8639.206314814815
2020-01-21T22:00:00Z,8694.403601851853
2020-01-21T23:00:00Z,8735.912231481481
2020-01-22T00:00:00Z,8751.342111111111
2020-01-22T01:00:00Z,8746.322268518517
2020-01-22T02:00:00Z,8729.087037037034
2020-01-22T03:00:00Z,8711.474027777776
2020-01-22T04:00:00Z,8704.389037037037
2020-01-22T05:00:00Z,8701.585675925928
2020-01-22T06:00:00Z,8711.433962962963
2020-01-22T07:00:00Z,8718.215648148149
2020-01-22T08:00:00Z,8700.89275
2020-01-22T09:00:00Z,8676.715185185187
2020-01-22T10:00:00Z,8649.672953703704
2020-01-22T11:00:00Z,8631.453731481482
2020-01-22T12:00:00Z,8625.915490740743
2020-01-22T13:00:00Z,8620.95014814815
2020-01-22T14:00:00Z,8620.385435185186
2020-01-22T15:00:00Z,8622.281435185187
2020-01-22T16:00:00Z,8632.708296296298
2020-01-22T17:00:00Z,8647.578203703704
2020-01-22T18:00:00Z,8655.557027777777
2020-01-22T19:00:00Z,8656.142981481482
2020-01-22T20:00:00Z,8651.953287037037
2020-01-22T21:00:00Z,8645.445
2020-01-22T22:00:00Z,8638.623824074073
2020-01-22T23:00:00Z,8641.14987962963
2020-01-23T00:00:00Z,8641.607296296299
2020-01-23T01:00:00Z,8621.678648148149
2020-01-23T02:00:00Z,8592.539685185184
2020-01-23T03:00:00Z,8563.180787037036
2020-01-23T04:00:00Z,8543.777342592592
2020-01-23T05:00:00Z,8528.47073148148
2020-01-23T06:00:00Z,8510.581333333334
2020-01-23T07:00:00Z,8510.046
2020-01-23T08:00:00Z,8500.47537037037
2020-01-23T09:00:00Z,8466.762472222223
2020-01-23T10:00:00Z,8424.749324074075
2020-01-23T11:00:00Z,8385.225499999999
2020-01-23T12:00:00Z,8362.307018518519
2020-01-23T13:00:00Z,8336.264657407408
2020-01-23T14:00:00Z,8316.435592592594
2020-01-23T15:00:00Z,8304.820046296298
2020-01-23T16:00:00Z,8299.997981481481
2020-01-23T17:00:00Z,8296.08387037037
2020-01-23T18:00:00Z,8294.390583333334
2020-01-23T19:00:00Z,8306.551481481483
2020-01-23T20:00:00Z,8328.137842592592
2020-01-23T21:00:00Z,8357.994777777778
2020-01-23T22:00:00Z,8386.749249999999
2020-01-23T23:00:00Z,8403.034657407406
2020-01-24T00:00:00Z,8409.330527777778
2020-01-24T01:00:00Z,8394.544120370372
2020-01-24T02:00:00Z,8353.024055555556
2020-01-24T03:00:00Z,8314.095768518519
2020-01-24T04:00:00Z,8284.2635
2020-01-24T05:00:00Z,8275.61824074074
2020-01-24T06:00:00Z,8287.954333333333
2020-01-24T07:00:00Z,8303.173916666665
2020-01-24T08:00:00Z,8312.703879629627
2020-01-24T09:00:00Z,8294.934657407406
2020-01-24T10:00:00Z,8260.348250000003
2020-01-24T11:00:00Z,8273.784481481482
2020-01-24T12:00:00Z,8328.617074074074
2020-01-24T13:00:00Z,8404.05012037037
2020-01-24T14:00:00Z,8463.660916666666
2020-01-24T15:00:00Z,8503.587546296296
2020-01-24T16:00:00Z,8509.875694444445
2020-01-24T17:00:00Z,8500.974787037036
2020-01-24T18:00:00Z,8489.916407407409
2020-01-24T19:00:00Z,8486.525462962964
2020-01-24T20:00:00Z,8485.75964814815
2020-01-24T21:00:00Z,8490.466296296298
2020-01-24T22:00:00Z,8481.308787037038
2020-01-24T23:00:00Z,8458.705333333333
2020-01-25T00:00:00Z,8395.696416666668
2020-01-25T01:00:00Z,8317.382935185187
2020-01-25T02:00:00Z,8263.740851851851
2020-01-25T03:00:00Z,8239.354314814815
2020-01-25T04:00:00Z,8246.520685185185
2020-01-25T05:00:00Z,8266.84262037037
2020-01-25T06:00:00Z,8289.006925925923
2020-01-25T07:00:00Z,8300.368527777775
2020-01-25T08:00:00Z,8318.211583333332
2020-01-25T09:00:00Z,8329.332879629628
2020-01-25T10:00:00Z,8330.74472222222
2020-01-25T11:00:00Z,8321.71349074074
2020-01-25T12:00:00Z,8301.654148148149
2020-01-25T13:00:00Z,8290.617657407407
2020-01-25T14:00:00Z,8288.263138888888
2020-01-25T15:00:00Z,8298.64325
2020-01-25T16:00:00Z,8316.744731481482
2020-01-25T17:00:00Z,8328.805222222225
2020-01-25T18:00:00Z,8334.236805555558
2020-01-25T19:00:00Z,8338.28102777778
2020-01-25T20:00:00Z,8344.639620370372
2020-01-25T21:00:00Z,8356.947055555554
2020-01-25T22:00:00Z,8360.23550925926
2020-01-25T23:00:00Z,8352.36237037037
2020-01-26T00:00:00Z,8330.814222222221
2020-01-26T01:00:00Z,8312.909203703703
2020-01-26T02:00:00Z,8299.263972222223
2020-01-26T03:00:00Z,8304.930444444444
2020-01-26T04:00:00Z,8319.864046296296
2020-01-26T05:00:00Z,8339.382814814815
2020-01-26T06:00:00Z,8349.98287962963
2020-01-26T07:00:00Z,8358.726962962965
2020-01-26T08:00:00Z,8373.848685185187
2020-01-26T09:00:00Z,8389.322537037038
2020-01-26T10:00:00Z,8409.85859259259
2020-01-26T11:00:00Z,8435.011722222222
2020-01-26T12:00:00Z,8451.683787037036
2020-01-26T13:00:00Z,8455.998120370372
2020-01-26T14:00:00Z,8452.34740740741
2020-01-26T15:00:00Z,8442.889111111112
2020-01-26T16:00:00Z,8452.249194444446
2020-01-26T17:00:00Z,8491.974203703705
2020-01-26T18:00:00Z,8538.666092592592
2020-01-26T19:00:00Z,8569.835879629627
2020-01-26T20:00:00Z,8581.190444444443
2020-01-26T21:00:00Z,8586.471638888888
2020-01-26T22:00:00Z,8582.072046296298
2020-01-26T23:00:00Z,8585.067981481481
2020-01-27T00:00:00Z,8606.272759259258
2020-01-27T01:00:00Z,8630.112046296294
2020-01-27T02:00:00Z,8646.188148148147
2020-01-27T03:00:00Z,8654.34926851852
2020-01-27T04:00:00Z,8646.867250000001
2020-01-27T05:00:00Z,8638.252694444443
2020-01-27T06:00:00Z,8634.25714814815
2020-01-27T07:00:00Z,8634.866574074074
2020-01-27T08:00:00Z,8620.276731481481
2020-01-27T09:00:00Z,8608.81811111111
2020-01-27T10:00:00Z,8601.691037037037
2020-01-27T11:00:00Z,8630.966148148147
2020-01-27T12:00:00Z,8678.889212962964
2020-01-27T13:00:00Z,8720.831203703703
2020-01-27T14:00:00Z,8750.206648148147
2020-01-27T15:00:00Z,8766.742944444446
2020-01-27T16:00:00Z,8777.697675925927
2020-01-27T17:00:00Z,8777.580685185187
2020-01-27T18:00:00Z,8805.935333333335
2020-01-27T19:00:00Z,8856.84462037037
2020-01-27T20:00:00Z,8927.75910185185
2020-01-27T21:00:00Z,8978.663888888887
2020-01-27T22:00:00Z,8980.932583333333
2020-01-27T23:00:00Z,8954.188333333332
2020-01-28T00:00:00Z,8968.538055555555
2020-01-28T01:00:00Z,9029.483555555555
2020-01-28T02:00:00Z,9099.318666666666
2020-01-28T03:00:00Z,9141.55374074074
2020-01-28T04:00:00Z,9131.144657407405
2020-01-28T05:00:00Z,9097.759462962962
2020-01-28T06:00:00Z,9052.280712962964
2020-01-28T07:00:00Z,9023.304416666664
2020-01-28T08:00:00Z,8998.311101851852
2020-01-28T09:00:00Z,8975.65911111111
2020-01-28T10:00:00Z,8970.269314814812
2020-01-28T11:00:00Z,8994.254833333332
2020-01-28T12:00:00Z,9022.626472222224
2020-01-28T13:00:00Z,9053.933194444444
2020-01-28T14:00:00Z,9060.897953703703
2020-01-28T15:00:00Z,9047.987555555555
2020-01-28T16:00:00Z,9011.447064814818
2020-01-28T17:00:00Z,8975.544444444446
2020-01-28T18:00:00Z,8955.265509259261
2020-01-28T19:00:00Z,8957.054564814816
2020-01-28T20:00:00Z,8987.812962962964
2020-01-28T21:00:00Z,9022.195981481482
2020-01-28T22:00:00Z,9077.363194444444
2020-01-28T23:00:00Z,9205.908157407408
2020-01-29T00:00:00Z,9324.687935185186
2020-01-29T01:00:00Z,9405.136351851852
2020-01-29T02:00:00Z,9423.527037037036
2020-01-29T03:00:00Z,9405.778416666668
2020-01-29T04:00:00Z,9376.56150925926
2020-01-29T05:00:00Z,9359.548
2020-01-29T06:00:00Z,9347.565037037037
2020-01-29T07:00:00Z,9347.27387037037
2020-01-29T08:00:00Z,9357.992203703703
2020-01-29T09:00:00Z,9353.812398148148
2020-01-29T10:00:00Z,9362.233361111108
2020-01-29T11:00:00Z,9341.713648148147
2020-01-29T12:00:00Z,9307.91859259259
2020-01-29T13:00:00Z,9284.686037037036
2020-01-29T14:00:00Z,9280.678768518519
2020-01-29T15:00:00Z,9280.060361111111
2020-01-29T16:00:00Z,9296.787666666667
2020-01-29T17:00:00Z,9315.36562962963
2020-01-29T18:00:00Z,9337.76574074074
2020-01-29T19:00:00Z,9363.026046296296
2020-01-29T20:00:00Z,9381.12812037037
2020-01-29T21:00:00Z,9384.52425
2020-01-29T22:00:00Z,9368.726425925926
2020-01-29T23:00:00Z,9333.474240740741
2020-01-30T00:00:00Z,9288.415037037035
2020-01-30T01:00:00Z,9256.10312037037
2020-01-30T02:00:00Z,9231.506481481481
2020-01-30T03:00:00Z,9223.751833333334
2020-01-30T04:00:00Z,9243.742944444444
2020-01-30T05:00:00Z,9271.397462962965
2020-01-30T06:00:00Z,9297.464444444444
2020-01-30T07:00:00Z,9329.651268518519
2020-01-30T08:00:00Z,9352.424259259258
2020-01-30T09:00:00Z,9361.400574074076
2020-01-30T10:00:00Z,9351.148805555555
2020-01-30T11:00:00Z,9335.411333333333
2020-01-30T12:00:00Z,9333.583453703703
2020-01-30T13:00:00Z,9345.690851851852
2020-01-30T14:00:00Z,9353.997296296298
2020-01-30T15:00:00Z,9363.060018518518
2020-01-30T16:00:00Z,9361.620462962963
2020-01-30T17:00:00Z,9382.138194444442
2020-01-30T18:00:00Z,9427.156796296294
2020-01-30T19:00:00Z,9478.35412037037
2020-01-30T20:00:00Z,9534.3195
2020-01-30T21:00:00Z,9573.068648148148
2020-01-30T22:00:00Z,9592.868027777778
2020-01-30T23:00:00Z,9577.69313888889
2020-01-31T00:00:00Z,9533.596462962962
2020-01-31T01:00:00Z,9488.523212962964
2020-01-31T02:00:00Z,9446.38237037037
2020-01-31T03:00:00Z,9418.381648148148
2020-01-31T04:00:00Z,9395.992166666669
2020-01-31T05:00:00Z,9360.44862962963
2020-01-31T06:00:00Z,9334.599870370372
2020-01-31T07:00:00Z,9319.792768518519
2020-01-31T08:00:00Z,9323.102277777776
2020-01-31T09:00:00Z,9328.703953703704
2020-01-31T10:00:00Z,9325.124638888889
2020-01-31T11:00:00Z,9315.299583333332
2020-01-31T12:00:00Z,9291.221925925925
2020-01-31T13:00:00Z,9264.19573148148
2020-01-31T14:00:00Z,9240.775888888886
2020-01-31T15:00:00Z,9248.249222222223
2020-01-31T16:00:00Z,9260.447231481483
2020-01-31T17:00:00Z,9268.987842592594
2020-01-31T18:00:00Z,9278.23487037037
2020-01-31T19:00:00Z,9283.338407407411
2020-01-31T20:00:00Z,9293.698398148148
2020-01-31T21:00:00Z,9317.410222222223
2020-01-31T22:00:00Z,9354.360842592594
2020-01-31T23:00:00Z,9372.156675925928
2020-02-01T00:00:00Z,9381.620981481481
2020-02-01T01:00:00Z,9396.468435185185
2020-02-01T02:00:00Z,9417.366564814814
2020-02-01T03:00:00Z,9433.743351851852
2020-02-01T04:00:00Z,9431.303648148149
2020-02-01T05:00:00Z,9411.401935185184
2020-02-01T06:00:00Z,9392.691564814813
2020-02-01T07:00:00Z,9391.083925925925
2020-02-01T08:00:00Z,9388.89622222222
2020-02-01T09:00:00Z,9386.228435185185
2020-02-01T10:00:00Z,9377.485861111112
2020-02-01T11:00:00Z,9360.20327777778
2020-02-01T12:00:00Z,9330.780990740743
2020-02-01T13:00:00Z,9313.183166666668
2020-02-01T14:00:00Z,9308.536611111109
2020-02-01T15:00:00Z,9311.50975
2020-02-01T16:00:00Z,9335.516777777777
2020-02-01T17:00:00Z,9359.453333333333
2020-02-01T18:00:00Z,9378.408768518517
2020-02-01T19:00:00Z,9378.59322222222
2020-02-01T20:00:00Z,9373.119407407408
2020-02-01T21:00:00Z,9365.057796296298
2020-02-01T22:00:00Z,9362.12662962963
2020-02-01T23:00:00Z,9366.944935185187
2020-02-02T00:00:00Z,9353.274287037037
2020-02-02T01:00:00Z,9333.003240740743
2020-02-02T02:00:00Z,9294.837851851853
2020-02-02T03:00:00Z,9258.82676851852
2020-02-02T04:00:00Z,9253.910222222223
2020-02-02T05:00:00Z,9265.023157407406
2020-02-02T06:00:00Z,9300.38885185185
2020-02-02T07:00:00Z,9338.817249999998
2020-02-02T08:00:00Z,9365.56274074074
2020-02-02T09:00:00Z,9379.944055555556
2020-02-02T10:00:00Z,9396.995601851851
2020-02-02T11:00:00Z,9416.087805555555
2020-02-02T12:00:00Z,9431.465416666664
2020-02-02T13:00:00Z,9438.561833333333
2020-02-02T14:00:00Z,9443.330120370372
2020-02-02T15:00:00Z,9450.587629629632
2020-02-02T16:00:00Z,9450.66552777778
2020-02-02T17:00:00Z,9447.157990740743
2020-02-02T18:00:00Z,9443.645037037038
2020-02-02T19:00:00Z,9439.67803703704
2020-02-02T20:00:00Z,9437.788851851854
2020-02-02T21:00:00Z,9437.714194444447
2020-02-02T22:00:00Z,9420.713111111114
2020-02-02T23:00:00Z,9380.622277777778
2020-02-03T00:00:00Z,9358.11025925926
2020-02-03T01:00:00Z,9388.670574074074
2020-02-03T02:00:00Z,9407.402546296296
2020-02-03T03:00:00Z,9407.912351851854
2020-02-03T04:00:00Z,9390.173601851853
2020-02-03T05:00:00Z,9375.413601851853
2020-02-03T06:00:00Z,9373.972194444445
2020-02-03T07:00:00Z,9368.177666666668
2020-02-03T08:00:00Z,9356.865648148147
2020-02-03T09:00:00Z,9336.1374537037
2020-02-03T10:00:00Z,9311.758935185184
2020-02-03T11:00:00Z,9300.68250925926
2020-02-03T12:00:00Z,9302.612416666669
2020-02-03T13:00:00Z,9304.713527777778
2020-02-03T14:00:00Z,9313.179398148146
2020-02-03T15:00:00Z,9300.262648148147
2020-02-03T16:00:00Z,9275.17652777778
2020-02-03T17:00:00Z,9258.75840740741
2020-02-03T18:00:00Z,9261.331564814815
2020-02-03T19:00:00Z,9280.448796296298
2020-02-03T20:00:00Z,9300.003731481484
2020-02-03T21:00:00Z,9301.393296296295
2020-02-03T22:00:00Z,9289.224157407405
2020-02-03T23:00:00Z,9278.039999999999
2020-02-04T00:00:00Z,9285.761564814815
2020-02-04T01:00:00Z,9287.779564814815
2020-02-04T02:00:00Z,9287.143055555556
2020-02-04T03:00:00Z,9279.180953703702
2020-02-04T04:00:00Z,9264.92376851852
2020-02-04T05:00:00Z,9256.514333333333
2020-02-04T06:00:00Z,9249.768805555555
2020-02-04T07:00:00Z,9249.077185185184
2020-02-04T08:00:00Z,9240.221259259257
2020-02-04T09:00:00Z,9206.125685185185
2020-02-04T10:00:00Z,9168.748583333332
2020-02-04T11:00:00Z,9143.43899074074
2020-02-04T12:00:00Z,9120.291157407408
2020-02-04T13:00:00Z,9110.856555555554
2020-02-04T14:00:00Z,9108.81412037037
2020-02-04T15:00:00Z,9129.527000000002
2020-02-04T16:00:00Z,9164.119824074076
2020-02-04T17:00:00Z,9195.759074074076
2020-02-04T18:00:00Z,9203.749000000002
2020-02-04T19:00:00Z,9190.38776851852
2020-02-04T20:00:00Z,9175.071750000001
2020-02-04T21:00:00Z,9155.289101851851
2020-02-04T22:00:00Z,9150.184777777778
2020-02-04T23:00:00Z,9151.562361111113
2020-02-05T00:00:00Z,9167.010361111112
2020-02-05T01:00:00Z,9176.412185185187
2020-02-05T02:00:00Z,9185.68047222222
2020-02-05T03:00:00Z,9196.894805555554
2020-02-05T04:00:00Z,9206.791148148148
2020-02-05T05:00:00Z,9226.000037037034
2020-02-05T06:00:00Z,9242.750768518517
2020-02-05T07:00:00Z,9254.342333333332
2020-02-05T08:00:00Z,9254.733203703703
2020-02-05T09:00:00Z,9249.270287037038
2020-02-05T10:00:00Z,9282.959018518519
2020-02-05T11:00:00Z,9344.006314814817
2020-02-05T12:00:00Z,9415.833231481482
2020-02-05T13:00:00Z,9464.625638888889
2020-02-05T14:00:00Z,9484.145194444445
2020-02-05T15:00:00Z,9492.939388888888
2020-02-05T16:00:00Z,9522.843787037038
2020-02-05T17:00:00Z,9559.838935185186
2020-02-05T18:00:00Z,9624.781898148149
2020-02-05T19:00:00Z,9677.770398148148
2020-02-05T20:00:00Z,9711.65000925926
2020-02-05T21:00:00Z,9725.462462962963
2020-02-05T22:00:00Z,9705.41563888889
2020-02-05T23:00:00Z,9669.509759259257
2020-02-06T00:00:00Z,9612.32175925926
2020-02-06T01:00:00Z,9584.19413888889
2020-02-06T02:00:00Z,9567.40250925926
2020-02-06T03:00:00Z,9578.453212962964
2020-02-06T04:00:00Z,9602.28214814815
2020-02-06T05:00:00Z,9624.074740740743
2020-02-06T06:00:00Z,9641.734777777778
2020-02-06T07:00:00Z,9641.317212962966
2020-02-06T08:00:00Z,9634.509768518517
2020-02-06T09:00:00Z,9630.58337037037
2020-02-06T10:00:00Z,9638.633361111111
2020-02-06T11:00:00Z,9660.129148148151
2020-02-06T12:00:00Z,9722.413601851853
2020-02-06T13:00:00Z,9770.273740740742
2020-02-06T14:00:00Z,9814.229064814817
2020-02-06T15:00:00Z,9828.881740740742
2020-02-06T16:00:00Z,9820.510305555557
2020-02-06T17:00:00Z,9799.743685185183
2020-02-06T18:00:00Z,9773.271777777778
2020-02-06T19:00:00Z,9748.027472222222
2020-02-06T20:00:00Z,9740.656731481484
2020-02-06T21:00:00Z,9737.591333333334
2020-02-06T22:00:00Z,9717.472907407408
2020-02-06T23:00:00Z,9715.16089814815
2020-02-07T00:00:00Z,9727.563444444444
2020-02-07T01:00:00Z,9755.390564814814
2020-02-07T02:00:00Z,9780.403620370369
2020-02-07T03:00:00Z,9788.730953703702
2020-02-07T04:00:00Z,9787.85137037037
2020-02-07T05:00:00Z,9773.058462962963
2020-02-07T06:00:00Z,9762.255777777778
2020-02-07T07:00:00Z,9760.147092592591
2020-02-07T08:00:00Z,9759.15784259259
2020-02-07T09:00:00Z,9765.858453703702
2020-02-07T10:00:00Z,9779.91775
2020-02-07T11:00:00Z,9794.131805555555
2020-02-07T12:00:00Z,9787.358166666665
2020-02-07T13:00:00Z,9774.477740740738
2020-02-07T14:00:00Z,9775.145999999999
2020-02-07T15:00:00Z,9779.874148148148
2020-02-07T16:00:00Z,9784.79497222222
2020-02-07T17:00:00Z,9781.086898148147
2020-02-07T18:00:00Z,9776.424037037037
2020-02-07T19:00:00Z,9769.764814814815
2020-02-07T20:00:00Z,9753.917425925925
2020-02-07T21:00:00Z,9740.872564814812
2020-02-07T22:00:00Z,9748.345157407406
2020-02-07T23:00:00Z,9772.726046296295
2020-02-08T00:00:00Z,9789.52148148148
2020-02-08T01:00:00Z,9792.627842592592
2020-02-08T02:00:00Z,9768.997990740741
2020-02-08T03:00:00Z,9735.349564814815
2020-02-08T04:00:00Z,9719.804888888888
2020-02-08T05:00:00Z,9722.972685185186
2020-02-08T06:00:00Z,9737.970083333334
2020-02-08T07:00:00Z,9750.935657407406
2020-02-08T08:00:00Z,9772.441407407407
2020-02-08T09:00:00Z,9792.778685185185
2020-02-08T10:00:00Z,9810.620333333332
2020-02-08T11:00:00Z,9822.922648148147
2020-02-08T12:00:00Z,9826.723333333333
2020-02-08T13:00:00Z,9821.987675925922
2020-02-08T14:00:00Z,9827.874990740736
2020-02-08T15:00:00Z,9836.670925925922
2020-02-08T16:00:00Z,9853.789574074071
2020-02-08T17:00:00Z,9870.121268518515
2020-02-08T18:00:00Z,9873.320592592592
2020-02-08T19:00:00Z,9872.787064814815
2020-02-08T20:00:00Z,9870.504481481483
2020-02-08T21:00:00Z,9887.532037037037
2020-02-08T22:00:00Z,9909.552
2020-02-08T23:00:00Z,9923.825166666667
2020-02-09T00:00:00Z,9938.874083333334
2020-02-09T01:00:00Z,9951.00899074074
2020-02-09T02:00:00Z,9967.810398148149
2020-02-09T03:00:00Z,10005.254305555556
2020-02-09T04:00:00Z,10056.182611111111
2020-02-09T05:00:00Z,10105.773888888887
2020-02-09T06:00:00Z,10136.884305555554
2020-02-09T07:00:00Z,10154.58788888889
2020-02-09T08:00:00Z,10151.750851851852
2020-02-09T09:00:00Z,10131.29438888889
2020-02-09T10:00:00Z,10119.786935185186
2020-02-09T11:00:00Z,10111.396564814817
2020-02-09T12:00:00Z,10116.96624074074
2020-02-09T13:00:00Z,10118.995972222223
2020-02-09T14:00:00Z,10110.446805555554
2020-02-09T15:00:00Z,10103.049675925928
2020-02-09T16:00:00Z,10099.240277777779
2020-02-09T17:00:00Z,10097.992592592593
2020-02-09T18:00:00Z,10089.829583333334
2020-02-09T19:00:00Z,10079.20265740741
2020-02-09T20:00:00Z,10065.710157407406
2020-02-09T21:00:00Z,10060.60275
2020-02-09T22:00:00Z,10075.381055555556
2020-02-09T23:00:00Z,10113.064657407407
2020-02-10T00:00:00Z,10161.623379629631
2020-02-10T01:00:00Z,10184.369712962964
2020-02-10T02:00:00Z,10175.565666666667
2020-02-10T03:00:00Z,10138.648472222223
2020-02-10T04:00:00Z,10090.680833333334
2020-02-10T05:00:00Z,9984.710407407407
2020-02-10T06:00:00Z,9910.458435185188
2020-02-10T07:00:00Z,9884.933916666669
2020-02-10T08:00:00Z,9882.84137962963
2020-02-10T09:00:00Z,9864.974296296296
2020-02-10T10:00:00Z,9835.848768518515
2020-02-10T11:00:00Z,9801.278361111108
2020-02-10T12:00:00Z,9787.73963888889
2020-02-10T13:00:00Z,9787.405037037037
2020-02-10T14:00:00Z,9812.401425925926
2020-02-10T15:00:00Z,9841.98209259259
2020-02-10T16:00:00Z,9853.699101851853
2020-02-10T17:00:00Z,9853.731333333335
2020-02-10T18:00:00Z,9843.707018518518
2020-02-10T19:00:00Z,9832.969731481482
2020-02-10T20:00:00Z,9833.208379629628
2020-02-10T21:00:00Z,9844.117999999997
2020-02-10T22:00:00Z,9850.003537037035
2020-02-10T23:00:00Z,9854.147388888889
2020-02-11T00:00:00Z,9830.546666666667
2020-02-11T01:00:00Z,9806.050601851852
2020-02-11T02:00:00Z,9774.339694444445
2020-02-11T03:00:00Z,9741.357981481482
2020-02-11T04:00:00Z,9720.607907407406
2020-02-11T05:00:00Z,9716.068870370369
2020-02-11T06:00:00Z,9728.998499999996
2020-02-11T07:00:00Z,9738.56097222222
2020-02-11T08:00:00Z,9755.857296296295
2020-02-11T09:00:00Z,9769.162796296294
2020-02-11T10:00:00Z,9781.273944444443
2020-02-11T11:00:00Z,9795.32489814815
2020-02-11T12:00:00Z,9822.176944444444
2020-02-11T13:00:00Z,9855.10414814815
2020-02-11T14:00:00Z,9877.22087962963
2020-02-11T15:00:00Z,9990.287379629632
2020-02-11T16:00:00Z,10147.070685185185
2020-02-11T17:00:00Z,10300.921101851853
2020-02-11T18:00:00Z,10380.728712962964
2020-02-11T19:00:00Z,10394.688240740743
2020-02-11T20:00:00Z,10366.995731481482
2020-02-11T21:00:00Z,10320.379342592592
2020-02-11T22:00:00Z,10276.811425925924
2020-02-11T23:00:00Z,10254.152537037036
2020-02-12T00:00:00Z,10275.607546296296
2020-02-12T01:00:00Z,10311.572388888892
2020-02-12T02:00:00Z,10331.344601851853
2020-02-12T03:00:00Z,10330.243675925927
2020-02-12T04:00:00Z,10319.19026851852
2020-02-12T05:00:00Z,10326.15062962963
2020-02-12T06:00:00Z,10343.214101851852
2020-02-12T07:00:00Z,10372.591703703702
2020-02-12T08:00:00Z,10369.41472222222
2020-02-12T09:00:00Z,10337.164925925925
2020-02-12T10:00:00Z,10310.45124074074
2020-02-12T11:00:00Z,10310.676796296297
2020-02-12T12:00:00Z,10329.568935185183
2020-02-12T13:00:00Z,10364.314722222223
2020-02-12T14:00:00Z,10387.77501851852
2020-02-12T15:00:00Z,10388.049666666668
2020-02-12T16:00:00Z,10381.175759259258
2020-02-12T17:00:00Z,10372.052296296295
2020-02-12T18:00:00Z,10364.555740740741
2020-02-12T19:00:00Z,10351.620305555558
2020-02-12T20:00:00Z,10356.532555555556
2020-02-12T21:00:00Z,10369.76262962963
2020-02-12T22:00:00Z,10377.559166666668
2020-02-12T23:00:00Z,10373.756953703703
2020-02-13T00:00:00Z,10376.19826851852
2020-02-13T01:00:00Z,10392.31161111111
2020-02-13T02:00:00Z,10416.679935185186
2020-02-13T03:00:00Z,10430.620009259257
2020-02-13T04:00:00Z,10432.512212962965
2020-02-13T05:00:00Z,10436.818453703705
2020-02-13T06:00:00Z,10452.783212962966
2020-02-13T07:00:00Z,10437.362935185187
2020-02-13T08:00:00Z,10375.388212962966
2020-02-13T09:00:00Z,10270.459898148149
2020-02-13T10:00:00Z,10171.932175925927
2020-02-13T11:00:00Z,10106.68464814815
2020-02-13T12:00:00Z,10101.31988888889
2020-02-13T13:00:00Z,10128.131342592593
2020-02-13T14:00:00Z,10178.477953703703
2020-02-13T15:00:00Z,10228.255981481481
2020-02-13T16:00:00Z,10234.96311111111
2020-02-13T17:00:00Z,10218.059944444445
2020-02-13T18:00:00Z,10195.428962962962
2020-02-13T19:00:00Z,10199.151453703706
2020-02-13T20:00:00Z,10214.592490740739
2020-02-13T21:00:00Z,10215.71922222222
2020-02-13T22:00:00Z,10212.794601851849
2020-02-13T23:00:00Z,10215.843490740737
2020-02-14T00:00:00Z,10225.163416666664
2020-02-14T01:00:00Z,10234.814212962961
2020-02-14T02:00:00Z,10248.081509259257
2020-02-14T03:00:00Z,10257.178703703703
2020-02-14T04:00:00Z,10253.221185185188
2020-02-14T05:00:00Z,10221.81413888889
2020-02-14T06:00:00Z,10190.809388888889
2020-02-14T07:00:00Z,10146.820555555556
2020-02-14T08:00:00Z,10121.338916666668
2020-02-14T09:00:00Z,10131.920064814816
2020-02-14T10:00:00Z,10175.539009259262
2020-02-14T11:00:00Z,10230.409870370371
2020-02-14T12:00:00Z,10270.232555555556
2020-02-14T13:00:00Z,10284.7424537037
2020-02-14T14:00:00Z,10275.238657407406
2020-02-14T15:00:00Z,10264.759157407405
2020-02-14T16:00:00Z,10267.74923148148
2020-02-14T17:00:00Z,10281.252564814813
2020-02-14T18:00:00Z,10317.817166666666
2020-02-14T19:00:00Z,10353.661657407407
2020-02-14T20:00:00Z,10381.636120370371
2020-02-14T21:00:00Z,10387.09811111111
2020-02-14T22:00:00Z,10384.239898148147
2020-02-14T23:00:00Z,10379.308092592591
2020-02-15T00:00:00Z,10370.253268518518
2020-02-15T01:00:00Z,10333.549416666667
2020-02-15T02:00:00Z,10283.409564814816
2020-02-15T03:00:00Z,10249.730583333336
2020-02-15T04:00:00Z,10240.013990740741
2020-02-15T05:00:00Z,10235.264185185188
2020-02-15T06:00:00Z,10234.827972222223
2020-02-15T07:00:00Z,10230.365537037036
2020-02-15T08:00:00Z,10232.903564814813
2020-02-15T09:00:00Z,10244.52149074074
2020-02-15T10:00:00Z,10252.979648148146
2020-02-15T11:00:00Z,10251.549500000001
2020-02-15T12:00:00Z,10245.97273148148
2020-02-15T13:00:00Z,10236.376166666667
2020-02-15T14:00:00Z,10231.91009259259
2020-02-15T15:00:00Z,10153.299435185185
2020-02-15T16:00:00Z,10024.220814814813
2020-02-15T17:00:00Z,9881.462416666665
2020-02-15T18:00:00Z,9801.382259259259
2020-02-15T19:00:00Z,9787.189074074073
2020-02-15T20:00:00Z,9812.119481481483
2020-02-15T21:00:00Z,9855.094768518518
2020-02-15T22:00:00Z,9892.524370370373
2020-02-15T23:00:00Z,9913.387333333334
2020-02-16T00:00:00Z,9924.8585462963
2020-02-16T01:00:00Z,9928.984675925929
2020-02-16T02:00:00Z,9964.15501851852
2020-02-16T03:00:00Z,10000.650981481482
2020-02-16T04:00:00Z,10031.287842592594
2020-02-16T05:00:00Z,10026.877157407409
2020-02-16T06:00:00Z,10006.119083333335
2020-02-16T07:00:00Z,9983.628981481483
2020-02-16T08:00:00Z,9975.069407407407
2020-02-16T09:00:00Z,9973.12276851852
2020-02-16T10:00:00Z,9962.940231481482
2020-02-16T11:00:00Z,9943.587925925927
2020-02-16T12:00:00Z,9922.851018518519
2020-02-16T13:00:00Z,9917.571740740741
2020-02-16T14:00:00Z,9911.165500000001
2020-02-16T15:00:00Z,9895.11325925926
2020-02-16T16:00:00Z,9834.140666666666
2020-02-16T17:00:00Z,9772.305833333332
2020-02-16T18:00:00Z,9742.762101851853
2020-02-16T19:00:00Z,9733.674592592593
2020-02-16T20:00:00Z,9744.46399074074
2020-02-16T21:00:00Z,9754.451370370369
2020-02-16T22:00:00Z,9792.714675925927
2020-02-16T23:00:00Z,9854.34899074074
2020-02-17T00:00:00Z,9898.658268518519
2020-02-17T01:00:00Z,9912.688157407409
2020-02-17T02:00:00Z,9896.982555555556
2020-02-17T03:00:00Z,9864.106611111112
2020-02-17T04:00:00Z,9813.362787037036
2020-02-17T05:00:00Z,9771.486018518519
2020-02-17T06:00:00Z,9750.80950925926
2020-02-17T07:00:00Z,9744.235037037037
2020-02-17T08:00:00Z,9761.507925925926
2020-02-17T09:00:00Z,9782.814037037038
2020-02-17T10:00:00Z,9779.48063888889
2020-02-17T11:00:00Z,9731.061953703704
2020-02-17T12:00:00Z,9672.568027777777
2020-02-17T13:00:00Z,9597.574407407408
2020-02-17T14:00:00Z,9555.918120370372
2020-02-17T15:00:00Z,9561.103555555555
2020-02-17T16:00:00Z,9605.066555555557
2020-02-17T17:00:00Z,9647.444916666667
2020-02-17T18:00:00Z,9673.848564814814
2020-02-17T19:00:00Z,9686.832277777778
2020-02-17T20:00:00Z,9675.659462962962
2020-02-17T21:00:00Z,9660.973083333334
2020-02-17T22:00:00Z,9642.275509259262
2020-02-17T23:00:00Z,9650.001453703706
2020-02-18T00:00:00Z,9663.016972222222
2020-02-18T01:00:00Z,9691.942888888889
2020-02-18T02:00:00Z,9716.247416666665
2020-02-18T03:00:00Z,9734.207879629628
2020-02-18T04:00:00Z,9765.794583333334
2020-02-18T05:00:00Z,9795.46737962963
2020-02-18T06:00:00Z,9812.426824074073
2020-02-18T07:00:00Z,9820.783009259258
2020-02-18T08:00:00Z,9809.040453703705
2020-02-18T09:00:00Z,9772.714953703702
2020-02-18T10:00:00Z,9741.108564814813
2020-02-18T11:00:00Z,9718.649268518517
2020-02-18T12:00:00Z,9696.038898148148
2020-02-18T13:00:00Z,9668.458175925927
2020-02-18T14:00:00Z,9663.286083333332
2020-02-18T15:00:00Z,9719.409666666666
2020-02-18T16:00:00Z,9825.951148148148
2020-02-18T17:00:00Z,9938.462481481482
2020-02-18T18:00:00Z,10021.35613888889
2020-02-18T19:00:00Z,10080.82939814815
2020-02-18T20:00:00Z,10145.100203703705
2020-02-18T21:00:00Z,10194.701185185184
2020-02-18T22:00:00Z,10229.214648148147
2020-02-18T23:00:00Z,10239.352953703703
2020-02-19T00:00:00Z,10214.56362962963
2020-02-19T01:00:00Z,10181.334527777777
2020-02-19T02:00:00Z,10162.105444444443
2020-02-19T03:00:00Z,10157.537722222223
2020-02-19T04:00:00Z,10151.776962962964
2020-02-19T05:00:00Z,10145.072638888889
2020-02-19T06:00:00Z,10122.220657407408
2020-02-19T07:00:00Z,10093.802777777779
2020-02-19T08:00:00Z,10101.23387962963
2020-02-19T09:00:00Z,10118.282861111113
2020-02-19T10:00:00Z,10138.854592592594
2020-02-19T11:00:00Z,10175.593657407408
2020-02-19T12:00:00Z,10179.416814814815
2020-02-19T13:00:00Z,10166.521759259258
2020-02-19T14:00:00Z,10145.722574074074
2020-02-19T15:00:00Z,10129.90953703704
2020-02-19T16:00:00Z,10142.300898148149
2020-02-19T17:00:00Z,10163.956638888887
2020-02-19T18:00:00Z,10191.471935185184
2020-02-19T19:00:00Z,10198.192509259261
2020-02-19T20:00:00Z,10189.182342592592
2020-02-19T21:00:00Z,10010.921666666667
2020-02-19T22:00:00Z,9798.893537037036
2020-02-19T23:00:00Z,9599.615601851854
2020-02-20T00:00:00Z,9495.452138888892
2020-02-20T01:00:00Z,9476.922074074077
2020-02-20T02:00:00Z,9492.475259259258
2020-02-20T03:00:00Z,9516.045444444442
2020-02-20T04:00:00Z,9533.771333333334
2020-02-20T05:00:00Z,9546.439537037038
2020-02-20T06:00:00Z,9567.289111111111
2020-02-20T07:00:00Z,9586.705601851854
2020-02-20T08:00:00Z,9594.964509259258
2020-02-20T09:00:00Z,9600.601175925925
2020-02-20T10:00:00Z,9604.305370370368
2020-02-20T11:00:00Z,9597.033537037036
2020-02-20T12:00:00Z,9582.77064814815
2020-02-20T13:00:00Z,9575.789962962963
2020-02-20T14:00:00Z,9580.537101851853
2020-02-20T15:00:00Z,9586.236166666667
2020-02-20T16:00:00Z,9606.681824074074
2020-02-20T17:00:00Z,9589.136527777777
2020-02-20T18:00:00Z,9560.148759259258
2020-02-20T19:00:00Z,9538.200101851851
2020-02-20T20:00:00Z,9540.386416666664
2020-02-20T21:00:00Z,9567.492444444444
2020-02-20T22:00:00Z,9602.34852777778
2020-02-20T23:00:00Z,9624.97490740741
2020-02-21T00:00:00Z,9629.62900925926
2020-02-21T01:00:00Z,9634.863750000002
2020-02-21T02:00:00Z,9647.29178703704
2020-02-21T03:00:00Z,9678.741944444446
2020-02-21T04:00:00Z,9707.420518518518
2020-02-21T05:00:00Z,9720.46413888889
2020-02-21T06:00:00Z,9716.893314814813
2020-02-21T07:00:00Z,9705.93709259259
2020-02-21T08:00:00Z,9683.40734259259
2020-02-21T09:00:00Z,9669.239925925924
2020-02-21T10:00:00Z,9669.209194444446
2020-02-21T11:00:00Z,9683.445990740744
2020-02-21T12:00:00Z,9717.124990740742
2020-02-21T13:00:00Z,9746.385657407405
2020-02-21T14:00:00Z,9745.974768518516
2020-02-21T15:00:00Z,9739.734259259258
2020-02-21T16:00:00Z,9735.88835185185
2020-02-21T17:00:00Z,9732.277148148149
2020-02-21T18:00:00Z,9726.859935185186
2020-02-21T19:00:00Z,9712.198166666667
2020-02-21T20:00:00Z,9704.009685185185
2020-02-21T21:00:00Z,9691.838407407407
2020-02-21T22:00:00Z,9680.325277777778
2020-02-21T23:00:00Z,9677.601527777777
2020-02-22T00:00:00Z,9683.302083333334
2020-02-22T01:00:00Z,9684.364842592593
2020-02-22T02:00:00Z,9677.260999999999
2020-02-22T03:00:00Z,9670.644805555554
2020-02-22T04:00:00Z,9656.028944444442
2020-02-22T05:00:00Z,9638.600296296296
2020-02-22T06:00:00Z,9620.790824074073
2020-02-22T07:00:00Z,9606.836527777778
2020-02-22T08:00:00Z,9612.043138888888
2020-02-22T09:00:00Z,9621.405231481482
2020-02-22T10:00:00Z,9634.2905
2020-02-22T11:00:00Z,9645.066212962964
2020-02-22T12:00:00Z,9657.278870370368
2020-02-22T13:00:00Z,9668.323796296296
2020-02-22T14:00:00Z,9673.277203703705
2020-02-22T15:00:00Z,9668.274712962964
2020-02-22T16:00:00Z,9661.799703703704
2020-02-22T17:00:00Z,9660.682212962964
2020-02-22T18:00:00Z,9667.414712962962
2020-02-22T19:00:00Z,9680.129185185184
2020-02-22T20:00:00Z,9694.40200925926
2020-02-22T21:00:00Z,9704.657694444444
2020-02-22T22:00:00Z,9704.416407407409
2020-02-22T23:00:00Z,9693.712046296294
2020-02-23T00:00:00Z,9688.101009259257
2020-02-23T01:00:00Z,9683.613907407407
2020-02-23T02:00:00Z,9687.95352777778
2020-02-23T03:00:00Z,9726.98537962963
2020-02-23T04:00:00Z,9797.763212962964
2020-02-23T05:00:00Z,9875.335574074075
2020-02-23T06:00:00Z,9936.749675925928
2020-02-23T07:00:00Z,9964.924111111111
2020-02-23T08:00:00Z,9964.22375925926
2020-02-23T09:00:00Z,9951.658620370372
2020-02-23T10:00:00Z,9926.142731481483
2020-02-23T11:00:00Z,9895.323425925926
2020-02-23T12:00:00Z,9871.861055555555
2020-02-23T13:00:00Z,9867.574925925925
2020-02-23T14:00:00Z,9885.606787037035
2020-02-23T15:00:00Z,9900.091777777778
2020-02-23T16:00:00Z,9908.472777777779
2020-02-23T17:00:00Z,9908.22664814815
2020-02-23T18:00:00Z,9906.557574074075
2020-02-23T19:00:00Z,9906.595703703702
2020-02-23T20:00:00Z,9902.188074074074
2020-02-23T21:00:00Z,9894.08410185185
2020-02-23T22:00:00Z,9900.110657407406
2020-02-23T23:00:00Z,9925.48772222222
2020-02-24T00:00:00Z,9957.937453703702
2020-02-24T01:00:00Z,9964.138638888888
2020-02-24T02:00:00Z,9902.420972222224
2020-02-24T03:00:00Z,9821.858675925925
2020-02-24T04:00:00Z,9754.651629629627
2020-02-24T05:00:00Z,9724.544120370369
2020-02-24T06:00:00Z,9715.312962962964
2020-02-24T07:00:00Z,9720.467342592594
2020-02-24T08:00:00Z,9734.160722222225
2020-02-24T09:00:00Z,9734.991962962966
2020-02-24T10:00:00Z,9739.745805555556
2020-02-24T11:00:00Z,9763.592250000003
2020-02-24T12:00:00Z,9790.730120370372
2020-02-24T13:00:00Z,9797.512425925926
2020-02-24T14:00:00Z,9781.022712962962
2020-02-24T15:00:00Z,9746.043546296298
2020-02-24T16:00:00Z,9697.824675925927
2020-02-24T17:00:00Z,9640.829962962964
2020-02-24T18:00:00Z,9587.026444444447
2020-02-24T19:00:00Z,9556.746907407409
2020-02-24T20:00:00Z,9549.704212962963
2020-02-24T21:00:00Z,9563.157537037036
2020-02-24T22:00:00Z,9592.012296296294
2020-02-24T23:00:00Z,9627.24987962963
2020-02-25T00:00:00Z,9644.173666666667
2020-02-25T01:00:00Z,9634.760527777778
2020-02-25T02:00:00Z,9617.48388888889
2020-02-25T03:00:00Z,9596.06887962963
2020-02-25T04:00:00Z,9579.153935185188
2020-02-25T05:00:00Z,9563.605055555556
2020-02-25T06:00:00Z,9547.973342592593
2020-02-25T07:00:00Z,9529.790731481482
2020-02-25T08:00:00Z,9525.661916666666
2020-02-25T09:00:00Z,9537.422157407405
2020-02-25T10:00:00Z,9552.129962962963
2020-02-25T11:00:00Z,9585.852981481483
2020-02-25T12:00:00Z,9614.454138888888
2020-02-25T13:00:00Z,9620.264120370368
2020-02-25T14:00:00Z,9555.955657407407
2020-02-25T15:00:00Z,9458.846120370372
2020-02-25T16:00:00Z,9351.763092592593
2020-02-25T17:00:00Z,9283.946675925925
2020-02-25T18:00:00Z,9275.74876851852
2020-02-25T19:00:00Z,9292.944194444446
2020-02-25T20:00:00Z,9310.035444444444
2020-02-25T21:00:00Z,9334.120287037038
2020-02-25T22:00:00Z,9360.225592592593
2020-02-25T23:00:00Z,9359.345000000001
2020-02-26T00:00:00Z,9339.487870370373
2020-02-26T01:00:00Z,9278.83026851852
2020-02-26T02:00:00Z,9215.104305555556
2020-02-26T03:00:00Z,9157.298620370371
2020-02-26T04:00:00Z,9126.253592592591
2020-02-26T05:00:00Z,9128.344148148148
2020-02-26T06:00:00Z,9153.444083333334
2020-02-26T07:00:00Z,9161.67412962963
2020-02-26T08:00:00Z,9167.29538888889
2020-02-26T09:00:00Z,9149.945611111112
2020-02-26T10:00:00Z,9142.647990740741
2020-02-26T11:00:00Z,9139.134250000001
2020-02-26T12:00:00Z,9175.954287037039
2020-02-26T13:00:00Z,9169.865101851852
2020-02-26T14:00:00Z,9120.817203703702
2020-02-26T15:00:00Z,9041.533305555555
2020-02-26T16:00:00Z,8896.572638888889
2020-02-26T17:00:00Z,8755.698314814814
2020-02-26T18:00:00Z,8687.279851851852
2020-02-26T19:00:00Z,8692.558703703704
2020-02-26T20:00:00Z,8732.130138888888
2020-02-26T21:00:00Z,8753.236212962964
2020-02-26T22:00:00Z,8762.459472222223
2020-02-26T23:00:00Z,8765.107101851854
2020-02-27T00:00:00Z,8727.362518518521
2020-02-27T01:00:00Z,8686.863287037038
2020-02-27T02:00:00Z,8657.580814814815
2020-02-27T03:00:00Z,8664.675203703706
2020-02-27T04:00:00Z,8686.837629629628
2020-02-27T05:00:00Z,8720.653749999998
2020-02-27T06:00:00Z,8763.465398148148
2020-02-27T07:00:00Z,8803.36238888889
2020-02-27T08:00:00Z,8822.734740740741
2020-02-27T09:00:00Z,8807.434574074074
2020-02-27T10:00:00Z,8796.770305555554
2020-02-27T11:00:00Z,8793.939462962964
2020-02-27T12:00:00Z,8793.504694444446
2020-02-27T13:00:00Z,8803.877231481483
2020-02-27T14:00:00Z,8825.850277777778
2020-02-27T15:00:00Z,8848.226166666667
2020-02-27T16:00:00Z,8889.657222222224
2020-02-27T17:00:00Z,8924.016666666665
2020-02-27T18:00:00Z,8934.448648148147
2020-02-27T19:00:00Z,8932.059194444446
2020-02-27T20:00:00Z,8915.07490740741
2020-02-27T21:00:00Z,8859.793185185184
2020-02-27T22:00:00Z,8803.78311111111
2020-02-27T23:00:00Z,8771.357416666666
2020-02-28T00:00:00Z,8781.999416666667
2020-02-28T01:00:00Z,8827.124046296298
2020-02-28T02:00:00Z,8867.691407407407
2020-02-28T03:00:00Z,8880.603888888889
2020-02-28T04:00:00Z,8868.804981481482
2020-02-28T05:00:00Z,8835.09049074074
2020-02-28T06:00:00Z,8799.48925925926
2020-02-28T07:00:00Z,8757.005759259258
2020-02-28T08:00:00Z,8716.64673148148
2020-02-28T09:00:00Z,8657.155101851851
2020-02-28T10:00:00Z,8596.783787037037
2020-02-28T11:00:00Z,8550.776851851851
2020-02-28T12:00:00Z,8510.225546296295
2020-02-28T13:00:00Z,8529.210574074074
2020-02-28T14:00:00Z,8577.869898148148
2020-02-28T15:00:00Z,8648.299638888888
2020-02-28T16:00:00Z,8684.679935185184
2020-02-28T17:00:00Z,8663.688231481481
2020-02-28T18:00:00Z,8607.740759259259
2020-02-28T19:00:00Z,8558.892101851854
2020-02-28T20:00:00Z,8552.405601851851
2020-02-28T21:00:00Z,8589.792990740742
2020-02-28T22:00:00Z,8674.94062037037
2020-02-28T23:00:00Z,8737.086574074076
2020-02-29T00:00:00Z,8770.866898148148
2020-02-29T01:00:00Z,8762.204972222222
2020-02-29T02:00:00Z,8744.24261111111
2020-02-29T03:00:00Z,8732.554722222221
2020-02-29T04:00:00Z,8738.794101851852
2020-02-29T05:00:00Z,8758.478500000001
2020-02-29T06:00:00Z,8764.203194444444
2020-02-29T07:00:00Z,8768.99773148148
2020-02-29T08:00:00Z,8767.026249999997
2020-02-29T09:00:00Z,8748.125046296294
2020-02-29T10:00:00Z,8705.62574074074
2020-02-29T11:00:00Z,8678.562277777777
2020-02-29T12:00:00Z,8662.821101851852
2020-02-29T13:00:00Z,8652.978231481482
2020-02-29T14:00:00Z,8640.181814814816
2020-02-29T15:00:00Z,8636.247296296298
2020-02-29T16:00:00Z,8627.15849074074
2020-02-29T17:00:00Z,8632.025518518518
2020-02-29T18:00:00Z,8645.80836111111
2020-02-29T19:00:00Z,8662.994
2020-02-29T20:00:00Z,8671.750111111112
2020-02-29T21:00:00Z,8663.467185185187
2020-02-29T22:00:00Z,8647.59325925926
2020-02-29T23:00:00Z,8601.018166666667
2020-03-01T00:00:00Z,8553.92287962963
2020-03-01T01:00:00Z,8551.179805555554
2020-03-01T02:00:00Z,8577.864490740742
2020-03-01T03:00:00Z,8609.961935185187
2020-03-01T04:00:00Z,8616.986296296298
2020-03-01T05:00:00Z,8604.946814814817
2020-03-01T06:00:00Z,8576.919592592594
2020-03-01T07:00:00Z,8548.691666666668
2020-03-01T08:00:00Z,8525.857574074074
2020-03-01T09:00:00Z,8515.948712962962
2020-03-01T10:00:00Z,8527.038462962963
2020-03-01T11:00:00Z,8570.425444444445
2020-03-01T12:00:00Z,8598.278824074076
2020-03-01T13:00:00Z,8616.315277777778
2020-03-01T14:00:00Z,8607.008027777776
2020-03-01T15:00:00Z,8583.36299074074
2020-03-01T16:00:00Z,8548.723712962963
2020-03-01T17:00:00Z,8511.91210185185
2020-03-01T18:00:00Z,8470.925148148148
2020-03-01T19:00:00Z,8464.774398148147
2020-03-01T20:00:00Z,8468.647055555555
2020-03-01T21:00:00Z,8485.055435185184
2020-03-01T22:00:00Z,8512.673435185183
2020-03-01T23:00:00Z,8531.303425925926
2020-03-02T00:00:00Z,8547.225592592591
2020-03-02T01:00:00Z,8556.524296296297
2020-03-02T02:00:00Z,8581.335888888889
2020-03-02T03:00:00Z,8605.682157407407
2020-03-02T04:00:00Z,8634.055546296297
2020-03-02T05:00:00Z,8658.468703703704
2020-03-02T06:00:00Z,8663.219046296295
2020-03-02T07:00:00Z,8653.200685185186
2020-03-02T08:00:00Z,8649.30662037037
2020-03-02T09:00:00Z,8661.86524074074
2020-03-02T10:00:00Z,8692.35372222222
2020-03-02T11:00:00Z,8731.502203703703
2020-03-02T12:00:00Z,8762.612157407408
2020-03-02T13:00:00Z,8800.362138888888
2020-03-02T14:00:00Z,8828.397342592592
2020-03-02T15:00:00Z,8848.189944444443
2020-03-02T16:00:00Z,8865.711546296296
2020-03-02T17:00:00Z,8878.889212962962
2020-03-02T18:00:00Z,8886.532749999998
2020-03-02T19:00:00Z,8894.218212962962
2020-03-02T20:00:00Z,8900.380055555555
2020-03-02T21:00:00Z,8918.939250000001
2020-03-02T22:00:00Z,8933.421361111112
2020-03-02T23:00:00Z,8939.098212962961
2020-03-03T00:00:00Z,8916.044490740742
2020-03-03T01:00:00Z,8874.915907407407
2020-03-03T02:00:00Z,8850.039453703703
2020-03-03T03:00:00Z,8846.685787037035
2020-03-03T04:00:00Z,8848.068027777777
2020-03-03T05:00:00Z,8850.444722222222
2020-03-03T06:00:00Z,8828.97426851852
2020-03-03T07:00:00Z,8793.486657407406
2020-03-03T08:00:00Z,8767.119092592593
2020-03-03T09:00:00Z,8769.811925925927
2020-03-03T10:00:00Z,8795.962675925928
2020-03-03T11:00:00Z,8837.199907407406
2020-03-03T12:00:00Z,8848.088296296297
2020-03-03T13:00:00Z,8840
2020-03-03T14:00:00Z,8801.586611111112
2020-03-03T15:00:00Z,8763.686796296295
2020-03-03T16:00:00Z,8723.283462962961
2020-03-03T17:00:00Z,8699.442027777777
2020-03-03T18:00:00Z,8690.357537037036
2020-03-03T19:00:00Z,8691.241120370369
2020-03-03T20:00:00Z,8695.955231481481
2020-03-03T21:00:00Z,8707.866046296296
2020-03-03T22:00:00Z,8734.534722222224
2020-03-03T23:00:00Z,8756.622287037038
2020-03-04T00:00:00Z,8775.171490740742
2020-03-04T01:00:00Z,8788.844111111115
2020-03-04T02:00:00Z,8802.316666666668
2020-03-04T03:00:00Z,8807.45964814815
2020-03-04T04:00:00Z,8817.005805555556
2020-03-04T05:00:00Z,8830.74860185185
2020-03-04T06:00:00Z,8829.038194444445
2020-03-04T07:00:00Z,8825.09605555556
2020-03-04T08:00:00Z,8820.842555555559
2020-03-04T09:00:00Z,8800.202472222225
2020-03-04T10:00:00Z,8769.078342592593
2020-03-04T11:00:00Z,8733.945842592593
2020-03-04T12:00:00Z,8711.151953703704
2020-03-04T13:00:00Z,8714.011101851851
2020-03-04T14:00:00Z,8721.268564814813
2020-03-04T15:00:00Z,8720.104138888886
2020-03-04T16:00:00Z,8715.132462962962
2020-03-04T17:00:00Z,8713.636268518518
2020-03-04T18:00:00Z,8716.351953703705
2020-03-04T19:00:00Z,8726.959324074074
2020-03-04T20:00:00Z,8727.344564814817
2020-03-04T21:00:00Z,8728.292398148149
2020-03-04T22:00:00Z,8734.628722222222
2020-03-04T23:00:00Z,8746.125083333332
2020-03-05T00:00:00Z,8791.237425925925
2020-03-05T01:00:00Z,8846.92101851852
2020-03-05T02:00:00Z,8910.16586111111
2020-03-05T03:00:00Z,8939.819064814816
2020-03-05T04:00:00Z,8946.557888888887
2020-03-05T05:00:00Z,8946.888509259259
2020-03-05T06:00:00Z,8948.212990740738
2020-03-05T07:00:00Z,8942.044722222221
2020-03-05T08:00:00Z,8935.96537037037
2020-03-05T09:00:00Z,8978.684833333333
2020-03-05T10:00:00Z,9044.421472222222
2020-03-05T11:00:00Z,9110.864666666668
2020-03-05T12:00:00Z,9142.81212037037
2020-03-05T13:00:00Z,9143.14074074074
2020-03-05T14:00:00Z,9112.616638888887
2020-03-05T15:00:00Z,9091.99400925926
2020-03-05T16:00:00Z,9085.6445
2020-03-05T17:00:00Z,9093.960601851852
2020-03-05T18:00:00Z,9112.029722222223
2020-03-05T19:00:00Z,9138.926592592592
2020-03-05T20:00:00Z,9151.292675925926
2020-03-05T21:00:00Z,9147.954953703704
2020-03-05T22:00:00Z,9123.200194444444
2020-03-05T23:00:00Z,9090.53825925926
2020-03-06T00:00:00Z,9051.302
2020-03-06T01:00:00Z,9020.317342592592
2020-03-06T02:00:00Z,9015.696555555554
2020-03-06T03:00:00Z,9024.4435
2020-03-06T04:00:00Z,9040.548870370372
2020-03-06T05:00:00Z,9072.31564814815
2020-03-06T06:00:00Z,9101.915324074072
2020-03-06T07:00:00Z,9123.221805555557
2020-03-06T08:00:00Z,9135.271981481483
2020-03-06T09:00:00Z,9139.325435185188
2020-03-06T10:00:00Z,9148.011944444444
2020-03-06T11:00:00Z,9153.880712962964
2020-03-06T12:00:00Z,9150.553953703704
2020-03-06T13:00:00Z,9124.917166666666
2020-03-06T14:00:00Z,9096.827055555555
2020-03-06T15:00:00Z,9059.030833333332
2020-03-06T16:00:00Z,9041.08287037037
2020-03-06T17:00:00Z,9045.970500000001
2020-03-06T18:00:00Z,9062.057722222225
2020-03-06T19:00:00Z,9084.91940740741
2020-03-06T20:00:00Z,9105.708074074077
2020-03-06T21:00:00Z,9125.41175925926
2020-03-06T22:00:00Z,9136.79137037037
2020-03-06T23:00:00Z,9149.442416666667
2020-03-07T00:00:00Z,9156.711194444442
2020-03-07T01:00:00Z,9148.089249999999
2020-03-07T02:00:00Z,9133.344944444443
2020-03-07T03:00:00Z,9118.300055555555
2020-03-07T04:00:00Z,9103.629055555555
2020-03-07T05:00:00Z,9095.15137962963
2020-03-07T06:00:00Z,9090.181175925927
2020-03-07T07:00:00Z,9091.029638888887
2020-03-07T08:00:00Z,9101.400333333333
2020-03-07T09:00:00Z,9116.807055555555
2020-03-07T10:00:00Z,9126.107777777777
2020-03-07T11:00:00Z,9127.438268518517
2020-03-07T12:00:00Z,9120.443694444444
2020-03-07T13:00:00Z,9110.785962962962
2020-03-07T14:00:00Z,9110.531629629628
2020-03-07T15:00:00Z,9118.05149074074
2020-03-07T16:00:00Z,9103.750222222223
2020-03-07T17:00:00Z,9042.828185185184
2020-03-07T18:00:00Z,8954.530796296294
2020-03-07T19:00:00Z,8881.820972222222
2020-03-07T20:00:00Z,8843.139222222222
2020-03-07T21:00:00Z,8837.805055555555
2020-03-07T22:00:00Z,8858.537675925925
2020-03-07T23:00:00Z,8879.560685185184
2020-03-08T00:00:00Z,8862.750814814814
2020-03-08T01:00:00Z,8816.909157407406
2020-03-08T02:00:00Z,8756.699962962964
2020-03-08T03:00:00Z,8718.597824074075
2020-03-08T04:00:00Z,8707.47599074074
2020-03-08T05:00:00Z,8710.366342592592
2020-03-08T06:00:00Z,8716.776490740742
2020-03-08T07:00:00Z,8726.767916666666
2020-03-08T08:00:00Z,8734.204824074071
2020-03-08T09:00:00Z,8734.38048148148
2020-03-08T10:00:00Z,8736.504824074073
2020-03-08T11:00:00Z,8740.6895
2020-03-08T12:00:00Z,8727.975435185186
2020-03-08T13:00:00Z,8699.374185185183
2020-03-08T14:00:00Z,8643.901314814815
2020-03-08T15:00:00Z,8535.66126851852
2020-03-08T16:00:00Z,8391.964759259261
2020-03-08T17:00:00Z,8278.544462962964
2020-03-08T18:00:00Z,8216.794537037038
2020-03-08T19:00:00Z,8206.530101851853
2020-03-08T20:00:00Z,8218.603953703703
2020-03-08T21:00:00Z,8230.302259259259
2020-03-08T22:00:00Z,8210.129027777775
2020-03-08T23:00:00Z,8137.67673148148
2020-03-09T00:00:00Z,8069.372324074073
2020-03-09T01:00:00Z,8031.109342592593
2020-03-09T02:00:00Z,8011.721500000001
2020-03-09T03:00:00Z,8018.91476851852
2020-03-09T04:00:00Z,7970.546212962963
2020-03-09T05:00:00Z,7923.203287037036
2020-03-09T06:00:00Z,7876.167972222222
2020-03-09T07:00:00Z,7856.671574074074
2020-03-09T08:00:00Z,7884.216675925924
2020-03-09T09:00:00Z,7902.427250000001
2020-03-09T10:00:00Z,7908.561166666666
2020-03-09T11:00:00Z,7875.108861111112
2020-03-09T12:00:00Z,7852.006453703706
2020-03-09T13:00:00Z,7821.331407407408
2020-03-09T14:00:00Z,7776.153453703704
2020-03-09T15:00:00Z,7740.870703703702
2020-03-09T16:00:00Z,7728.994574074073
2020-03-09T17:00:00Z,7723.6672685185185
2020-03-09T18:00:00Z,7728.092574074074
2020-03-09T19:00:00Z,7760.926166666665
2020-03-09T20:00:00Z,7809.448962962963
2020-03-09T21:00:00Z,7847.669861111111
2020-03-09T22:00:00Z,7876.558314814814
2020-03-09T23:00:00Z,7907.138703703703
2020-03-10T00:00:00Z,7935.904999999999
2020-03-10T01:00:00Z,7945.826842592593
2020-03-10T02:00:00Z,7924.828583333333
2020-03-10T03:00:00Z,7904.222583333333
2020-03-10T04:00:00Z,7902.74289814815
2020-03-10T05:00:00Z,7918.185712962964
2020-03-10T06:00:00Z,7931.847444444447
2020-03-10T07:00:00Z,7929.781842592594
2020-03-10T08:00:00Z,7918.868592592594
2020-03-10T09:00:00Z,7902.117833333335
2020-03-10T10:00:00Z,7934.395231481482
2020-03-10T11:00:00Z,7998.972851851853
2020-03-10T12:00:00Z,8086.990212962963
2020-03-10T13:00:00Z,8135.415148148149
2020-03-10T14:00:00Z,8132.195129629631
2020-03-10T15:00:00Z,8015.210907407406
2020-03-10T16:00:00Z,7888.584740740741
2020-03-10T17:00:00Z,7807.289101851852
2020-03-10T18:00:00Z,7788.869500000001
2020-03-10T19:00:00Z,7845.702759259259
2020-03-10T20:00:00Z,7924.1826759259275
2020-03-10T21:00:00Z,7981.03487037037
2020-03-10T22:00:00Z,8001.499407407408
2020-03-10T23:00:00Z,7972.992083333334
2020-03-11T00:00:00Z,7944.045185185186
2020-03-11T01:00:00Z,7924.385564814814
2020-03-11T02:00:00Z,7912.671888888889
2020-03-11T03:00:00Z,7911.67023148148
2020-03-11T04:00:00Z,7909.026425925927
2020-03-11T05:00:00Z,7890.065546296297
2020-03-11T06:00:00Z,7858.313268518519
2020-03-11T07:00:00Z,7839.027907407409
2020-03-11T08:00:00Z,7826.326296296298
2020-03-11T09:00:00Z,7821.365333333334
2020-03-11T10:00:00Z,7823.593564814814
2020-03-11T11:00:00Z,7825.114796296296
2020-03-11T12:00:00Z,7832.720861111112
2020-03-11T13:00:00Z,7843.179962962964
2020-03-11T14:00:00Z,7836.6085555555555
2020-03-11T15:00:00Z,7814.174083333332
2020-03-11T16:00:00Z,7782.909805555555
2020-03-11T17:00:00Z,7729.23788888889
2020-03-11T18:00:00Z,7716.850768518519
2020-03-11T19:00:00Z,7744.56698148148
2020-03-11T20:00:00Z,7801.225064814814
2020-03-11T21:00:00Z,7838.674212962963
2020-03-11T22:00:00Z,7890.968824074075
2020-03-11T23:00:00Z,7934.293425925925
2020-03-12T00:00:00Z,7960.451222222223
2020-03-12T01:00:00Z,7902.917916666666
2020-03-12T02:00:00Z,7781.062925925926
2020-03-12T03:00:00Z,7666.270629629631
2020-03-12T04:00:00Z,7585.425462962964
2020-03-12T05:00:00Z,7563.026990740742
2020-03-12T06:00:00Z,7529.756981481484
2020-03-12T07:00:00Z,7460.390611111111
2020-03-12T08:00:00Z,7379.109009259259
2020-03-12T09:00:00Z,7312.966601851852
2020-03-12T10:00:00Z,6923.693518518518
2020-03-12T11:00:00Z,6396.296370370369
2020-03-12T12:00:00Z,5927.072537037037
2020-03-12T13:00:00Z,5662.062555555555
2020-03-12T14:00:00Z,5658.626212962962
2020-03-12T15:00:00Z,5791.036453703705
2020-03-12T16:00:00Z,5937.163851851852
2020-03-12T17:00:00Z,6044.833629629629
2020-03-12T18:00:00Z,6065.591546296298
2020-03-12T19:00:00Z,6047.871962962963
2020-03-12T20:00:00Z,5926.930666666667
2020-03-12T21:00:00Z,5809.43025
2020-03-12T22:00:00Z,5731.4298148148155
2020-03-12T23:00:00Z,5423.850092592594
2020-03-13T00:00:00Z,5003.821120370371
2020-03-13T01:00:00Z,4466.422148148148
2020-03-13T02:00:00Z,4307.985694444445
2020-03-13T03:00:00Z,4550.084462962964
2020-03-13T04:00:00Z,4853.916564814815
2020-03-13T05:00:00Z,5053.199564814814
2020-03-13T06:00:00Z,5165.2015925925925
2020-03-13T07:00:00Z,5294.515111111111
2020-03-13T08:00:00Z,5404.000037037037
2020-03-13T09:00:00Z,5594.829046296297
2020-03-13T10:00:00Z,5725.795101851851
2020-03-13T11:00:00Z,5734.323564814814
2020-03-13T12:00:00Z,5704.371851851852
2020-03-13T13:00:00Z,5668.695712962963
2020-03-13T14:00:00Z,5596.117379629629
2020-03-13T15:00:00Z,5458.139601851853
2020-03-13T16:00:00Z,5297.279351851852
2020-03-13T17:00:00Z,5172.548444444445
2020-03-13T18:00:00Z,5059.472296296296
2020-03-13T19:00:00Z,5112.292333333334
2020-03-13T20:00:00Z,5242.490398148148
2020-03-13T21:00:00Z,5424.934425925926
2020-03-13T22:00:00Z,5605.42061111111
2020-03-13T23:00:00Z,5710.726574074073
2020-03-14T00:00:00Z,5705.839472222222
2020-03-14T01:00:00Z,5642.950453703704
2020-03-14T02:00:00Z,5592.690777777778
2020-03-14T03:00:00Z,5577.49737037037
2020-03-14T04:00:00Z,5572.876527777776
2020-03-14T05:00:00Z,5539.475555555556
2020-03-14T06:00:00Z,5489.947064814815
2020-03-14T07:00:00Z,5470.011851851853
2020-03-14T08:00:00Z,5434.868379629631
2020-03-14T09:00:00Z,5360.814592592594
2020-03-14T10:00:00Z,5325.886435185185
2020-03-14T11:00:00Z,5354.374666666667
2020-03-14T12:00:00Z,5411.719268518518
2020-03-14T13:00:00Z,5418.499601851853
2020-03-14T14:00:00Z,5399.5550648148155
2020-03-14T15:00:00Z,5355.696574074074
2020-03-14T16:00:00Z,5346.174046296297
2020-03-14T17:00:00Z,5364.078222222222
2020-03-14T18:00:00Z,5405.7351851851845
2020-03-14T19:00:00Z,5428.377870370369
2020-03-14T20:00:00Z,5410.254509259259
2020-03-14T21:00:00Z,5360.008592592592
2020-03-14T22:00:00Z,5299.216194444444
2020-03-14T23:00:00Z,5224.946509259259
2020-03-15T00:00:00Z,5170.704185185185
2020-03-15T01:00:00Z,5128.688388888889
2020-03-15T02:00:00Z,5121.110333333334
2020-03-15T03:00:00Z,5131.157046296296
2020-03-15T04:00:00Z,5169.798564814816
2020-03-15T05:00:00Z,5212.701407407408
2020-03-15T06:00:00Z,5257.879240740742
2020-03-15T07:00:00Z,5285.55664814815
2020-03-15T08:00:00Z,5282.823481481481
2020-03-15T09:00:00Z,5266.772527777777
2020-03-15T10:00:00Z,5306.787499999999
2020-03-15T11:00:00Z,5375.557203703704
2020-03-15T12:00:00Z,5402.909685185185
2020-03-15T13:00:00Z,5393.009962962963
2020-03-15T14:00:00Z,5351.8057592592595
2020-03-15T15:00:00Z,5317.460083333334
2020-03-15T16:00:00Z,5290.750814814815
2020-03-15T17:00:00Z,5276.097564814816
2020-03-15T18:00:00Z,5274.081953703704
2020-03-15T19:00:00Z,5283.132111111111
2020-03-15T20:00:00Z,5257.1523240740735
2020-03-15T21:00:00Z,5439.493361111111
2020-03-15T22:00:00Z,5531.443527777778
2020-03-15T23:00:00Z,5540.405731481483
2020-03-16T00:00:00Z,5432.701787037036
2020-03-16T01:00:00Z,5308.092574074074
2020-03-16T02:00:00Z,5253.359083333334
2020-03-16T03:00:00Z,5235.0079166666665
2020-03-16T04:00:00Z,5229.743203703703
2020-03-16T05:00:00Z,5193.6225
2020-03-16T06:00:00Z,5113.77812962963
2020-03-16T07:00:00Z,4957.509435185185
2020-03-16T08:00:00Z,4835.9260277777785
2020-03-16T09:00:00Z,4752.397324074075
2020-03-16T10:00:00Z,4616.1679814814825
2020-03-16T11:00:00Z,4512.998018518519
2020-03-16T12:00:00Z,4512.334027777779
2020-03-16T13:00:00Z,4617.4013888888885
2020-03-16T14:00:00Z,4785.357435185185
2020-03-16T15:00:00Z,4989.044064814814
2020-03-16T16:00:00Z,5112.024546296297
2020-03-16T17:00:00Z,5169.8083611111115
2020-03-16T18:00:00Z,5185.321111111111
2020-03-16T19:00:00Z,5126.425787037037
2020-03-16T20:00:00Z,5033.080185185184
2020-03-16T21:00:00Z,4963.319037037038
2020-03-16T22:00:00Z,4921.041722222221
2020-03-16T23:00:00Z,4940.308537037037
2020-03-17T00:00:00Z,5000.020305555555
2020-03-17T01:00:00Z,5098.828962962963
2020-03-17T02:00:00Z,5220.36437962963
2020-03-17T03:00:00Z,5330.322055555555
2020-03-17T04:00:00Z,5381.643694444446
2020-03-17T05:00:00Z,5383.6947314814815
2020-03-17T06:00:00Z,5359.523953703704
2020-03-17T07:00:00Z,5357.907527777777
2020-03-17T08:00:00Z,5351.578453703703
2020-03-17T09:00:00Z,5323.458453703704
2020-03-17T10:00:00Z,5303.894685185186
2020-03-17T11:00:00Z,5286.005638888889
2020-03-17T12:00:00Z,5260.989351851852
2020-03-17T13:00:00Z,5199.251611111111
2020-03-17T14:00:00Z,5171.925425925925
2020-03-17T15:00:00Z,5219.530277777778
2020-03-17T16:00:00Z,5303.935787037038
2020-03-17T17:00:00Z,5383.072185185185
2020-03-17T18:00:00Z,5423.5803425925915
2020-03-17T19:00:00Z,5435.038027777778
2020-03-17T20:00:00Z,5451.95211111111
2020-03-17T21:00:00Z,5468.599722222221
2020-03-17T22:00:00Z,5479.681092592592
2020-03-17T23:00:00Z,5443.8566759259265
2020-03-18T00:00:00Z,5400.211620370371
2020-03-18T01:00:00Z,5368.575138888889
2020-03-18T02:00:00Z,5360.883722222222
2020-03-18T03:00:00Z,5376.837583333333
2020-03-18T04:00:00Z,5404.38548148148
2020-03-18T05:00:00Z,5385.138722222223
2020-03-18T06:00:00Z,5336.17899074074
2020-03-18T07:00:00Z,5249.399157407407
2020-03-18T08:00:00Z,5177.04800925926
2020-03-18T09:00:00Z,5127.7366574074085
2020-03-18T10:00:00Z,5091.775916666668
2020-03-18T11:00:00Z,5090.287490740741
2020-03-18T12:00:00Z,5097.222111111111
2020-03-18T13:00:00Z,5181.56525
2020-03-18T14:00:00Z,5275.439805555555
2020-03-18T15:00:00Z,5355.227749999999
2020-03-18T16:00:00Z,5354.371555555555
2020-03-18T17:00:00Z,5310.09199074074
2020-03-18T18:00:00Z,5290.162388888889
2020-03-18T19:00:00Z,5303.3435
2020-03-18T20:00:00Z,5333.283296296296
2020-03-18T21:00:00Z,5364.499814814815
2020-03-18T22:00:00Z,5381.063981481482
2020-03-18T23:00:00Z,5400.525277777778
2020-03-19T00:00:00Z,5403.471222222222
2020-03-19T01:00:00Z,5396.588101851853
2020-03-19T02:00:00Z,5363.830472222223
2020-03-19T03:00:00Z,5325.860388888889
2020-03-19T04:00:00Z,5300.7252685185185
2020-03-19T05:00:00Z,5314.982453703702
2020-03-19T06:00:00Z,5351.962009259259
2020-03-19T07:00:00Z,5401.382268518519
2020-03-19T08:00:00Z,5438.233305555556
2020-03-19T09:00:00Z,5510.629805555555
2020-03-19T10:00:00Z,5581.168712962962
2020-03-19T11:00:00Z,5648.883157407407
2020-03-19T12:00:00Z,5759.959861111111
2020-03-19T13:00:00Z,5865.145648148148
2020-03-19T14:00:00Z,5932.793092592593
2020-03-19T15:00:00Z,5971.468240740741
2020-03-19T16:00:00Z,6064.382407407407
2020-03-19T17:00:00Z,6220.209296296297
2020-03-19T18:00:00Z,6314.7044166666665
2020-03-19T19:00:00Z,6350.657407407409
2020-03-19T20:00:00Z,6335.458916666667
2020-03-19T21:00:00Z,6311.427361111113
2020-03-19T22:00:00Z,6309.5444074074085
2020-03-19T23:00:00Z,6280.079268518519
2020-03-20T00:00:00Z,6252.4158611111125
2020-03-20T01:00:00Z,6214.90076851852
2020-03-20T02:00:00Z,6179.371509259258
2020-03-20T03:00:00Z,6154.702453703702
2020-03-20T04:00:00Z,6153.257564814813
2020-03-20T05:00:00Z,6176.552055555553
2020-03-20T06:00:00Z,6214.532592592591
2020-03-20T07:00:00Z,6270.413509259259
2020-03-20T08:00:00Z,6407.8185555555565
2020-03-20T09:00:00Z,6606.864249999999
2020-03-20T10:00:00Z,6812.138305555553
2020-03-20T11:00:00Z,6900.556898148147
2020-03-20T12:00:00Z,6864.518787037036
2020-03-20T13:00:00Z,6747.377629629631
2020-03-20T14:00:00Z,6647.556055555557
2020-03-20T15:00:00Z,6598.356314814816
2020-03-20T16:00:00Z,6538.97651851852
2020-03-20T17:00:00Z,6471.760222222222
2020-03-20T18:00:00Z,6341.075351851851
2020-03-20T19:00:00Z,6213.596694444444
2020-03-20T20:00:00Z,6060.220166666666
2020-03-20T21:00:00Z,6016.506101851851
2020-03-20T22:00:00Z,6035.035222222221
2020-03-20T23:00:00Z,6100.629379629628
2020-03-21T00:00:00Z,6147.324499999998
2020-03-21T01:00:00Z,6200.671509259258
2020-03-21T02:00:00Z,6251.180944444444
2020-03-21T03:00:00Z,6284.625685185184
2020-03-21T04:00:00Z,6272.369185185184
2020-03-21T05:00:00Z,6211.330935185185
2020-03-21T06:00:00Z,6180.4267407407415
2020-03-21T07:00:00Z,6159.538907407407
2020-03-21T08:00:00Z,6142.35637037037
2020-03-21T09:00:00Z,6081.90451851852
2020-03-21T10:00:00Z,6006.192564814816
2020-03-21T11:00:00Z,5990.142333333334
2020-03-21T12:00:00Z,6029.899944444445
2020-03-21T13:00:00Z,6101.6123333333335
2020-03-21T14:00:00Z,6165.170166666666
2020-03-21T15:00:00Z,6213.396712962963
2020-03-21T16:00:00Z,6217.313694444444
2020-03-21T17:00:00Z,6178.528648148148
2020-03-21T18:00:00Z,6164.515268518519
2020-03-21T19:00:00Z,6177.794648148149
2020-03-21T20:00:00Z,6242.822240740741
2020-03-21T21:00:00Z,6268.216842592592
2020-03-21T22:00:00Z,6249.726379629629
2020-03-21T23:00:00Z,6215.54038888889
2020-03-22T00:00:00Z,6191.564342592593
2020-03-22T01:00:00Z,6207.356546296297
2020-03-22T02:00:00Z,6243.216416666665
2020-03-22T03:00:00Z,6301.999324074073
2020-03-22T04:00:00Z,6339.203351851851
2020-03-22T05:00:00Z,6369.7316203703695
2020-03-22T06:00:00Z,6369.710925925926
2020-03-22T07:00:00Z,6349.624814814814
2020-03-22T08:00:00Z,6312.481833333331
2020-03-22T09:00:00Z,6293.349175925924
2020-03-22T10:00:00Z,6278.819981481481
2020-03-22T11:00:00Z,6237.496620370371
2020-03-22T12:00:00Z,6146.341722222222
2020-03-22T13:00:00Z,6062.373527777779
2020-03-22T14:00:00Z,6015.440425925927
2020-03-22T15:00:00Z,6014.634203703706
2020-03-22T16:00:00Z,6028.361138888889
2020-03-22T17:00:00Z,6030.003898148148
2020-03-22T18:00:00Z,6015.278648148148
2020-03-22T19:00:00Z,5972.983861111112
2020-03-22T20:00:00Z,5935.682074074074
2020-03-22T21:00:00Z,5949.087018518519
2020-03-22T22:00:00Z,5939.013555555556
2020-03-22T23:00:00Z,5898.558990740741
2020-03-23T00:00:00Z,5866.429703703704
2020-03-23T01:00:00Z,5847.858157407408
2020-03-23T02:00:00Z,5861.001157407409
2020-03-23T03:00:00Z,5900.458879629629
2020-03-23T04:00:00Z,5924.90112037037
2020-03-23T05:00:00Z,5925.818518518518
2020-03-23T06:00:00Z,5922.080324074075
2020-03-23T07:00:00Z,5902.547925925926
2020-03-23T08:00:00Z,5856.555231481481
2020-03-23T09:00:00Z,5812.699055555556
2020-03-23T10:00:00Z,5805.642787037038
2020-03-23T11:00:00Z,5822.950027777778
2020-03-23T12:00:00Z,5992.856953703704
2020-03-23T13:00:00Z,6194.0983611111105
2020-03-23T14:00:00Z,6338.197675925924
2020-03-23T15:00:00Z,6385.815768518518
2020-03-23T16:00:00Z,6405.669462962964
2020-03-23T17:00:00Z,6393.647861111112
2020-03-23T18:00:00Z,6365.642240740744
2020-03-23T19:00:00Z,6331.965537037038
2020-03-23T20:00:00Z,6338.748462962964
2020-03-23T21:00:00Z,6391.97699074074
2020-03-23T22:00:00Z,6456.4395092592595
2020-03-23T23:00:00Z,6509.139740740741
2020-03-24T00:00:00Z,6566.39187962963
2020-03-24T01:00:00Z,6605.142296296297
2020-03-24T02:00:00Z,6641.012148148147
2020-03-24T03:00:00Z,6638.99736111111
2020-03-24T04:00:00Z,6581.471499999999
2020-03-24T05:00:00Z,6524.872574074074
2020-03-24T06:00:00Z,6512.326944444445
2020-03-24T07:00:00Z,6539.180185185186
2020-03-24T08:00:00Z,6623.760601851852
2020-03-24T09:00:00Z,6727.03775925926
2020-03-24T10:00:00Z,6796.52412037037
2020-03-24T11:00:00Z,6826.6878981481495
2020-03-24T12:00:00Z,6799.118037037038
2020-03-24T13:00:00Z,6757.796361111112
2020-03-24T14:00:00Z,6706.267018518517
2020-03-24T15:00:00Z,6654.8978611111115
2020-03-24T16:00:00Z,6618.425027777776
2020-03-24T17:00:00Z,6616.019074074073
2020-03-24T18:00:00Z,6635.115833333332
2020-03-24T19:00:00Z,6673.522296296295
2020-03-24T20:00:00Z,6718.3722870370375
2020-03-24T21:00:00Z,6743.833212962961
2020-03-24T22:00:00Z,6770.458675925926
2020-03-24T23:00:00Z,6785.03862962963
2020-03-25T00:00:00Z,6775.905694444445
2020-03-25T01:00:00Z,6724.6435833333335
2020-03-25T02:00:00Z,6656.311648148148
2020-03-25T03:00:00Z,6589.6083240740745
2020-03-25T04:00:00Z,6564.636814814815
2020-03-25T05:00:00Z,6600.60349074074
2020-03-25T06:00:00Z,6657.386777777778
2020-03-25T07:00:00Z,6703.681694444444
2020-03-25T08:00:00Z,6756.033907407408
2020-03-25T09:00:00Z,6825.01226851852
2020-03-25T10:00:00Z,6805.415037037038
2020-03-25T11:00:00Z,6711.266509259259
2020-03-25T12:00:00Z,6612.122018518518
2020-03-25T13:00:00Z,6547.969935185185
2020-03-25T14:00:00Z,6553.229944444443
2020-03-25T15:00:00Z,6587.648166666667
2020-03-25T16:00:00Z,6633.5564814814825
2020-03-25T17:00:00Z,6664.31363888889
2020-03-25T18:00:00Z,6679.701046296298
2020-03-25T19:00:00Z,6671.192435185186
2020-03-25T20:00:00Z,6642.177648148149
2020-03-25T21:00:00Z,6612.867342592593
2020-03-25T22:00:00Z,6622.192222222223
2020-03-25T23:00:00Z,6653.423888888889
2020-03-26T00:00:00Z,6708.074833333333
2020-03-26T01:00:00Z,6740.717629629628
2020-03-26T02:00:00Z,6746.455138888889
2020-03-26T03:00:00Z,6746.885592592592
2020-03-26T04:00:00Z,6735.178935185184
2020-03-26T05:00:00Z,6704.60225
2020-03-26T06:00:00Z,6670.550194444445
2020-03-26T07:00:00Z,6630.103814814814
2020-03-26T08:00:00Z,6606.172009259259
2020-03-26T09:00:00Z,6601.78736111111
2020-03-26T10:00:00Z,6608.990546296297
2020-03-26T11:00:00Z,6616.028148148148
2020-03-26T12:00:00Z,6622.556018518518
2020-03-26T13:00:00Z,6631.675638888889
2020-03-26T14:00:00Z,6629.328333333332
2020-03-26T15:00:00Z,6628.412351851851
2020-03-26T16:00:00Z,6636.044472222223
2020-03-26T17:00:00Z,6646.428666666669
2020-03-26T18:00:00Z,6661.038981481482
2020-03-26T19:00:00Z,6674.295777777778
2020-03-26T20:00:00Z,6703.32975925926
2020-03-26T21:00:00Z,6732.693611111111
2020-03-26T22:00:00Z,6748.11575
2020-03-26T23:00:00Z,6758.037185185184
2020-03-27T00:00:00Z,6788.049083333334
2020-03-27T01:00:00Z,6823.320425925926
2020-03-27T02:00:00Z,6844.390842592594
2020-03-27T03:00:00Z,6847.6935370370375
2020-03-27T04:00:00Z,6820.33425
2020-03-27T05:00:00Z,6760.092879629629
2020-03-27T06:00:00Z,6701.851157407408
2020-03-27T07:00:00Z,6674.890342592592
2020-03-27T08:00:00Z,6669.536499999999
2020-03-27T09:00:00Z,6668.909388888888
2020-03-27T10:00:00Z,6661.927499999998
2020-03-27T11:00:00Z,6645.031129629628
2020-03-27T12:00:00Z,6632.9259722222205
2020-03-27T13:00:00Z,6616.118138888888
2020-03-27T14:00:00Z,6608.49349074074
2020-03-27T15:00:00Z,6610.754703703703
2020-03-27T16:00:00Z,6624.170694444445
2020-03-27T17:00:00Z,6638.867842592593
2020-03-27T18:00:00Z,6652.111129629629
2020-03-27T19:00:00Z,6663.025555555556
2020-03-27T20:00:00Z,6675.302361111112
2020-03-27T21:00:00Z,6687.104703703703
2020-03-27T22:00:00Z,6691.123481481482
2020-03-27T23:00:00Z,6598.926879629628
2020-03-28T00:00:00Z,6452.387740740741
2020-03-28T01:00:00Z,6302.347953703703
2020-03-28T02:00:00Z,6200.244185185184
2020-03-28T03:00:00Z,6123.977694444443
2020-03-28T04:00:00Z,6092.084907407407
2020-03-28T05:00:00Z,6088.562064814815
2020-03-28T06:00:00Z,6105.047240740743
2020-03-28T07:00:00Z,6138.9925
2020-03-28T08:00:00Z,6192.149185185187
2020-03-28T09:00:00Z,6243.801527777779
2020-03-28T10:00:00Z,6281.952351851852
2020-03-28T11:00:00Z,6290.36275925926
2020-03-28T12:00:00Z,6279.459787037037
2020-03-28T13:00:00Z,6260.796583333334
2020-03-28T14:00:00Z,6250.518638888888
2020-03-28T15:00:00Z,6241.522055555554
2020-03-28T16:00:00Z,6239.255898148149
2020-03-28T17:00:00Z,6178.375824074074
2020-03-28T18:00:00Z,6137.845129629631
2020-03-28T19:00:00Z,6136.905962962963
2020-03-28T20:00:00Z,6179.98100925926
2020-03-28T21:00:00Z,6228.433953703705
2020-03-28T22:00:00Z,6251.438564814816
2020-03-28T23:00:00Z,6260.192842592592
2020-03-29T00:00:00Z,6251.208175925926
2020-03-29T01:00:00Z,6240.3848425925935
2020-03-29T02:00:00Z,6226.917898148148
2020-03-29T03:00:00Z,6217.435185185185
2020-03-29T04:00:00Z,6212.785481481482
2020-03-29T05:00:00Z,6193.970657407408
2020-03-29T06:00:00Z,6170.995185185184
2020-03-29T07:00:00Z,6150.807777777777
2020-03-29T08:00:00Z,6134.149175925926
2020-03-29T09:00:00Z,6111.568157407407
2020-03-29T10:00:00Z,6115.524481481482
2020-03-29T11:00:00Z,6124.232898148148
2020-03-29T12:00:00Z,6132.465138888889
2020-03-29T13:00:00Z,6133.866953703705
2020-03-29T14:00:00Z,6135.166296296297
2020-03-29T15:00:00Z,6135.4073518518535
2020-03-29T16:00:00Z,6121.61239814815
2020-03-29T17:00:00Z,6108.0988518518525
2020-03-29T18:00:00Z,6085.571592592593
2020-03-29T19:00:00Z,6018.258398148148
2020-03-29T20:00:00Z,5953.162148148149
2020-03-29T21:00:00Z,5892.986666666665
2020-03-29T22:00:00Z,5865.543592592592
2020-03-29T23:00:00Z,5854.061324074074
2020-03-30T00:00:00Z,5858.251490740742
2020-03-30T01:00:00Z,5882.775277777778
2020-03-30T02:00:00Z,5928.721833333332
2020-03-30T03:00:00Z,5981.757740740741
2020-03-30T04:00:00Z,6030.149666666668
2020-03-30T05:00:00Z,6112.150453703704
2020-03-30T06:00:00Z,6200.34962037037
2020-03-30T07:00:00Z,6276.443583333333
2020-03-30T08:00:00Z,6326.287222222221
2020-03-30T09:00:00Z,6337.606388888889
2020-03-30T10:00:00Z,6336.140842592594
2020-03-30T11:00:00Z,6352.627166666668
2020-03-30T12:00:00Z,6361.205611111112
2020-03-30T13:00:00Z,6360.142416666669
2020-03-30T14:00:00Z,6354.836453703702
2020-03-30T15:00:00Z,6353.016333333333
2020-03-30T16:00:00Z,6366.331018518517
2020-03-30T17:00:00Z,6377.296175925924
2020-03-30T18:00:00Z,6384.840916666665
2020-03-30T19:00:00Z,6386.679620370371
2020-03-30T20:00:00Z,6416.138712962963
2020-03-30T21:00:00Z,6476.604416666666
2020-03-30T22:00:00Z,6519.224925925926
2020-03-30T23:00:00Z,6511.120203703703
2020-03-31T00:00:00Z,6482.057472222222
2020-03-31T01:00:00Z,6475.006759259258
2020-03-31T02:00:00Z,6474.527518518519
2020-03-31T03:00:00Z,6471.446222222224
2020-03-31T04:00:00Z,6445.0680555555555
2020-03-31T05:00:00Z,6419.540472222223
2020-03-31T06:00:00Z,6421.010953703703
2020-03-31T07:00:00Z,6434.124314814813
2020-03-31T08:00:00Z,6464.729175925925
2020-03-31T09:00:00Z,6475.339268518517
2020-03-31T10:00:00Z,6468.782601851853
2020-03-31T11:00:00Z,6441.61000925926
2020-03-31T12:00:00Z,6427.906944444446
2020-03-31T13:00:00Z,6422.922148148148
2020-03-31T14:00:00Z,6436.487833333335
2020-03-31T15:00:00Z,6454.192148148148
2020-03-31T16:00:00Z,6459.974787037037
2020-03-31T17:00:00Z,6464.356796296295
2020-03-31T18:00:00Z,6468.431657407408
2020-03-31T19:00:00Z,6474.943351851853
2020-03-31T20:00:00Z,6481.447925925927
2020-03-31T21:00:00Z,6478.547083333335
2020-03-31T22:00:00Z,6465.929277777778
2020-03-31T23:00:00Z,6445.101324074075
2020-04-01T00:00:00Z,6393.03487962963
2020-04-01T01:00:00Z,6330.65362037037
2020-04-01T02:00:00Z,6288.606824074074
2020-04-01T03:00:00Z,6291.765712962962
2020-04-01T04:00:00Z,6315.524824074074
2020-04-01T05:00:00Z,6328.409324074073
2020-04-01T06:00:00Z,6324.616462962963
2020-04-01T07:00:00Z,6320.801518518519
2020-04-01T08:00:00Z,6317.4774074074085
2020-04-01T09:00:00Z,6313.794685185185
2020-04-01T10:00:00Z,6305.681444444445
2020-04-01T11:00:00Z,6297.666231481482
2020-04-01T12:00:00Z,6271.853175925925
2020-04-01T13:00:00Z,6237.692851851852
2020-04-01T14:00:00Z,6221.360824074075
2020-04-01T15:00:00Z,6218.113555555555
2020-04-01T16:00:00Z,6211.316583333333
2020-04-01T17:00:00Z,6203.397472222224
2020-04-01T18:00:00Z,6194.151629629631
2020-04-01T19:00:00Z,6194.20886111111
2020-04-01T20:00:00Z,6242.1949814814825
2020-04-01T21:00:00Z,6311.731046296295
2020-04-01T22:00:00Z,6425.260564814814
2020-04-01T23:00:00Z,6565.844851851852
2020-04-02T00:00:00Z,6676.299694444445
2020-04-02T01:00:00Z,6717.28299074074
2020-04-02T02:00:00Z,6710.685185185185
2020-04-02T03:00:00Z,6681.170722222222
2020-04-02T04:00:00Z,6652.893962962963
2020-04-02T05:00:00Z,6635.195120370371
2020-04-02T06:00:00Z,6634.920972222222
2020-04-02T07:00:00Z,6647.3957314814825
2020-04-02T08:00:00Z,6663.972611111111
2020-04-02T09:00:00Z,6672.189601851852
2020-04-02T10:00:00Z,6672.391388888889
2020-04-02T11:00:00Z,6681.1021851851865
2020-04-02T12:00:00Z,6685.006638888888
2020-04-02T13:00:00Z,6678.952370370372
2020-04-02T14:00:00Z,6708.0389814814835
2020-04-02T15:00:00Z,6759.862787037037
2020-04-02T16:00:00Z,6845.6674907407405
2020-04-02T17:00:00Z,6973.36248148148
2020-04-02T18:00:00Z,6999.880388888888
2020-04-02T19:00:00Z,6956.042787037036
2020-04-02T20:00:00Z,6857.2699629629615
2020-04-02T21:00:00Z,6794.144435185185
2020-04-02T22:00:00Z,6787.097935185186
2020-04-02T23:00:00Z,6797.1667777777775
2020-04-03T00:00:00Z,6788.691814814813
2020-04-03T01:00:00Z,6781.531212962963
2020-04-03T02:00:00Z,6783.537398148149
2020-04-03T03:00:00Z,6787.162361111111
2020-04-03T04:00:00Z,6789.973148148148
2020-04-03T05:00:00Z,6786.1184907407405
2020-04-03T06:00:00Z,6789.03262962963
2020-04-03T07:00:00Z,6837.762444444445
2020-04-03T08:00:00Z,6900.026287037036
2020-04-03T09:00:00Z,6961.47486111111
2020-04-03T10:00:00Z,7013.160657407408
2020-04-03T11:00:00Z,7043.817703703705
2020-04-03T12:00:00Z,7029.16887037037
2020-04-03T13:00:00Z,6965.215925925925
2020-04-03T14:00:00Z,6873.881851851853
2020-04-03T15:00:00Z,6773.9596388888895
2020-04-03T16:00:00Z,6714.601722222223
2020-04-03T17:00:00Z,6684.367851851853
2020-04-03T18:00:00Z,6687.693898148148
2020-04-03T19:00:00Z,6714.887657407407
2020-04-03T20:00:00Z,6724.189777777778
2020-04-03T21:00:00Z,6728.065648148148
2020-04-03T22:00:00Z,6738.610722222223
2020-04-03T23:00:00Z,6745.3490833333335
2020-04-04T00:00:00Z,6754.288879629629
2020-04-04T01:00:00Z,6760.740916666667
2020-04-04T02:00:00Z,6741.7848981481475
2020-04-04T03:00:00Z,6717.947435185185
2020-04-04T04:00:00Z,6703.6220370370365
2020-04-04T05:00:00Z,6706.789222222222
2020-04-04T06:00:00Z,6720.855416666665
2020-04-04T07:00:00Z,6735.572703703704
2020-04-04T08:00:00Z,6758.722962962963
2020-04-04T09:00:00Z,6799.727712962963
2020-04-04T10:00:00Z,6854.538046296297
2020-04-04T11:00:00Z,6845.1622592592585
2020-04-04T12:00:00Z,6798.609009259259
2020-04-04T13:00:00Z,6746.164592592592
2020-04-04T14:00:00Z,6711.223416666667
2020-04-04T15:00:00Z,6706.488833333334
2020-04-04T16:00:00Z,6732.348962962965
2020-04-04T17:00:00Z,6765.189805555557
2020-04-04T18:00:00Z,6790.77875925926
2020-04-04T19:00:00Z,6793.491231481484
2020-04-04T20:00:00Z,6804.660824074075
2020-04-04T21:00:00Z,6834.233712962964
2020-04-04T22:00:00Z,6864.538787037037
2020-04-04T23:00:00Z,6887.854685185187
2020-04-05T00:00:00Z,6894.849398148151
2020-04-05T01:00:00Z,6888.25925925926
2020-04-05T02:00:00Z,6875.268564814815
2020-04-05T03:00:00Z,6847.412907407407
2020-04-05T04:00:00Z,6810.751657407408
2020-04-05T05:00:00Z,6782.72075925926
2020-04-05T06:00:00Z,6765.320925925927
2020-04-05T07:00:00Z,6760.363175925927
2020-04-05T08:00:00Z,6764.264305555557
2020-04-05T09:00:00Z,6767.736333333334
2020-04-05T10:00:00Z,6764.3905370370385
2020-04-05T11:00:00Z,6764.993240740742
2020-04-05T12:00:00Z,6772.948083333334
2020-04-05T13:00:00Z,6787.141333333333
2020-04-05T14:00:00Z,6793.022935185184
2020-04-05T15:00:00Z,6794.935972222222
2020-04-05T16:00:00Z,6791.374638888888
2020-04-05T17:00:00Z,6794.405212962963
2020-04-05T18:00:00Z,6799.327833333333
2020-04-05T19:00:00Z,6804.699583333332
2020-04-05T20:00:00Z,6794.150629629631
2020-04-05T21:00:00Z,6777.451101851852
2020-04-05T22:00:00Z,6775.116712962964
2020-04-05T23:00:00Z,6775.911537037037
2020-04-06T00:00:00Z,6809.054490740741
2020-04-06T01:00:00Z,6841.281194444445
2020-04-06T02:00:00Z,6858.295379629631
2020-04-06T03:00:00Z,6863.765703703703
2020-04-06T04:00:00Z,6892.73263888889
2020-04-06T05:00:00Z,6948.620268518519
2020-04-06T06:00:00Z,7031.587537037038
2020-04-06T07:00:00Z,7087.4016388888895
2020-04-06T08:00:00Z,7109.218444444444
2020-04-06T09:00:00Z,7123.147916666666
2020-04-06T10:00:00Z,7124.366472222221
2020-04-06T11:00:00Z,7127.764972222222
2020-04-06T12:00:00Z,7136.949148148148
2020-04-06T13:00:00Z,7138.459277777777
2020-04-06T14:00:00Z,7134.501685185184
2020-04-06T15:00:00Z,7138.645990740741
2020-04-06T16:00:00Z,7148.5394259259265
2020-04-06T17:00:00Z,7180.580944444445
2020-04-06T18:00:00Z,7224.0493611111115
2020-04-06T19:00:00Z,7268.657194444444
2020-04-06T20:00:00Z,7284.6682407407425
2020-04-06T21:00:00Z,7297.442777777778
2020-04-06T22:00:00Z,7299.7463425925935
2020-04-06T23:00:00Z,7317.814305555556
2020-04-07T00:00:00Z,7350.322898148148
2020-04-07T01:00:00Z,7374.256166666667
2020-04-07T02:00:00Z,7373.4956388888895
2020-04-07T03:00:00Z,7358.406388888889
2020-04-07T04:00:00Z,7318.2129537037035
2020-04-07T05:00:00Z,7285.849574074074
2020-04-07T06:00:00Z,7276.546111111112
2020-04-07T07:00:00Z,7307.734185185186
2020-04-07T08:00:00Z,7348.739148148149
2020-04-07T09:00:00Z,7384.219546296296
2020-04-07T10:00:00Z,7419.11536111111
2020-04-07T11:00:00Z,7430.561583333331
2020-04-07T12:00:00Z,7414.481444444443
2020-04-07T13:00:00Z,7387.161907407407
2020-04-07T14:00:00Z,7339.788824074075
2020-04-07T15:00:00Z,7310.64875925926
2020-04-07T16:00:00Z,7314.708527777778
2020-04-07T17:00:00Z,7334.480916666667
2020-04-07T18:00:00Z,7341.383027777777
2020-04-07T19:00:00Z,7326.681388888889
2020-04-07T20:00:00Z,7250.957407407409
2020-04-07T21:00:00Z,7179.20012962963
2020-04-07T22:00:00Z,7132.400351851851
2020-04-07T23:00:00Z,7129.565601851852
2020-04-08T00:00:00Z,7140.2255000000005
2020-04-08T01:00:00Z,7149.438499999999
2020-04-08T02:00:00Z,7185.338277777778
2020-04-08T03:00:00Z,7255.387601851852
2020-04-08T04:00:00Z,7332.881564814817
2020-04-08T05:00:00Z,7404.444962962964
2020-04-08T06:00:00Z,7417.749870370371
2020-04-08T07:00:00Z,7395.445712962963
2020-04-08T08:00:00Z,7350.171314814816
2020-04-08T09:00:00Z,7313.946314814816
2020-04-08T10:00:00Z,7279.975268518519
2020-04-08T11:00:00Z,7267.588490740741
2020-04-08T12:00:00Z,7266.140620370369
2020-04-08T13:00:00Z,7252.178027777776
2020-04-08T14:00:00Z,7247.291037037037
2020-04-08T15:00:00Z,7250.557138888889
2020-04-08T16:00:00Z,7278.841416666667
2020-04-08T17:00:00Z,7308.380546296296
2020-04-08T18:00:00Z,7330.8221296296315
2020-04-08T19:00:00Z,7338.073962962965
2020-04-08T20:00:00Z,7336.658777777781
2020-04-08T21:00:00Z,7335.895851851853
2020-04-08T22:00:00Z,7345.950555555556
2020-04-08T23:00:00Z,7361.300648148147
2020-04-09T00:00:00Z,7370.435712962962
2020-04-09T01:00:00Z,7360.859388888887
2020-04-09T02:00:00Z,7343.235546296296
2020-04-09T03:00:00Z,7317.009370370371
2020-04-09T04:00:00Z,7296.521222222222
2020-04-09T05:00:00Z,7290.6111203703695
2020-04-09T06:00:00Z,7297.269129629628
2020-04-09T07:00:00Z,7315.638888888888
2020-04-09T08:00:00Z,7335.765037037038
2020-04-09T09:00:00Z,7338.282851851854
2020-04-09T10:00:00Z,7331.688333333335
2020-04-09T11:00:00Z,7283.973981481485
2020-04-09T12:00:00Z,7263.82477777778
2020-04-09T13:00:00Z,7277.36575
2020-04-09T14:00:00Z,7307.505759259259
2020-04-09T15:00:00Z,7322.907444444444
2020-04-09T16:00:00Z,7316.609657407407
2020-04-09T17:00:00Z,7305.033842592594
2020-04-09T18:00:00Z,7286.035685185186
2020-04-09T19:00:00Z,7272.687046296295
2020-04-09T20:00:00Z,7273.825648148147
2020-04-09T21:00:00Z,7289.741462962961
2020-04-09T22:00:00Z,7310.669212962963
2020-04-09T23:00:00Z,7319.323870370371
2020-04-10T00:00:00Z,7317.620703703705
2020-04-10T01:00:00Z,7301.616287037036
2020-04-10T02:00:00Z,7279.134787037035
2020-04-10T03:00:00Z,7236.830157407406
2020-04-10T04:00:00Z,7183.966574074072
2020-04-10T05:00:00Z,7083.092870370369
2020-04-10T06:00:00Z,6983.171444444444
2020-04-10T07:00:00Z,6904.619361111111
2020-04-10T08:00:00Z,6863.691916666668
2020-04-10T09:00:00Z,6859.302824074075
2020-04-10T10:00:00Z,6876.085814814814
2020-04-10T11:00:00Z,6890.139583333333
2020-04-10T12:00:00Z,6905.5633148148145
2020-04-10T13:00:00Z,6912.144490740741
2020-04-10T14:00:00Z,6897.662083333333
2020-04-10T15:00:00Z,6850.12497222222
2020-04-10T16:00:00Z,6823.799851851851
2020-04-10T17:00:00Z,6824.477268518517
2020-04-10T18:00:00Z,6860.025046296297
2020-04-10T19:00:00Z,6900.792833333334
2020-04-10T20:00:00Z,6927.9244444444475
2020-04-10T21:00:00Z,6934.2047222222245
2020-04-10T22:00:00Z,6915.868111111112
2020-04-10T23:00:00Z,6891.7505555555545
2020-04-11T00:00:00Z,6884.566712962963
2020-04-11T01:00:00Z,6892.504194444445
2020-04-11T02:00:00Z,6908.231083333335
2020-04-11T03:00:00Z,6921.508833333333
2020-04-11T04:00:00Z,6929.091694444444
2020-04-11T05:00:00Z,6935.836629629633
2020-04-11T06:00:00Z,6939.868064814816
2020-04-11T07:00:00Z,6928.1047777777785
2020-04-11T08:00:00Z,6908.204990740739
2020-04-11T09:00:00Z,6883.764064814814
2020-04-11T10:00:00Z,6860.108916666667
2020-04-11T11:00:00Z,6855.568185185185
2020-04-11T12:00:00Z,6861.679203703704
2020-04-11T13:00:00Z,6867.170101851853
2020-04-11T14:00:00Z,6857.328416666666
2020-04-11T15:00:00Z,6843.955333333334
2020-04-11T16:00:00Z,6828.852416666666
2020-04-11T17:00:00Z,6810.864833333333
2020-04-11T18:00:00Z,6804.47462962963
2020-04-11T19:00:00Z,6802.251037037036
2020-04-11T20:00:00Z,6799.100175925926
2020-04-11T21:00:00Z,6818.17225925926
2020-04-11T22:00:00Z,6845.077574074075
2020-04-11T23:00:00Z,6875.924750000001
2020-04-12T00:00:00Z,6893.714657407408
2020-04-12T01:00:00Z,6890.996583333334
2020-04-12T02:00:00Z,6869.243842592594
2020-04-12T03:00:00Z,6840.92087037037
2020-04-12T04:00:00Z,6822.106814814815
2020-04-12T05:00:00Z,6819.113333333334
2020-04-12T06:00:00Z,6824.1194629629645
2020-04-12T07:00:00Z,6832.020500000001
2020-04-12T08:00:00Z,6838.374694444446
2020-04-12T09:00:00Z,6846.693944444444
2020-04-12T10:00:00Z,6850.338361111112
2020-04-12T11:00:00Z,6856.185185185185
2020-04-12T12:00:00Z,6879.303074074075
2020-04-12T13:00:00Z,6910.064759259258
2020-04-12T14:00:00Z,6952.4250277777755
2020-04-12T15:00:00Z,7003.344861111112
2020-04-12T16:00:00Z,7083.176990740742
2020-04-12T17:00:00Z,7147.527722222224
2020-04-12T18:00:00Z,7181.42549074074
2020-04-12T19:00:00Z,7186.109287037037
2020-04-12T20:00:00Z,7169.993342592592
2020-04-12T21:00:00Z,7153.418138888889
2020-04-12T22:00:00Z,7114.0533888888895
2020-04-12T23:00:00Z,7030.240833333334
2020-04-13T00:00:00Z,6886.440759259259
2020-04-13T01:00:00Z,6737.732499999999
2020-04-13T02:00:00Z,6643.677064814813
2020-04-13T03:00:00Z,6605.16875925926
2020-04-13T04:00:00Z,6612.297435185185
2020-04-13T05:00:00Z,6638.297055555556
2020-04-13T06:00:00Z,6678.0552962962975
2020-04-13T07:00:00Z,6705.172009259259
2020-04-13T08:00:00Z,6719.292240740741
2020-04-13T09:00:00Z,6715.457314814815
2020-04-13T10:00:00Z,6715.267074074075
2020-04-13T11:00:00Z,6739.248842592594
2020-04-13T12:00:00Z,6746.010962962963
2020-04-13T13:00:00Z,6714.835074074074
2020-04-13T14:00:00Z,6695.921879629631
2020-04-13T15:00:00Z,6709.293870370372
2020-04-13T16:00:00Z,6742.917703703705
2020-04-13T17:00:00Z,6773.590592592594
2020-04-13T18:00:00Z,6785.524777777777
2020-04-13T19:00:00Z,6791.389472222222
2020-04-13T20:00:00Z,6806.94976851852
2020-04-13T21:00:00Z,6831.651305555555
2020-04-13T22:00:00Z,6866.771027777776
2020-04-13T23:00:00Z,6888.17349074074
2020-04-14T00:00:00Z,6889.9719351851845
2020-04-14T01:00:00Z,6883.086111111111
2020-04-14T02:00:00Z,6875.141148148148
2020-04-14T03:00:00Z,6881.451185185186
2020-04-14T04:00:00Z,6893.513898148148
2020-04-14T05:00:00Z,6904.697453703703
2020-04-14T06:00:00Z,6906.062583333333
2020-04-14T07:00:00Z,6885.410009259261
2020-04-14T08:00:00Z,6844.9170185185185
2020-04-14T09:00:00Z,6825.007777777777
2020-04-14T10:00:00Z,6820.241342592594
2020-04-14T11:00:00Z,6829.173981481482
2020-04-14T12:00:00Z,6843.275601851852
2020-04-14T13:00:00Z,6868.86762962963
2020-04-14T14:00:00Z,6895.301833333335
2020-04-14T15:00:00Z,6919.253796296297
2020-04-14T16:00:00Z,6946.587462962964
2020-04-14T17:00:00Z,6958.135518518519
2020-04-14T18:00:00Z,6954.403185185186
2020-04-14T19:00:00Z,6943.626148148146
2020-04-14T20:00:00Z,6916.644203703702
2020-04-14T21:00:00Z,6885.716527777778
2020-04-14T22:00:00Z,6867.657777777778
2020-04-14T23:00:00Z,6860.944305555556
2020-04-15T00:00:00Z,6853.268055555555
2020-04-15T01:00:00Z,6856.8325092592595
2020-04-15T02:00:00Z,6870.688444444445
2020-04-15T03:00:00Z,6892.414101851852
2020-04-15T04:00:00Z,6909.187388888889
2020-04-15T05:00:00Z,6920.073694444444
2020-04-15T06:00:00Z,6918.047055555554
2020-04-15T07:00:00Z,6902.646388888889
2020-04-15T08:00:00Z,6878.36537037037
2020-04-15T09:00:00Z,6853.810407407407
2020-04-15T10:00:00Z,6820.999277777778
2020-04-15T11:00:00Z,6789.534796296296
2020-04-15T12:00:00Z,6747.802203703705
2020-04-15T13:00:00Z,6717.222648148151
2020-04-15T14:00:00Z,6700.890888888891
2020-04-15T15:00:00Z,6691.370879629631
2020-04-15T16:00:00Z,6698.3502314814805
2020-04-15T17:00:00Z,6716.758064814814
2020-04-15T18:00:00Z,6740.318370370369
2020-04-15T19:00:00Z,6751.42435185185
2020-04-15T20:00:00Z,6754.808092592591
2020-04-15T21:00:00Z,6749.1000092592585
2020-04-15T22:00:00Z,6735.843833333332
2020-04-15T23:00:00Z,6694.231203703702
2020-04-16T00:00:00Z,6632.443861111111
2020-04-16T01:00:00Z,6591.499240740741
2020-04-16T02:00:00Z,6584.632296296296
2020-04-16T03:00:00Z,6607.792611111111
2020-04-16T04:00:00Z,6628.608398148149
2020-04-16T05:00:00Z,6640.986194444445
2020-04-16T06:00:00Z,6659.645055555557
2020-04-16T07:00:00Z,6741.952685185187
2020-04-16T08:00:00Z,6889.629250000001
2020-04-16T09:00:00Z,7031.561194444445
2020-04-16T10:00:00Z,7099.644305555555
2020-04-16T11:00:00Z,7110.354296296296
2020-04-16T12:00:00Z,7103.246518518518
2020-04-16T13:00:00Z,7073.4839999999995
2020-04-16T14:00:00Z,7052.245287037037
2020-04-16T15:00:00Z,7045.40838888889
2020-04-16T16:00:00Z,7037.11437962963
2020-04-16T17:00:00Z,7029.422583333333
2020-04-16T18:00:00Z,7020.67525
2020-04-16T19:00:00Z,7033.945287037037
2020-04-16T20:00:00Z,7051.951055555556
2020-04-16T21:00:00Z,7073.145796296296
2020-04-16T22:00:00Z,7114.551314814814
2020-04-16T23:00:00Z,7140.146814814815
2020-04-17T00:00:00Z,7138.5091296296305
2020-04-17T01:00:00Z,7129.34275
2020-04-17T02:00:00Z,7105.487046296296
2020-04-17T03:00:00Z,7091.32476851852
2020-04-17T04:00:00Z,7071.806518518519
2020-04-17T05:00:00Z,7061.271194444445
2020-04-17T06:00:00Z,7055.546925925926
2020-04-17T07:00:00Z,7053.565462962964
2020-04-17T08:00:00Z,7058.904157407407
2020-04-17T09:00:00Z,7076.594537037036
2020-04-17T10:00:00Z,7097.915935185185
2020-04-17T11:00:00Z,7106.623416666669
2020-04-17T12:00:00Z,7111.681305555557
2020-04-17T13:00:00Z,7101.2146296296305
2020-04-17T14:00:00Z,7076.147981481481
2020-04-17T15:00:00Z,7052.610740740743
2020-04-17T16:00:00Z,7042.296750000001
2020-04-17T17:00:00Z,7040.343416666667
2020-04-17T18:00:00Z,7039.741842592593
2020-04-17T19:00:00Z,7048.24350925926
2020-04-17T20:00:00Z,7054.98063888889
2020-04-17T21:00:00Z,7057.639879629631
2020-04-17T22:00:00Z,7058.128527777779
2020-04-17T23:00:00Z,7049.599518518519
2020-04-18T00:00:00Z,7052.484129629629
2020-04-18T01:00:00Z,7064.171537037036
2020-04-18T02:00:00Z,7080.657129629629
2020-04-18T03:00:00Z,7097.3019537037035
2020-04-18T04:00:00Z,7105.751620370371
2020-04-18T05:00:00Z,7112.2093888888885
2020-04-18T06:00:00Z,7112.255787037037
2020-04-18T07:00:00Z,7110.460175925927
2020-04-18T08:00:00Z,7107.259277777776
2020-04-18T09:00:00Z,7103.447851851852
2020-04-18T10:00:00Z,7096.957398148148
2020-04-18T11:00:00Z,7100.223972222222
2020-04-18T12:00:00Z,7114.000037037037
2020-04-18T13:00:00Z,7164.838055555553
2020-04-18T14:00:00Z,7220.0266388888895
2020-04-18T15:00:00Z,7263.395092592593
2020-04-18T16:00:00Z,7267.568888888888
2020-04-18T17:00:00Z,7246.015611111111
2020-04-18T18:00:00Z,7219.178185185185
2020-04-18T19:00:00Z,7207.532101851852
2020-04-18T20:00:00Z,7213.568462962961
2020-04-18T21:00:00Z,7224.47348148148
2020-04-18T22:00:00Z,7247.334805555554
2020-04-18T23:00:00Z,7265.144212962962
2020-04-19T00:00:00Z,7266.735120370369
2020-04-19T01:00:00Z,7257.221305555555
2020-04-19T02:00:00Z,7245.647731481481
2020-04-19T03:00:00Z,7239.110990740742
2020-04-19T04:00:00Z,7235.586916666668
2020-04-19T05:00:00Z,7201.398981481482
2020-04-19T06:00:00Z,7166.836083333335
2020-04-19T07:00:00Z,7140.440759259261
2020-04-19T08:00:00Z,7131.331296296298
2020-04-19T09:00:00Z,7143.878564814816
2020-04-19T10:00:00Z,7160.187351851852
2020-04-19T11:00:00Z,7170.9397314814805
2020-04-19T12:00:00Z,7173.508481481479
2020-04-19T13:00:00Z,7153.596972222222
2020-04-19T14:00:00Z,7128.421287037037
2020-04-19T15:00:00Z,7105.950712962965
2020-04-19T16:00:00Z,7101.199074074076
2020-04-19T17:00:00Z,7119.428962962964
2020-04-19T18:00:00Z,7142.772666666668
2020-04-19T19:00:00Z,7157.433564814815
2020-04-19T20:00:00Z,7161.640861111111
2020-04-19T21:00:00Z,7172.967212962964
2020-04-19T22:00:00Z,7184.477129629631
2020-04-19T23:00:00Z,7177.238416666667
2020-04-20T00:00:00Z,7170.510194444444
2020-04-20T01:00:00Z,7164.613999999999
2020-04-20T02:00:00Z,7169.57836111111
2020-04-20T03:00:00Z,7176.593398148148
2020-04-20T04:00:00Z,7182.80837037037
2020-04-20T05:00:00Z,7186.188472222221
2020-04-20T06:00:00Z,7185.320592592593
2020-04-20T07:00:00Z,7188.343240740741
2020-04-20T08:00:00Z,7182.397157407407
2020-04-20T09:00:00Z,7171.354833333334
2020-04-20T10:00:00Z,7137.428212962964
2020-04-20T11:00:00Z,7065.152398148148
2020-04-20T12:00:00Z,7012.7312037037045
2020-04-20T13:00:00Z,6986.1305740740745
2020-04-20T14:00:00Z,7002.523916666668
2020-04-20T15:00:00Z,7038.571657407407
2020-04-20T16:00:00Z,7062.405814814813
2020-04-20T17:00:00Z,7017.662759259259
2020-04-20T18:00:00Z,6938.834444444445
2020-04-20T19:00:00Z,6835.251138888888
2020-04-20T20:00:00Z,6783.106527777777
2020-04-20T21:00:00Z,6779.428601851851
2020-04-20T22:00:00Z,6813.653981481481
2020-04-20T23:00:00Z,6840.768833333333
2020-04-21T00:00:00Z,6864.291425925924
2020-04-21T01:00:00Z,6879.316907407408
2020-04-21T02:00:00Z,6879.445000000001
2020-04-21T03:00:00Z,6875.807333333333
2020-04-21T04:00:00Z,6868.13712962963
2020-04-21T05:00:00Z,6873.694916666667
2020-04-21T06:00:00Z,6883.910898148149
2020-04-21T07:00:00Z,6894.721648148149
2020-04-21T08:00:00Z,6894.856870370372
2020-04-21T09:00:00Z,6879.431851851853
2020-04-21T10:00:00Z,6852.541925925928
2020-04-21T11:00:00Z,6820.9769259259265
2020-04-21T12:00:00Z,6802.104824074074
2020-04-21T13:00:00Z,6805.813222222223
2020-04-21T14:00:00Z,6815.882101851853
2020-04-21T15:00:00Z,6829.160240740741
2020-04-21T16:00:00Z,6843.1530462962955
2020-04-21T17:00:00Z,6868.280990740742
2020-04-21T18:00:00Z,6890.356666666667
2020-04-21T19:00:00Z,6901.206962962962
2020-04-21T20:00:00Z,6904.800481481481
2020-04-21T21:00:00Z,6905.768638888888
2020-04-21T22:00:00Z,6908.097092592594
2020-04-21T23:00:00Z,6895.1875740740725
2020-04-22T00:00:00Z,6872.77687037037
2020-04-22T01:00:00Z,6854.479583333334
2020-04-22T02:00:00Z,6852.6035
2020-04-22T03:00:00Z,6860.648888888888
2020-04-22T04:00:00Z,6866.7922407407395
2020-04-22T05:00:00Z,6883.3917129629635
2020-04-22T06:00:00Z,6911.022953703705
2020-04-22T07:00:00Z,6940.937703703705
2020-04-22T08:00:00Z,6964.994814814814
2020-04-22T09:00:00Z,6977.689212962962
2020-04-22T10:00:00Z,6976.651222222223
2020-04-22T11:00:00Z,6973.265685185186
2020-04-22T12:00:00Z,6971.138740740741
2020-04-22T13:00:00Z,7002.646101851853
2020-04-22T14:00:00Z,7056.512444444445
2020-04-22T15:00:00Z,7113.828592592593
2020-04-22T16:00:00Z,7154.089814814814
2020-04-22T17:00:00Z,7157.2882129629625
2020-04-22T18:00:00Z,7143.2408703703695
2020-04-22T19:00:00Z,7122.03810185185
2020-04-22T20:00:00Z,7112.461324074074
2020-04-22T21:00:00Z,7107.917212962962
2020-04-22T22:00:00Z,7111.179972222223
2020-04-22T23:00:00Z,7121.645972222222
2020-04-23T00:00:00Z,7129.607157407406
2020-04-23T01:00:00Z,7150.404675925926
2020-04-23T02:00:00Z,7157.611453703704
2020-04-23T03:00:00Z,7151.599564814814
2020-04-23T04:00:00Z,7140.896407407407
2020-04-23T05:00:00Z,7124.407981481482
2020-04-23T06:00:00Z,7091.758472222221
2020-04-23T07:00:00Z,7063.1935370370375
2020-04-23T08:00:00Z,7052.908379629629
2020-04-23T09:00:00Z,7064.523324074072
2020-04-23T10:00:00Z,7076.77859259259
2020-04-23T11:00:00Z,7100.968046296296
2020-04-23T12:00:00Z,7137.37263888889
2020-04-23T13:00:00Z,7195.201074074076
2020-04-23T14:00:00Z,7339.177342592593
2020-04-23T15:00:00Z,7491.483842592592
2020-04-23T16:00:00Z,7596.206194444443
2020-04-23T17:00:00Z,7643.780824074073
2020-04-23T18:00:00Z,7638.029305555555
2020-04-23T19:00:00Z,7609.494027777779
2020-04-23T20:00:00Z,7580.354657407409
2020-04-23T21:00:00Z,7577.051935185186
2020-04-23T22:00:00Z,7580.706166666668
2020-04-23T23:00:00Z,7566.7588796296295
2020-04-24T00:00:00Z,7542.2676203703695
2020-04-24T01:00:00Z,7508.631694444443
2020-04-24T02:00:00Z,7495.746203703704
2020-04-24T03:00:00Z,7500.820305555557
2020-04-24T04:00:00Z,7518.456268518519
2020-04-24T05:00:00Z,7522.83789814815
2020-04-24T06:00:00Z,7527.552925925927
2020-04-24T07:00:00Z,7546.380861111112
2020-04-24T08:00:00Z,7564.366648148149
2020-04-24T09:00:00Z,7582.655666666668
2020-04-24T10:00:00Z,7577.038694444444
2020-04-24T11:00:00Z,7547.152407407408
2020-04-24T12:00:00Z,7515.392185185185
2020-04-24T13:00:00Z,7486.852675925926
2020-04-24T14:00:00Z,7477.705231481482
2020-04-24T15:00:00Z,7483.826824074075
2020-04-24T16:00:00Z,7499.165425925928
2020-04-24T17:00:00Z,7512.835287037037
2020-04-24T18:00:00Z,7522.424388888889
2020-04-24T19:00:00Z,7529.929222222222
2020-04-24T20:00:00Z,7535.2583888888885
2020-04-24T21:00:00Z,7530.93262962963
2020-04-24T22:00:00Z,7517.076759259257
2020-04-24T23:00:00Z,7506.043990740741
2020-04-25T00:00:00Z,7490.937212962963
2020-04-25T01:00:00Z,7484.378027777778
2020-04-25T02:00:00Z,7485.407759259259
2020-04-25T03:00:00Z,7499.630212962963
2020-04-25T04:00:00Z,7517.178925925927
2020-04-25T05:00:00Z,7542.61299074074
2020-04-25T06:00:00Z,7571.349574074074
2020-04-25T07:00:00Z,7586.526453703703
2020-04-25T08:00:00Z,7586.354398148148
2020-04-25T09:00:00Z,7578.017055555555
2020-04-25T10:00:00Z,7571.477222222223
2020-04-25T11:00:00Z,7561.067629629629
2020-04-25T12:00:00Z,7556.072962962964
2020-04-25T13:00:00Z,7567.22587037037
2020-04-25T14:00:00Z,7581.8802870370355
2020-04-25T15:00:00Z,7576.194212962963
2020-04-25T16:00:00Z,7563.856157407407
2020-04-25T17:00:00Z,7549.34126851852
2020-04-25T18:00:00Z,7539.226962962964
2020-04-25T19:00:00Z,7538.399092592594
2020-04-25T20:00:00Z,7542.263675925926
2020-04-25T21:00:00Z,7542.292842592593
2020-04-25T22:00:00Z,7542.208509259261
2020-04-25T23:00:00Z,7542.967685185185
2020-04-26T00:00:00Z,7551.867842592591
2020-04-26T01:00:00Z,7563.494314814813
2020-04-26T02:00:00Z,7573.702388888891
2020-04-26T03:00:00Z,7580.3304259259285
2020-04-26T04:00:00Z,7579.549435185186
2020-04-26T05:00:00Z,7567.428296296297
2020-04-26T06:00:00Z,7556.155833333334
2020-04-26T07:00:00Z,7548.645722222223
2020-04-26T08:00:00Z,7547.523842592592
2020-04-26T09:00:00Z,7560.130064814814
2020-04-26T10:00:00Z,7595.4453981481465
2020-04-26T11:00:00Z,7639.792407407407
2020-04-26T12:00:00Z,7671.5933611111095
2020-04-26T13:00:00Z,7695.741037037035
2020-04-26T14:00:00Z,7694.416851851852
2020-04-26T15:00:00Z,7651.834
2020-04-26T16:00:00Z,7601.485722222221
2020-04-26T17:00:00Z,7566.543055555554
2020-04-26T18:00:00Z,7569.157046296295
2020-04-26T19:00:00Z,7602.433953703704
2020-04-26T20:00:00Z,7638.680481481482
2020-04-26T21:00:00Z,7657.757999999999
2020-04-26T22:00:00Z,7654.463120370371
2020-04-26T23:00:00Z,7664.790111111112
2020-04-27T00:00:00Z,7699.309333333335
2020-04-27T01:00:00Z,7727.253888888891
2020-04-27T02:00:00Z,7749.877657407407
2020-04-27T03:00:00Z,7757.621499999998
2020-04-27T04:00:00Z,7758.451259259258
2020-04-27T05:00:00Z,7745.023222222223
2020-04-27T06:00:00Z,7713.558250000002
2020-04-27T07:00:00Z,7691.7773703703715
2020-04-27T08:00:00Z,7686.226870370371
2020-04-27T09:00:00Z,7695.193222222221
2020-04-27T10:00:00Z,7704.794444444444
2020-04-27T11:00:00Z,7714.400388888887
2020-04-27T12:00:00Z,7716.271129629628
2020-04-27T13:00:00Z,7713.887212962963
2020-04-27T14:00:00Z,7701.977583333333
2020-04-27T15:00:00Z,7690.258277777779
2020-04-27T16:00:00Z,7679.285472222223
2020-04-27T17:00:00Z,7671.070342592594
2020-04-27T18:00:00Z,7680.7245370370365
2020-04-27T19:00:00Z,7696.725462962963
2020-04-27T20:00:00Z,7711.205287037038
2020-04-27T21:00:00Z,7726.932203703703
2020-04-27T22:00:00Z,7750.771833333333
2020-04-27T23:00:00Z,7778.606712962962
2020-04-28T00:00:00Z,7788.857944444445
2020-04-28T01:00:00Z,7768.6336666666675
2020-04-28T02:00:00Z,7738.35838888889
2020-04-28T03:00:00Z,7713.00724074074
2020-04-28T04:00:00Z,7696.282388888889
2020-04-28T05:00:00Z,7691.167824074073
2020-04-28T06:00:00Z,7697.319120370371
2020-04-28T07:00:00Z,7706.097759259261
2020-04-28T08:00:00Z,7708.840500000001
2020-04-28T09:00:00Z,7722.300333333335
2020-04-28T10:00:00Z,7739.832120370372
2020-04-28T11:00:00Z,7752.647509259262
2020-04-28T12:00:00Z,7765.517157407409
2020-04-28T13:00:00Z,7763.592750000001
2020-04-28T14:00:00Z,7741.770175925926
2020-04-28T15:00:00Z,7722.546444444444
2020-04-28T16:00:00Z,7715.518574074075
2020-04-28T17:00:00Z,7721.548731481482
2020-04-28T18:00:00Z,7735.308185185185
2020-04-28T19:00:00Z,7739.949046296296
2020-04-28T20:00:00Z,7740.66337962963
2020-04-28T21:00:00Z,7740.063935185186
2020-04-28T22:00:00Z,7746.786972222223
2020-04-28T23:00:00Z,7756.515777777779
2020-04-29T00:00:00Z,7760.064972222225
2020-04-29T01:00:00Z,7765.489944444445
2020-04-29T02:00:00Z,7777.704842592593
2020-04-29T03:00:00Z,7800.507574074075
2020-04-29T04:00:00Z,7831.40413888889
2020-04-29T05:00:00Z,7863.7100925925915
2020-04-29T06:00:00Z,7912.697768518519
2020-04-29T07:00:00Z,7957.877703703703
2020-04-29T08:00:00Z,7987.238805555557
2020-04-29T09:00:00Z,8007.615046296298
2020-04-29T10:00:00Z,8057.4511296296305
2020-04-29T11:00:00Z,8119.523268518518
2020-04-29T12:00:00Z,8206.928537037034
2020-04-29T13:00:00Z,8295.661953703702
2020-04-29T14:00:00Z,8374.182972222223
2020-04-29T15:00:00Z,8426.760175925925
2020-04-29T16:00:00Z,8512.663509259257
2020-04-29T17:00:00Z,8635.652055555554
2020-04-29T18:00:00Z,8723.034259259259
2020-04-29T19:00:00Z,8784.421648148149
2020-04-29T20:00:00Z,8863.772398148149
2020-04-29T21:00:00Z,8924.084472222223
2020-04-29T22:00:00Z,8926.45288888889
2020-04-29T23:00:00Z,8886.669509259258
2020-04-30T00:00:00Z,8841.551814814815
2020-04-30T01:00:00Z,8828.689620370369
2020-04-30T02:00:00Z,8873.27775925926
2020-04-30T03:00:00Z,9034.922879629628
2020-04-30T04:00:00Z,9182.144555555555
2020-04-30T05:00:00Z,9333.904685185184
2020-04-30T06:00:00Z,9417.037722222221
2020-04-30T07:00:00Z,9396.21549074074
2020-04-30T08:00:00Z,9302.577333333333
2020-04-30T09:00:00Z,9052.184638888888
2020-04-30T10:00:00Z,8856.805648148149
2020-04-30T11:00:00Z,8740.230972222222
2020-04-30T12:00:00Z,8695.980194444443
2020-04-30T13:00:00Z,8725.397222222222
2020-04-30T14:00:00Z,8764.761962962964
2020-04-30T15:00:00Z,8788.32536111111
2020-04-30T16:00:00Z,8762.987055555554
2020-04-30T17:00:00Z,8676.49087962963
2020-04-30T18:00:00Z,8613.275944444444
2020-04-30T19:00:00Z,8645.31022222222
2020-04-30T20:00:00Z,8729.03549074074
2020-04-30T21:00:00Z,8794.91849074074
2020-04-30T22:00:00Z,8815.394212962963
2020-04-30T23:00:00Z,8760.423240740742
2020-05-01T00:00:00Z,8709.163296296296
2020-05-01T01:00:00Z,8666.975240740741
2020-05-01T02:00:00Z,8666.872814814815
2020-05-01T03:00:00Z,8672.005527777777
2020-05-01T04:00:00Z,8711.055388888888
2020-05-01T05:00:00Z,8763.909787037037
2020-05-01T06:00:00Z,8794.758879629631
2020-05-01T07:00:00Z,8806.468768518522
2020-05-01T08:00:00Z,8806.646111111113
2020-05-01T09:00:00Z,8823.209518518519
2020-05-01T10:00:00Z,8864.25662962963
2020-05-01T11:00:00Z,8937.037194444443
2020-05-01T12:00:00Z,8968.695157407406
2020-05-01T13:00:00Z,8936.305222222223
2020-05-01T14:00:00Z,8878.523898148147
2020-05-01T15:00:00Z,8798.576546296297
2020-05-01T16:00:00Z,8738.255629629632
2020-05-01T17:00:00Z,8712.329203703706
2020-05-01T18:00:00Z,8708.038166666667
2020-05-01T19:00:00Z,8713.513250000002
2020-05-01T20:00:00Z,8719.890212962962
2020-05-01T21:00:00Z,8758.915805555554
2020-05-01T22:00:00Z,8807.688240740741
2020-05-01T23:00:00Z,8844.906546296295
2020-05-02T00:00:00Z,8862.57862037037
2020-05-02T01:00:00Z,8850.70826851852
2020-05-02T02:00:00Z,8834.183175925926
2020-05-02T03:00:00Z,8827.450657407406
2020-05-02T04:00:00Z,8825.147388888889
2020-05-02T05:00:00Z,8826.640787037033
2020-05-02T06:00:00Z,8827.985574074073
2020-05-02T07:00:00Z,8822.111592592591
2020-05-02T08:00:00Z,8806.519249999998
2020-05-02T09:00:00Z,8799.662916666666
2020-05-02T10:00:00Z,8805.892157407407
2020-05-02T11:00:00Z,8825.202425925927
2020-05-02T12:00:00Z,8852.350916666668
2020-05-02T13:00:00Z,8885.058101851851
2020-05-02T14:00:00Z,8918.599750000001
2020-05-02T15:00:00Z,8948.148805555555
2020-05-02T16:00:00Z,8979.00799074074
2020-05-02T17:00:00Z,8998.608546296296
2020-05-02T18:00:00Z,8973.166379629629
2020-05-02T19:00:00Z,8928.540527777779
2020-05-02T20:00:00Z,8902.689194444445
2020-05-02T21:00:00Z,8902.555592592593
2020-05-02T22:00:00Z,8921.261074074073
2020-05-02T23:00:00Z,8951.06139814815
2020-05-03T00:00:00Z,9021.949268518518
2020-05-03T01:00:00Z,9098.426759259259
2020-05-03T02:00:00Z,9142.846074074072
2020-05-03T03:00:00Z,9166.18424074074
2020-05-03T04:00:00Z,9161.600148148149
2020-05-03T05:00:00Z,9144.479027777781
2020-05-03T06:00:00Z,9097.83213888889
2020-05-03T07:00:00Z,9039.564333333334
2020-05-03T08:00:00Z,9004.52137962963
2020-05-03T09:00:00Z,9019.73138888889
2020-05-03T10:00:00Z,9042.926148148148
2020-05-03T11:00:00Z,9058.558185185188
2020-05-03T12:00:00Z,9034.01278703704
2020-05-03T13:00:00Z,8983.247046296297
2020-05-03T14:00:00Z,8888.852037037039
2020-05-03T15:00:00Z,8809.111055555555
2020-05-03T16:00:00Z,8775.713148148148
2020-05-03T17:00:00Z,8774.719638888886
2020-05-03T18:00:00Z,8799.594435185185
2020-05-03T19:00:00Z,8832.025499999998
2020-05-03T20:00:00Z,8851.98337962963
2020-05-03T21:00:00Z,8862.239824074075
2020-05-03T22:00:00Z,8878.308805555554
2020-05-03T23:00:00Z,8896.570546296296
2020-05-04T00:00:00Z,8885.874407407407
2020-05-04T01:00:00Z,8820.444194444446
2020-05-04T02:00:00Z,8753.610805555554
2020-05-04T03:00:00Z,8706.885314814814
2020-05-04T04:00:00Z,8681.834499999997
2020-05-04T05:00:00Z,8649.308129629628
2020-05-04T06:00:00Z,8620.235879629628
2020-05-04T07:00:00Z,8610.986407407408
2020-05-04T08:00:00Z,8632.54913888889
2020-05-04T09:00:00Z,8649.230333333333
2020-05-04T10:00:00Z,8650.943268518518
2020-05-04T11:00:00Z,8657.51852777778
2020-05-04T12:00:00Z,8680.197231481483
2020-05-04T13:00:00Z,8746.158333333333
2020-05-04T14:00:00Z,8802.664722222222
2020-05-04T15:00:00Z,8852.876185185187
2020-05-04T16:00:00Z,8877.081675925927
2020-05-04T17:00:00Z,8872.595527777778
2020-05-04T18:00:00Z,8868.661564814813
2020-05-04T19:00:00Z,8860.801787037037
2020-05-04T20:00:00Z,8879.555212962963
2020-05-04T21:00:00Z,8917.828555555556
2020-05-04T22:00:00Z,8934.354166666668
2020-05-04T23:00:00Z,8928.927712962965
2020-05-05T00:00:00Z,8916.317472222223
2020-05-05T01:00:00Z,8903.085027777779
2020-05-05T02:00:00Z,8887.71211111111
2020-05-05T03:00:00Z,8872.807055555555
2020-05-05T04:00:00Z,8918.372388888889
2020-05-05T05:00:00Z,8980.37713888889
2020-05-05T06:00:00Z,9039.633675925928
2020-05-05T07:00:00Z,9066.535574074076
2020-05-05T08:00:00Z,9068.83100925926
2020-05-05T09:00:00Z,9053.764425925927
2020-05-05T10:00:00Z,8988.15887962963
2020-05-05T11:00:00Z,8909.094703703704
2020-05-05T12:00:00Z,8849.88611111111
2020-05-05T13:00:00Z,8842.395407407406
2020-05-05T14:00:00Z,8858.385527777777
2020-05-05T15:00:00Z,8865.957111111113
2020-05-05T16:00:00Z,8869.46351851852
2020-05-05T17:00:00Z,8870.143092592594
2020-05-05T18:00:00Z,8880.051407407407
2020-05-05T19:00:00Z,8897.116657407407
2020-05-05T20:00:00Z,8924.21797222222
2020-05-05T21:00:00Z,8956.586138888888
2020-05-05T22:00:00Z,8983.190564814815
2020-05-05T23:00:00Z,9012.781555555557
2020-05-06T00:00:00Z,9012.991750000001
2020-05-06T01:00:00Z,9006.263157407408
2020-05-06T02:00:00Z,8994.48374074074
2020-05-06T03:00:00Z,8985.660805555553
2020-05-06T04:00:00Z,8991.566999999997
2020-05-06T05:00:00Z,9003.17338888889
2020-05-06T06:00:00Z,9020.233453703704
2020-05-06T07:00:00Z,9035.239675925926
2020-05-06T08:00:00Z,9048.75387962963
2020-05-06T09:00:00Z,9073.188361111112
2020-05-06T10:00:00Z,9138.945175925926
2020-05-06T11:00:00Z,9241.651111111112
2020-05-06T12:00:00Z,9308.903212962961
2020-05-06T13:00:00Z,9326.901009259258
2020-05-06T14:00:00Z,9305.840750000001
2020-05-06T15:00:00Z,9287.950898148149
2020-05-06T16:00:00Z,9283.720583333334
2020-05-06T17:00:00Z,9287.305824074074
2020-05-06T18:00:00Z,9281.57940740741
2020-05-06T19:00:00Z,9270.871907407409
2020-05-06T20:00:00Z,9259.277546296296
2020-05-06T21:00:00Z,9265.425342592593
2020-05-06T22:00:00Z,9303.281305555556
2020-05-06T23:00:00Z,9285.400592592592
2020-05-07T00:00:00Z,9246.039898148148
2020-05-07T01:00:00Z,9210.290657407408
2020-05-07T02:00:00Z,9227.711555555556
2020-05-07T03:00:00Z,9269.982509259258
2020-05-07T04:00:00Z,9303.179277777775
2020-05-07T05:00:00Z,9311.169157407407
2020-05-07T06:00:00Z,9295.356574074072
2020-05-07T07:00:00Z,9293.13836111111
2020-05-07T08:00:00Z,9309.959185185186
2020-05-07T09:00:00Z,9327.973657407407
2020-05-07T10:00:00Z,9332.192787037035
2020-05-07T11:00:00Z,9319.510722222221
2020-05-07T12:00:00Z,9330.373833333333
2020-05-07T13:00:00Z,9389.697787037037
2020-05-07T14:00:00Z,9468.213074074074
2020-05-07T15:00:00Z,9536.428796296297
2020-05-07T16:00:00Z,9605.524101851852
2020-05-07T17:00:00Z,9720.095407407405
2020-05-07T18:00:00Z,9824.069027777778
2020-05-07T19:00:00Z,9909.773675925926
2020-05-07T20:00:00Z,9929.139546296297
2020-05-07T21:00:00Z,9927.337166666666
2020-05-07T22:00:00Z,9925.65637962963
2020-05-07T23:00:00Z,9957.385990740739
2020-05-08T00:00:00Z,10010.640898148149
2020-05-08T01:00:00Z,10046.437074074072
2020-05-08T02:00:00Z,10030.80861111111
2020-05-08T03:00:00Z,9991.08174074074
2020-05-08T04:00:00Z,9947.566592592591
2020-05-08T05:00:00Z,9905.81375925926
2020-05-08T06:00:00Z,9845.220046296297
2020-05-08T07:00:00Z,9800.769314814814
2020-05-08T08:00:00Z,9793.224166666667
2020-05-08T09:00:00Z,9809.723055555556
2020-05-08T10:00:00Z,9868.175805555557
2020-05-08T11:00:00Z,9913.798787037036
2020-05-08T12:00:00Z,9917.375592592593
2020-05-08T13:00:00Z,9907.959944444445
2020-05-08T14:00:00Z,9918.628379629628
2020-05-08T15:00:00Z,9942.068972222223
2020-05-08T16:00:00Z,9974.82662962963
2020-05-08T17:00:00Z,9997.818296296295
2020-05-08T18:00:00Z,9983.34563888889
2020-05-08T19:00:00Z,9968.891055555558
2020-05-08T20:00:00Z,9969.426574074076
2020-05-08T21:00:00Z,9988.727916666669
2020-05-08T22:00:00Z,9974.916944444445
2020-05-08T23:00:00Z,9913.308990740741
2020-05-09T00:00:00Z,9860.55762962963
2020-05-09T01:00:00Z,9828.525537037038
2020-05-09T02:00:00Z,9825.000685185189
2020-05-09T03:00:00Z,9837.504500000001
2020-05-09T04:00:00Z,9840.600444444446
2020-05-09T05:00:00Z,9837.209037037035
2020-05-09T06:00:00Z,9791.08924074074
2020-05-09T07:00:00Z,9702.703925925924
2020-05-09T08:00:00Z,9634.726379629628
2020-05-09T09:00:00Z,9610.577712962962
2020-05-09T10:00:00Z,9609.862722222222
2020-05-09T11:00:00Z,9616.188712962963
2020-05-09T12:00:00Z,9629.510787037036
2020-05-09T13:00:00Z,9660.374287037037
2020-05-09T14:00:00Z,9692.618111111113
2020-05-09T15:00:00Z,9710.479231481482
2020-05-09T16:00:00Z,9733.718879629632
2020-05-09T17:00:00Z,9761.775907407411
2020-05-09T18:00:00Z,9777.386296296298
2020-05-09T19:00:00Z,9777.748722222223
2020-05-09T20:00:00Z,9737.21113888889
2020-05-09T21:00:00Z,9672.849305555555
2020-05-09T22:00:00Z,9612.450444444445
2020-05-09T23:00:00Z,9556.404814814814
2020-05-10T00:00:00Z,9272.239101851852
2020-05-10T01:00:00Z,8917.626861111114
2020-05-10T02:00:00Z,8604.446675925929
2020-05-10T03:00:00Z,8431.251462962964
2020-05-10T04:00:00Z,8381.506046296296
2020-05-10T05:00:00Z,8416.972296296297
2020-05-10T06:00:00Z,8477.56000925926
2020-05-10T07:00:00Z,8598.798148148147
2020-05-10T08:00:00Z,8727.858416666666
2020-05-10T09:00:00Z,8805.697046296298
2020-05-10T10:00:00Z,8845.866972222222
2020-05-10T11:00:00Z,8828.129074074075
2020-05-10T12:00:00Z,8786.131796296298
2020-05-10T13:00:00Z,8760.64012037037
2020-05-10T14:00:00Z,8721.860685185186
2020-05-10T15:00:00Z,8683.393962962964
2020-05-10T16:00:00Z,8535.844351851852
2020-05-10T17:00:00Z,8435.225268518518
2020-05-10T18:00:00Z,8388.452925925927
2020-05-10T19:00:00Z,8407.82637037037
2020-05-10T20:00:00Z,8504.163296296298
2020-05-10T21:00:00Z,8621.266287037035
2020-05-10T22:00:00Z,8738.947638888889
2020-05-10T23:00:00Z,8800.593481481481
2020-05-11T00:00:00Z,8825.045046296298
2020-05-11T01:00:00Z,8803.74464814815
2020-05-11T02:00:00Z,8779.84127777778
2020-05-11T03:00:00Z,8748.19350925926
2020-05-11T04:00:00Z,8700.717166666667
2020-05-11T05:00:00Z,8671.958481481483
2020-05-11T06:00:00Z,8660.880231481482
2020-05-11T07:00:00Z,8661.405324074074
2020-05-11T08:00:00Z,8655.725018518518
2020-05-11T09:00:00Z,8598.028499999999
2020-05-11T10:00:00Z,8619.964166666665
2020-05-11T11:00:00Z,8728.22273148148
2020-05-11T12:00:00Z,8850.912601851853
2020-05-11T13:00:00Z,8926.82112962963
2020-05-11T14:00:00Z,8941.91512962963
2020-05-11T15:00:00Z,8930.58424074074
2020-05-11T16:00:00Z,8833.660546296296
2020-05-11T17:00:00Z,8680.498425925925
2020-05-11T18:00:00Z,8558.510407407406
2020-05-11T19:00:00Z,8548.610333333332
2020-05-11T20:00:00Z,8585.902824074074
2020-05-11T21:00:00Z,8612.630333333333
2020-05-11T22:00:00Z,8612.933472222223
2020-05-11T23:00:00Z,8589.018361111112
2020-05-12T00:00:00Z,8582.64309259259
2020-05-12T01:00:00Z,8590.899888888887
2020-05-12T02:00:00Z,8612.037888888888
2020-05-12T03:00:00Z,8656.334638888888
2020-05-12T04:00:00Z,8698.271175925927
2020-05-12T05:00:00Z,8735.191314814814
2020-05-12T06:00:00Z,8744.888722222222
2020-05-12T07:00:00Z,8723.658055555556
2020-05-12T08:00:00Z,8718.197481481482
2020-05-12T09:00:00Z,8738.992083333336
2020-05-12T10:00:00Z,8771.841564814817
2020-05-12T11:00:00Z,8804.614712962964
2020-05-12T12:00:00Z,8813.517787037037
2020-05-12T13:00:00Z,8795.293407407406
2020-05-12T14:00:00Z,8812.565009259257
2020-05-12T15:00:00Z,8846.04924074074
2020-05-12T16:00:00Z,8898.850416666666
2020-05-12T17:00:00Z,8926.646499999999
2020-05-12T18:00:00Z,8934.449768518518
2020-05-12T19:00:00Z,8897.237157407408
2020-05-12T20:00:00Z,8852.812444444446
2020-05-12T21:00:00Z,8805.01838888889
2020-05-12T22:00:00Z,8782.79549074074
2020-05-12T23:00:00Z,8785.48337037037
2020-05-13T00:00:00Z,8835.3535
2020-05-13T01:00:00Z,8901.818990740741
2020-05-13T02:00:00Z,8954.439296296297
2020-05-13T03:00:00Z,8970.571583333336
2020-05-13T04:00:00Z,8964.323351851855
2020-05-13T05:00:00Z,8937.419490740742
2020-05-13T06:00:00Z,8918.494305555556
2020-05-13T07:00:00Z,8898.98636111111
2020-05-13T08:00:00Z,8893.922518518519
2020-05-13T09:00:00Z,8901.070898148148
2020-05-13T10:00:00Z,8923.748685185185
2020-05-13T11:00:00Z,8974.155824074074
2020-05-13T12:00:00Z,9042.550629629628
2020-05-13T13:00:00Z,9100.195416666666
2020-05-13T14:00:00Z,9131.850879629628
2020-05-13T15:00:00Z,9153.120351851854
2020-05-13T16:00:00Z,9158.155388888892
2020-05-13T17:00:00Z,9146.69562962963
2020-05-13T18:00:00Z,9123.963351851853
2020-05-13T19:00:00Z,9123.26137962963
2020-05-13T20:00:00Z,9181.132740740739
2020-05-13T21:00:00Z,9279.078064814816
2020-05-13T22:00:00Z,9358.917407407405
2020-05-13T23:00:00Z,9391.517898148148
2020-05-14T00:00:00Z,9381.388675925928
2020-05-14T01:00:00Z,9344.598212962965
2020-05-14T02:00:00Z,9326.525611111112
2020-05-14T03:00:00Z,9330.34427777778
2020-05-14T04:00:00Z,9336.4835
2020-05-14T05:00:00Z,9374.449148148147
2020-05-14T06:00:00Z,9421.53187962963
2020-05-14T07:00:00Z,9480.49162962963
2020-05-14T08:00:00Z,9558.223351851853
2020-05-14T09:00:00Z,9683.041064814815
2020-05-14T10:00:00Z,9755.617064814816
2020-05-14T11:00:00Z,9779.105
2020-05-14T12:00:00Z,9730.517287037037
2020-05-14T13:00:00Z,9669.810462962963
2020-05-14T14:00:00Z,9652.977351851852
2020-05-14T15:00:00Z,9683.696564814813
2020-05-14T16:00:00Z,9710.463046296294
2020-05-14T17:00:00Z,9697.985666666666
2020-05-14T18:00:00Z,9679.699888888887
2020-05-14T19:00:00Z,9660.801185185184
2020-05-14T20:00:00Z,9653.53037962963
2020-05-14T21:00:00Z,9688.762620370373
2020-05-14T22:00:00Z,9732.079175925925
2020-05-14T23:00:00Z,9778.389037037037
2020-05-15T00:00:00Z,9802.952851851851
2020-05-15T01:00:00Z,9796.520944444444
2020-05-15T02:00:00Z,9700.79651851852
2020-05-15T03:00:00Z,9572.751851851852
2020-05-15T04:00:00Z,9451.855148148146
2020-05-15T05:00:00Z,9398.84387962963
2020-05-15T06:00:00Z,9419.431935185186
2020-05-15T07:00:00Z,9510.531509259261
2020-05-15T08:00:00Z,9595.37612962963
2020-05-15T09:00:00Z,9646.410898148146
2020-05-15T10:00:00Z,9650.730249999999
2020-05-15T11:00:00Z,9628.659185185183
2020-05-15T12:00:00Z,9584.292166666664
2020-05-15T13:00:00Z,9544.924083333333
2020-05-15T14:00:00Z,9529.458453703706
2020-05-15T15:00:00Z,9505.553861111111
2020-05-15T16:00:00Z,9481.69002777778
2020-05-15T17:00:00Z,9459.839944444446
2020-05-15T18:00:00Z,9453.717907407408
2020-05-15T19:00:00Z,9415.047898148148
2020-05-15T20:00:00Z,9337.36640740741
2020-05-15T21:00:00Z,9306.609537037039
2020-05-15T22:00:00Z,9304.85637962963
2020-05-15T23:00:00Z,9313.544925925924
2020-05-16T00:00:00Z,9338.019388888888
2020-05-16T01:00:00Z,9365.83614814815
2020-05-16T02:00:00Z,9402.385083333334
2020-05-16T03:00:00Z,9428.829814814817
2020-05-16T04:00:00Z,9463.183787037036
2020-05-16T05:00:00Z,9483.034212962963
2020-05-16T06:00:00Z,9493.107916666666
2020-05-16T07:00:00Z,9467.575185185184
2020-05-16T08:00:00Z,9436.725648148149
2020-05-16T09:00:00Z,9411.78776851852
2020-05-16T10:00:00Z,9412.35063888889
2020-05-16T11:00:00Z,9415.644712962963
2020-05-16T12:00:00Z,9434.858990740742
2020-05-16T13:00:00Z,9452.239990740742
2020-05-16T14:00:00Z,9455.949222222222
2020-05-16T15:00:00Z,9432.570907407408
2020-05-16T16:00:00Z,9400.263527777777
2020-05-16T17:00:00Z,9354.989833333333
2020-05-16T18:00:00Z,9307.033296296295
2020-05-16T19:00:00Z,9285.475944444444
2020-05-16T20:00:00Z,9302.143805555555
2020-05-16T21:00:00Z,9339.707833333334
2020-05-16T22:00:00Z,9385.644379629628
2020-05-16T23:00:00Z,9410.081379629628
2020-05-17T00:00:00Z,9442.410175925927
2020-05-17T01:00:00Z,9472.330851851852
2020-05-17T02:00:00Z,9505.608212962963
2020-05-17T03:00:00Z,9537.658185185184
2020-05-17T04:00:00Z,9548.789740740738
2020-05-17T05:00:00Z,9540.549944444443
2020-05-17T06:00:00Z,9536.502435185184
2020-05-17T07:00:00Z,9538.176185185184
2020-05-17T08:00:00Z,9528.327675925926
2020-05-17T09:00:00Z,9511.170222222223
2020-05-17T10:00:00Z,9504.82751851852
2020-05-17T11:00:00Z,9508.684203703706
2020-05-17T12:00:00Z,9594.17514814815
2020-05-17T13:00:00Z,9697.264333333334
2020-05-17T14:00:00Z,9799.725175925925
2020-05-17T15:00:00Z,9866.411657407407
2020-05-17T16:00:00Z,9864.354953703703
2020-05-17T17:00:00Z,9832.976314814814
2020-05-17T18:00:00Z,9791.187527777776
2020-05-17T19:00:00Z,9767.776148148148
2020-05-17T20:00:00Z,9753.068166666666
2020-05-17T21:00:00Z,9751.048157407407
2020-05-17T22:00:00Z,9730.526157407408
2020-05-17T23:00:00Z,9698.764814814816
2020-05-18T00:00:00Z,9699.740518518518
2020-05-18T01:00:00Z,9761.857342592592
2020-05-18T02:00:00Z,9837.936472222222
2020-05-18T03:00:00Z,9892.21237962963
2020-05-18T04:00:00Z,9910.725796296296
2020-05-18T05:00:00Z,9901.692462962965
2020-05-18T06:00:00Z,9861.284194444446
2020-05-18T07:00:00Z,9812.462314814817
2020-05-18T08:00:00Z,9715.09740740741
2020-05-18T09:00:00Z,9613.221953703704
2020-05-18T10:00:00Z,9553.681287037036
2020-05-18T11:00:00Z,9544.755666666666
2020-05-18T12:00:00Z,9580.06175
2020-05-18T13:00:00Z,9622.06335185185
2020-05-18T14:00:00Z,9666.921962962964
2020-05-18T15:00:00Z,9686.664944444445
2020-05-18T16:00:00Z,9679.164777777778
2020-05-18T17:00:00Z,9653.080351851851
2020-05-18T18:00:00Z,9635.893342592592
2020-05-18T19:00:00Z,9647.831648148147
2020-05-18T20:00:00Z,9668.455018518518
2020-05-18T21:00:00Z,9687.275092592592
2020-05-18T22:00:00Z,9704.237925925923
2020-05-18T23:00:00Z,9720.104935185185
2020-05-19T00:00:00Z,9704.411064814814
2020-05-19T01:00:00Z,9676.901925925926
2020-05-19T02:00:00Z,9635.967194444444
2020-05-19T03:00:00Z,9577.886472222224
2020-05-19T04:00:00Z,9526.277194444447
2020-05-19T05:00:00Z,9514.545453703706
2020-05-19T06:00:00Z,9530.141407407407
2020-05-19T07:00:00Z,9551.790500000001
2020-05-19T08:00:00Z,9635.276259259257
2020-05-19T09:00:00Z,9729.785722222223
2020-05-19T10:00:00Z,9808.448453703704
2020-05-19T11:00:00Z,9831.879314814812
2020-05-19T12:00:00Z,9775.324064814815
2020-05-19T13:00:00Z,9706.586185185186
2020-05-19T14:00:00Z,9665.387268518522
2020-05-19T15:00:00Z,9656.897990740743
2020-05-19T16:00:00Z,9670.321620370372
2020-05-19T17:00:00Z,9675.791046296297
2020-05-19T18:00:00Z,9684.404685185187
2020-05-19T19:00:00Z,9674.724703703703
2020-05-19T20:00:00Z,9672.095416666665
2020-05-19T21:00:00Z,9674.131962962962
2020-05-19T22:00:00Z,9701.340574074073
2020-05-19T23:00:00Z,9744.518944444442
2020-05-20T00:00:00Z,9770.887064814815
2020-05-20T01:00:00Z,9777.960074074073
2020-05-20T02:00:00Z,9764.422388888888
2020-05-20T03:00:00Z,9744.086527777778
2020-05-20T04:00:00Z,9729.751222222223
2020-05-20T05:00:00Z,9728.439537037037
2020-05-20T06:00:00Z,9726.18894444444
2020-05-20T07:00:00Z,9735.814101851849
2020-05-20T08:00:00Z,9754.380398148147
2020-05-20T09:00:00Z,9776.014712962964
2020-05-20T10:00:00Z,9788.84362962963
2020-05-20T11:00:00Z,9773.695953703704
2020-05-20T12:00:00Z,9759.682064814815
2020-05-20T13:00:00Z,9759.092351851852
2020-05-20T14:00:00Z,9766.172046296297
2020-05-20T15:00:00Z,9664.93933333333
2020-05-20T16:00:00Z,9541.303870370368
2020-05-20T17:00:00Z,9455.470379629629
2020-05-20T18:00:00Z,9435.29574074074
2020-05-20T19:00:00Z,9462.88448148148
2020-05-20T20:00:00Z,9513.05175925926
2020-05-20T21:00:00Z,9547.23190740741
2020-05-20T22:00:00Z,9554.05812037037
2020-05-20T23:00:00Z,9540.82349074074
2020-05-21T00:00:00Z,9532.092388888888
2020-05-21T01:00:00Z,9521.712592592592
2020-05-21T02:00:00Z,9501.105074074074
2020-05-21T03:00:00Z,9476.745574074075
2020-05-21T04:00:00Z,9458.562296296297
2020-05-21T05:00:00Z,9459.08887962963
2020-05-21T06:00:00Z,9467.199555555555
2020-05-21T07:00:00Z,9464.372981481481
2020-05-21T08:00:00Z,9430.04015740741
2020-05-21T09:00:00Z,9363.409472222223
2020-05-21T10:00:00Z,9318.641333333333
2020-05-21T11:00:00Z,9308.574981481479
2020-05-21T12:00:00Z,9317.971407407407
2020-05-21T13:00:00Z,9311.894453703706
2020-05-21T14:00:00Z,9227.613500000001
2020-05-21T15:00:00Z,9121.166083333335
2020-05-21T16:00:00Z,9035.138814814816
2020-05-21T17:00:00Z,8973.676666666666
2020-05-21T18:00:00Z,8893.275666666666
2020-05-21T19:00:00Z,8885.405564814813
2020-05-21T20:00:00Z,8927.808175925926
2020-05-21T21:00:00Z,9009.554842592594
2020-05-21T22:00:00Z,9087.835222222222
2020-05-21T23:00:00Z,9116.039731481482
2020-05-22T00:00:00Z,9097.230305555555
2020-05-22T01:00:00Z,9076.776435185186
2020-05-22T02:00:00Z,9054.675888888889
2020-05-22T03:00:00Z,9023.796231481481
2020-05-22T04:00:00Z,8993.918092592592
2020-05-22T05:00:00Z,8986.476583333335
2020-05-22T06:00:00Z,9013.331111111112
2020-05-22T07:00:00Z,9051.083231481483
2020-05-22T08:00:00Z,9082.029666666667
2020-05-22T09:00:00Z,9101.595092592592
2020-05-22T10:00:00Z,9129.287805555554
2020-05-22T11:00:00Z,9159.082796296294
2020-05-22T12:00:00Z,9183.501611111109
2020-05-22T13:00:00Z,9176.503268518518
2020-05-22T14:00:00Z,9157.660777777777
2020-05-22T15:00:00Z,9165.870620370371
2020-05-22T16:00:00Z,9199.905611111113
2020-05-22T17:00:00Z,9226.25051851852
2020-05-22T18:00:00Z,9234.17338888889
2020-05-22T19:00:00Z,9216.828851851853
2020-05-22T20:00:00Z,9195.05449074074
2020-05-22T21:00:00Z,9187.374009259262
2020-05-22T22:00:00Z,9189.189018518518
2020-05-22T23:00:00Z,9186.334935185185
2020-05-23T00:00:00Z,9202.526259259257
2020-05-23T01:00:00Z,9223.838620370369
2020-05-23T02:00:00Z,9254.992944444442
2020-05-23T03:00:00Z,9285.120722222222
2020-05-23T04:00:00Z,9295.05723148148
2020-05-23T05:00:00Z,9291.835453703703
2020-05-23T06:00:00Z,9274.501064814815
2020-05-23T07:00:00Z,9259.695685185186
2020-05-23T08:00:00Z,9232.073592592593
2020-05-23T09:00:00Z,9188.35325
2020-05-23T10:00:00Z,9145.655527777779
2020-05-23T11:00:00Z,9130.03762037037
2020-05-23T12:00:00Z,9124.03864814815
2020-05-23T13:00:00Z,9130.830157407407
2020-05-23T14:00:00Z,9152.792944444442
2020-05-23T15:00:00Z,9177.647027777775
2020-05-23T16:00:00Z,9193.240203703703
2020-05-23T17:00:00Z,9195.935537037038
2020-05-23T18:00:00Z,9184.29609259259
2020-05-23T19:00:00Z,9177.06537037037
2020-05-23T20:00:00Z,9191.86750925926
2020-05-23T21:00:00Z,9214.845518518518
2020-05-23T22:00:00Z,9235.30850925926
2020-05-23T23:00:00Z,9229.60987962963
2020-05-24T00:00:00Z,9215.092555555557
2020-05-24T01:00:00Z,9194.320425925926
2020-05-24T02:00:00Z,9186.738555555557
2020-05-24T03:00:00Z,9188.634694444447
2020-05-24T04:00:00Z,9193.55138888889
2020-05-24T05:00:00Z,9201.000657407409
2020-05-24T06:00:00Z,9228.772055555555
2020-05-24T07:00:00Z,9256.796953703702
2020-05-24T08:00:00Z,9277.048657407408
2020-05-24T09:00:00Z,9286.597833333335
2020-05-24T10:00:00Z,9285.498083333334
2020-05-24T11:00:00Z,9234.184314814815
2020-05-24T12:00:00Z,9179.167842592593
2020-05-24T13:00:00Z,9116.148796296295
2020-05-24T14:00:00Z,9068.93224074074
2020-05-24T15:00:00Z,9038.924712962964
2020-05-24T16:00:00Z,8988.531962962961
2020-05-24T17:00:00Z,8939.543972222222
2020-05-24T18:00:00Z,8904.244787037038
2020-05-24T19:00:00Z,8915.65775
2020-05-24T20:00:00Z,8949.563212962965
2020-05-24T21:00:00Z,9001.500416666668
2020-05-24T22:00:00Z,9040.055166666667
2020-05-24T23:00:00Z,8961.864842592593
2020-05-25T00:00:00Z,8859.544601851852
2020-05-25T01:00:00Z,8768.34286111111
2020-05-25T02:00:00Z,8728.298712962964
2020-05-25T03:00:00Z,8729.527685185185
2020-05-25T04:00:00Z,8750.573351851852
2020-05-25T05:00:00Z,8767.017722222221
2020-05-25T06:00:00Z,8777.06309259259
2020-05-25T07:00:00Z,8804.974703703701
2020-05-25T08:00:00Z,8825.748944444444
2020-05-25T09:00:00Z,8816.69547222222
2020-05-25T10:00:00Z,8769.544666666667
2020-05-25T11:00:00Z,8730.658194444446
2020-05-25T12:00:00Z,8716.826953703705
2020-05-25T13:00:00Z,8743.37275
2020-05-25T14:00:00Z,8764.805277777778
2020-05-25T15:00:00Z,8779.280305555556
2020-05-25T16:00:00Z,8792.600657407407
2020-05-25T17:00:00Z,8830.856694444445
2020-05-25T18:00:00Z,8875.486453703705
2020-05-25T19:00:00Z,8922.555435185184
2020-05-25T20:00:00Z,8948.939703703703
2020-05-25T21:00:00Z,8948.879083333333
2020-05-25T22:00:00Z,8935.587055555554
2020-05-25T23:00:00Z,8917.522444444445
2020-05-26T00:00:00Z,8893.180222222223
2020-05-26T01:00:00Z,8876.745037037037
2020-05-26T02:00:00Z,8868.253194444445
2020-05-26T03:00:00Z,8874.819851851853
2020-05-26T04:00:00Z,8888.248601851852
2020-05-26T05:00:00Z,8909.429388888888
2020-05-26T06:00:00Z,8914.86062037037
2020-05-26T07:00:00Z,8929.299796296296
2020-05-26T08:00:00Z,8947.998620370368
2020-05-26T09:00:00Z,8944.02638888889
2020-05-26T10:00:00Z,8917.544324074075
2020-05-26T11:00:00Z,8882.306472222223
2020-05-26T12:00:00Z,8840.360999999999
2020-05-26T13:00:00Z,8807.259638888887
2020-05-26T14:00:00Z,8789.844314814816
2020-05-26T15:00:00Z,8759.29625925926
2020-05-26T16:00:00Z,8746.98975925926
2020-05-26T17:00:00Z,8755.695675925926
2020-05-26T18:00:00Z,8778.287759259261
2020-05-26T19:00:00Z,8796.4932962963
2020-05-26T20:00:00Z,8822.94827777778
2020-05-26T21:00:00Z,8843.284240740742
2020-05-26T22:00:00Z,8852.437731481485
2020-05-26T23:00:00Z,8854.417898148151
2020-05-27T00:00:00Z,8863.055351851852
2020-05-27T01:00:00Z,8866.60338888889
2020-05-27T02:00:00Z,8855.627296296296
2020-05-27T03:00:00Z,8839.040796296293
2020-05-27T04:00:00Z,8832.307407407405
2020-05-27T05:00:00Z,8843.053435185184
2020-05-27T06:00:00Z,8851.611203703704
2020-05-27T07:00:00Z,8853.368898148148
2020-05-27T08:00:00Z,8874.518629629632
2020-05-27T09:00:00Z,8904.491500000002
2020-05-27T10:00:00Z,8991.61778703704
2020-05-27T11:00:00Z,9094.964009259262
2020-05-27T12:00:00Z,9176.97090740741
2020-05-27T13:00:00Z,9216.084805555556
2020-05-27T14:00:00Z,9217.49812962963
2020-05-27T15:00:00Z,9199.240444444442
2020-05-27T16:00:00Z,9185.31075925926
2020-05-27T17:00:00Z,9186.286324074075
2020-05-27T18:00:00Z,9187.530564814813
2020-05-27T19:00:00Z,9182.241101851852
2020-05-27T20:00:00Z,9173.428833333333
2020-05-27T21:00:00Z,9135.938203703701
2020-05-27T22:00:00Z,9101.956638888887
2020-05-27T23:00:00Z,9113.157583333334
2020-05-28T00:00:00Z,9172.91688888889
2020-05-28T01:00:00Z,9229.88438888889
2020-05-28T02:00:00Z,9253.197972222222
2020-05-28T03:00:00Z,9233.63524074074
2020-05-28T04:00:00Z,9201.742555555555
2020-05-28T05:00:00Z,9174.139972222221
2020-05-28T06:00:00Z,9158.380490740741
2020-05-28T07:00:00Z,9147.043657407406
2020-05-28T08:00:00Z,9151.761481481479
2020-05-28T09:00:00Z,9169.843638888886
2020-05-28T10:00:00Z,9180.261962962963
2020-05-28T11:00:00Z,9210.149870370371
2020-05-28T12:00:00Z,9293.127462962964
2020-05-28T13:00:00Z,9384.36063888889
2020-05-28T14:00:00Z,9469.432666666668
2020-05-28T15:00:00Z,9527.20400925926
2020-05-28T16:00:00Z,9537.599194444445
2020-05-28T17:00:00Z,9526.080416666666
2020-05-28T18:00:00Z,9492.378898148148
2020-05-28T19:00:00Z,9465.520212962963
2020-05-28T20:00:00Z,9448.544694444447
2020-05-28T21:00:00Z,9440.284194444444
2020-05-28T22:00:00Z,9451.40626851852
2020-05-28T23:00:00Z,9490.109935185184
2020-05-29T00:00:00Z,9523.012555555555
2020-05-29T01:00:00Z,9538.694388888887
2020-05-29T02:00:00Z,9533.741444444442
2020-05-29T03:00:00Z,9523.752870370368
2020-05-29T04:00:00Z,9511.086453703703
2020-05-29T05:00:00Z,9507.056657407406
2020-05-29T06:00:00Z,9507.441972222221
2020-05-29T07:00:00Z,9511.596175925926
2020-05-29T08:00:00Z,9495.470490740741
2020-05-29T09:00:00Z,9469.128111111111
2020-05-29T10:00:00Z,9418.453361111111
2020-05-29T11:00:00Z,9380.876796296296
2020-05-29T12:00:00Z,9362.786407407406
2020-05-29T13:00:00Z,9374.820842592591
2020-05-29T14:00:00Z,9403.861305555554
2020-05-29T15:00:00Z,9419.880990740741
2020-05-29T16:00:00Z,9429.140999999998
2020-05-29T17:00:00Z,9429.263592592592
2020-05-29T18:00:00Z,9429.59959259259
2020-05-29T19:00:00Z,9421.671907407406
2020-05-29T20:00:00Z,9415.30049074074
2020-05-29T21:00:00Z,9403.849314814814
2020-05-29T22:00:00Z,9404.376944444442
2020-05-29T23:00:00Z,9411.63085185185
2020-05-30T00:00:00Z,9403.989129629628
2020-05-30T01:00:00Z,9390.057972222225
2020-05-30T02:00:00Z,9376.52027777778
2020-05-30T03:00:00Z,9373.037222222223
2020-05-30T04:00:00Z,9412.583824074074
2020-05-30T05:00:00Z,9479.898
2020-05-30T06:00:00Z,9542.870398148147
2020-05-30T07:00:00Z,9574.544490740738
2020-05-30T08:00:00Z,9576.150898148147
2020-05-30T09:00:00Z,9551.912435185184
2020-05-30T10:00:00Z,9531.037805555556
2020-05-30T11:00:00Z,9527.97162962963
2020-05-30T12:00:00Z,9535.662148148147
2020-05-30T13:00:00Z,9551.65450925926
2020-05-30T14:00:00Z,9559.62725
2020-05-30T15:00:00Z,9558.15647222222
2020-05-30T16:00:00Z,9551.903685185185
2020-05-30T17:00:00Z,9540.244537037037
2020-05-30T18:00:00Z,9531.642851851851
2020-05-30T19:00:00Z,9529.812055555556
2020-05-30T20:00:00Z,9502.368898148148
2020-05-30T21:00:00Z,9479.468212962964
2020-05-30T22:00:00Z,9538.180194444443
2020-05-30T23:00:00Z,9629.202694444444
2020-05-31T00:00:00Z,9701.650787037039
2020-05-31T01:00:00Z,9726.424731481484
2020-05-31T02:00:00Z,9707.187046296298
2020-05-31T03:00:00Z,9660.159037037038
2020-05-31T04:00:00Z,9605.151055555556
2020-05-31T05:00:00Z,9562.888
2020-05-31T06:00:00Z,9535.731324074075
2020-05-31T07:00:00Z,9530.680953703704
2020-05-31T08:00:00Z,9529.961092592594
2020-05-31T09:00:00Z,9537.67141666667
2020-05-31T10:00:00Z,9558.810592592594
2020-05-31T11:00:00Z,9580.207722222221
2020-05-31T12:00:00Z,9592.243509259257
2020-05-31T13:00:00Z,9585.011027777779
2020-05-31T14:00:00Z,9544.995824074074
2020-05-31T15:00:00Z,9499.746351851854
2020-05-31T16:00:00Z,9479.229046296296
2020-05-31T17:00:00Z,9477.480601851852
2020-05-31T18:00:00Z,9483.653212962963
2020-05-31T19:00:00Z,9494.027592592594
2020-05-31T20:00:00Z,9500.841842592594
2020-05-31T21:00:00Z,9492.828361111113
2020-05-31T22:00:00Z,9474.525111111114
2020-05-31T23:00:00Z,9453.399703703706
2020-06-01T00:00:00Z,9452.834722222224
2020-06-01T01:00:00Z,9484.466175925927
2020-06-01T02:00:00Z,9519.439185185185
2020-06-01T03:00:00Z,9548.745037037039
2020-06-01T04:00:00Z,9562.323212962965
2020-06-01T05:00:00Z,9559.208611111111
2020-06-01T06:00:00Z,9549.695333333331
2020-06-01T07:00:00Z,9549.418055555552
2020-06-01T08:00:00Z,9546.41888888889
2020-06-01T09:00:00Z,9543.381574074074
2020-06-01T10:00:00Z,9540.120472222223
2020-06-01T11:00:00Z,9529.46637962963
2020-06-01T12:00:00Z,9533.409796296297
2020-06-01T13:00:00Z,9541.680370370372
2020-06-01T14:00:00Z,9553.982981481482
2020-06-01T15:00:00Z,9556.999814814817
2020-06-01T16:00:00Z,9566.182407407408
2020-06-01T17:00:00Z,9575.346601851854
2020-06-01T18:00:00Z,9585.125416666671
2020-06-01T19:00:00Z,9588.703240740742
2020-06-01T20:00:00Z,9617.72374074074
2020-06-01T21:00:00Z,9649.19187962963
2020-06-01T22:00:00Z,9702.00272222222
2020-06-01T23:00:00Z,9886.428055555554
2020-06-02T00:00:00Z,10080.054185185185
2020-06-02T01:00:00Z,10222.782324074073
2020-06-02T02:00:00Z,10261.667592592594
2020-06-02T03:00:00Z,10225.57198148148
2020-06-02T04:00:00Z,10170.60861111111
2020-06-02T05:00:00Z,10123.615935185184
2020-06-02T06:00:00Z,10098.156925925925
2020-06-02T07:00:00Z,10095.787601851851
2020-06-02T08:00:00Z,10101.192638888888
2020-06-02T09:00:00Z,10104.70525925926
2020-06-02T10:00:00Z,10115.157907407409
2020-06-02T11:00:00Z,10117.309842592593
2020-06-02T12:00:00Z,10119.577296296296
2020-06-02T13:00:00Z,10131.365064814816
2020-06-02T14:00:00Z,9976.694935185185
2020-06-02T15:00:00Z,9720.38000925926
2020-06-02T16:00:00Z,9474.578203703704
2020-06-02T17:00:00Z,9346.317138888888
2020-06-02T18:00:00Z,9336.711268518518
2020-06-02T19:00:00Z,9385.338351851853
2020-06-02T20:00:00Z,9442.804546296298
2020-06-02T21:00:00Z,9486.181407407408
2020-06-02T22:00:00Z,9505.242500000002
2020-06-02T23:00:00Z,9513.865981481482
2020-06-03T00:00:00Z,9517.842592592591
2020-06-03T01:00:00Z,9515.384638888887
2020-06-03T02:00:00Z,9506.98825
2020-06-03T03:00:00Z,9495.387490740743
2020-06-03T04:00:00Z,9488.422685185184
2020-06-03T05:00:00Z,9492.545018518518
2020-06-03T06:00:00Z,9502.496685185186
2020-06-03T07:00:00Z,9510.783611111112
2020-06-03T08:00:00Z,9513.441601851851
2020-06-03T09:00:00Z,9518.414296296294
2020-06-03T10:00:00Z,9542.548083333333
2020-06-03T11:00:00Z,9581.86975
2020-06-03T12:00:00Z,9614.076157407406
2020-06-03T13:00:00Z,9624.887962962961
2020-06-03T14:00:00Z,9616.72261111111
2020-06-03T15:00:00Z,9593.388546296295
2020-06-03T16:00:00Z,9571.187953703704
2020-06-03T17:00:00Z,9557.461212962962
2020-06-03T18:00:00Z,9563.336555555556
2020-06-03T19:00:00Z,9573.659990740742
2020-06-03T20:00:00Z,9582.881212962964
2020-06-03T21:00:00Z,9586.922
2020-06-03T22:00:00Z,9594.285175925927
2020-06-03T23:00:00Z,9621.17187962963
2020-06-04T00:00:00Z,9642.770342592592
2020-06-04T01:00:00Z,9657.188879629632
2020-06-04T02:00:00Z,9668.677370370371
2020-06-04T03:00:00Z,9676.239787037037
2020-06-04T04:00:00Z,9673.834796296296
2020-06-04T05:00:00Z,9663.260435185184
2020-06-04T06:00:00Z,9650.820314814815
2020-06-04T07:00:00Z,9643.42537962963
2020-06-04T08:00:00Z,9640.327342592593
2020-06-04T09:00:00Z,9614.659074074074
2020-06-04T10:00:00Z,9575.828101851852
2020-06-04T11:00:00Z,9563.739925925925
2020-06-04T12:00:00Z,9582.018944444446
2020-06-04T13:00:00Z,9653.98102777778
2020-06-04T14:00:00Z,9728.689250000001
2020-06-04T15:00:00Z,9805.446277777779
2020-06-04T16:00:00Z,9841.057453703705
2020-06-04T17:00:00Z,9855.007296296297
2020-06-04T18:00:00Z,9837.257194444444
2020-06-04T19:00:00Z,9822.849129629629
2020-06-04T20:00:00Z,9807.948574074073
2020-06-04T21:00:00Z,9795.450749999998
2020-06-04T22:00:00Z,9798.437222222221
2020-06-04T23:00:00Z,9799.057138888887
2020-06-05T00:00:00Z,9804.584416666667
2020-06-05T01:00:00Z,9814.944861111111
2020-06-05T02:00:00Z,9816.743342592592
2020-06-05T03:00:00Z,9811.71562037037
2020-06-05T04:00:00Z,9798.633907407408
2020-06-05T05:00:00Z,9787.838101851852
2020-06-05T06:00:00Z,9786.171935185184
2020-06-05T07:00:00Z,9783.158879629627
2020-06-05T08:00:00Z,9797.676361111111
2020-06-05T09:00:00Z,9815.617981481482
2020-06-05T10:00:00Z,9794.07621296296
2020-06-05T11:00:00Z,9747.369296296294
2020-06-05T12:00:00Z,9689.261546296293
2020-06-05T13:00:00Z,9660.19260185185
2020-06-05T14:00:00Z,9654.717509259259
2020-06-05T15:00:00Z,9670.059175925926
2020-06-05T16:00:00Z,9693.571314814815
2020-06-05T17:00:00Z,9714.50522222222
2020-06-05T18:00:00Z,9735.125814814815
2020-06-05T19:00:00Z,9743.239925925925
2020-06-05T20:00:00Z,9738.376333333332
2020-06-05T21:00:00Z,9711.575611111111
2020-06-05T22:00:00Z,9683.981601851852
2020-06-05T23:00:00Z,9648.02648148148
2020-06-06T00:00:00Z,9611.550824074075
2020-06-06T01:00:00Z,9576.336527777778
2020-06-06T02:00:00Z,9560.180805555554
2020-06-06T03:00:00Z,9571.710324074074
2020-06-06T04:00:00Z,9589.41412037037
2020-06-06T05:00:00Z,9606.701398148145
2020-06-06T06:00:00Z,9612.678870370371
2020-06-06T07:00:00Z,9612.023777777778
2020-06-06T08:00:00Z,9607.47952777778
2020-06-06T09:00:00Z,9623.837722222224
2020-06-06T10:00:00Z,9649.95288888889
2020-06-06T11:00:00Z,9679.093611111113
2020-06-06T12:00:00Z,9686.624222222223
2020-06-06T13:00:00Z,9678.084768518518
2020-06-06T14:00:00Z,9663.084157407407
2020-06-06T15:00:00Z,9651.967537037039
2020-06-06T16:00:00Z,9636.842342592594
2020-06-06T17:00:00Z,9621.709962962963
2020-06-06T18:00:00Z,9614.335037037037
2020-06-06T19:00:00Z,9625.019277777776
2020-06-06T20:00:00Z,9658.299398148147
2020-06-06T21:00:00Z,9690.94776851852
2020-06-06T22:00:00Z,9696.919342592593
2020-06-06T23:00:00Z,9689.375055555556
2020-06-07T00:00:00Z,9677.28648148148
2020-06-07T01:00:00Z,9669.320722222225
2020-06-07T02:00:00Z,9671.506888888889
2020-06-07T03:00:00Z,9677.69687962963
2020-06-07T04:00:00Z,9682.935444444445
2020-06-07T05:00:00Z,9681.8435
2020-06-07T06:00:00Z,9675.341657407407
2020-06-07T07:00:00Z,9665.134490740742
2020-06-07T08:00:00Z,9657.100481481482
2020-06-07T09:00:00Z,9642.25335185185
2020-06-07T10:00:00Z,9627.986027777777
2020-06-07T11:00:00Z,9601.883333333331
2020-06-07T12:00:00Z,9558.019037037038
2020-06-07T13:00:00Z,9495.51075925926
2020-06-07T14:00:00Z,9442.643472222222
2020-06-07T15:00:00Z,9425.685333333333
2020-06-07T16:00:00Z,9437.047907407405
2020-06-07T17:00:00Z,9464.33947222222
2020-06-07T18:00:00Z,9498.133703703703
2020-06-07T19:00:00Z,9600.766064814814
2020-06-07T20:00:00Z,9705.374583333332
2020-06-07T21:00:00Z,9774.164907407408
2020-06-07T22:00:00Z,9806.723472222222
2020-06-07T23:00:00Z,9805.026453703704
2020-06-08T00:00:00Z,9799.392277777777
2020-06-08T01:00:00Z,9787.075648148148
2020-06-08T02:00:00Z,9764.284703703705
2020-06-08T03:00:00Z,9740.704777777779
2020-06-08T04:00:00Z,9727.947518518517
2020-06-08T05:00:00Z,9730.905546296293
2020-06-08T06:00:00Z,9735.022074074071
2020-06-08T07:00:00Z,9735.472481481482
2020-06-08T08:00:00Z,9721.488916666667
2020-06-08T09:00:00Z,9720.976731481482
2020-06-08T10:00:00Z,9726.181212962962
2020-06-08T11:00:00Z,9737.438777777776
2020-06-08T12:00:00Z,9739.760759259261
2020-06-08T13:00:00Z,9724.375287037039
2020-06-08T14:00:00Z,9698.936990740744
2020-06-08T15:00:00Z,9684.741953703706
2020-06-08T16:00:00Z,9687.868796296296
2020-06-08T17:00:00Z,9703.604981481481
2020-06-08T18:00:00Z,9714.65537962963
2020-06-08T19:00:00Z,9713.70362962963
2020-06-08T20:00:00Z,9707.205925925926
2020-06-08T21:00:00Z,9704.936638888888
2020-06-08T22:00:00Z,9702.773185185184
2020-06-08T23:00:00Z,9726.027824074074
2020-06-09T00:00:00Z,9737.29100925926
2020-06-09T01:00:00Z,9734.56877777778
2020-06-09T02:00:00Z,9720.245074074075
2020-06-09T03:00:00Z,9698.8695
2020-06-09T04:00:00Z,9682.181379629632
2020-06-09T05:00:00Z,9677.773074074075
2020-06-09T06:00:00Z,9680.411953703704
2020-06-09T07:00:00Z,9682.758351851851
2020-06-09T08:00:00Z,9684.258888888888
2020-06-09T09:00:00Z,9679.950805555556
2020-06-09T10:00:00Z,9675.580157407408
2020-06-09T11:00:00Z,9688.315046296297
2020-06-09T12:00:00Z,9709.728212962962
2020-06-09T13:00:00Z,9725.772324074074
2020-06-09T14:00:00Z,9732.876925925926
2020-06-09T15:00:00Z,9734.180268518518
2020-06-09T16:00:00Z,9728.290490740741
2020-06-09T17:00:00Z,9721.583324074072
2020-06-09T18:00:00Z,9715.301194444442
2020-06-09T19:00:00Z,9717.855962962962
2020-06-09T20:00:00Z,9730.439546296295
2020-06-09T21:00:00Z,9767.163972222219
2020-06-09T22:00:00Z,9795.011185185185
2020-06-09T23:00:00Z,9807.549425925925
2020-06-10T00:00:00Z,9806.348796296297
2020-06-10T01:00:00Z,9800.869296296298
2020-06-10T02:00:00Z,9793.905546296297
2020-06-10T03:00:00Z,9780.854981481481
2020-06-10T04:00:00Z,9763.96312037037
2020-06-10T05:00:00Z,9756.498842592593
2020-06-10T06:00:00Z,9761.295166666665
2020-06-10T07:00:00Z,9762.801842592593
2020-06-10T08:00:00Z,9756.74337037037
2020-06-10T09:00:00Z,9741.017935185186
2020-06-10T10:00:00Z,9730.746814814816
2020-06-10T11:00:00Z,9725.678240740743
2020-06-10T12:00:00Z,9737.136898148148
2020-06-10T13:00:00Z,9749.693583333334
2020-06-10T14:00:00Z,9758.916175925926
2020-06-10T15:00:00Z,9764.243527777779
2020-06-10T16:00:00Z,9767.785953703704
2020-06-10T17:00:00Z,9772.813157407409
2020-06-10T18:00:00Z,9792.520888888888
2020-06-10T19:00:00Z,9824.495527777777
2020-06-10T20:00:00Z,9858.635805555556
2020-06-10T21:00:00Z,9879.149861111111
2020-06-10T22:00:00Z,9896.42536111111
2020-06-10T23:00:00Z,9906.259240740741
2020-06-11T00:00:00Z,9912.575055555555
2020-06-11T01:00:00Z,9925.653490740739
2020-06-11T02:00:00Z,9934.237916666665
2020-06-11T03:00:00Z,9930.166537037037
2020-06-11T04:00:00Z,9917.73825925926
2020-06-11T05:00:00Z,9901.348944444444
2020-06-11T06:00:00Z,9871.899157407408
2020-06-11T07:00:00Z,9832.448898148148
2020-06-11T08:00:00Z,9799.753509259259
2020-06-11T09:00:00Z,9778.546648148149
2020-06-11T10:00:00Z,9772.989462962963
2020-06-11T11:00:00Z,9771.657981481481
2020-06-11T12:00:00Z,9749.767324074075
2020-06-11T13:00:00Z,9695.540574074073
2020-06-11T14:00:00Z,9629.408537037038
2020-06-11T15:00:00Z,9551.709444444445
2020-06-11T16:00:00Z,9364.197694444445
2020-06-11T17:00:00Z,9244.441398148148
2020-06-11T18:00:00Z,9183.663083333333
2020-06-11T19:00:00Z,9185.502787037038
2020-06-11T20:00:00Z,9234.333166666669
2020-06-11T21:00:00Z,9283.710740740742
2020-06-11T22:00:00Z,9316.097305555557
2020-06-11T23:00:00Z,9312.866314814817
2020-06-12T00:00:00Z,9302.489972222222
2020-06-12T01:00:00Z,9298.892749999999
2020-06-12T02:00:00Z,9313.440583333331
2020-06-12T03:00:00Z,9336.319648148145
2020-06-12T04:00:00Z,9352.844870370369
2020-06-12T05:00:00Z,9367.143472222222
2020-06-12T06:00:00Z,9372.626916666666
2020-06-12T07:00:00Z,9393.778583333333
2020-06-12T08:00:00Z,9430.188629629629
2020-06-12T09:00:00Z,9461.67699074074
2020-06-12T10:00:00Z,9481.94236111111
2020-06-12T11:00:00Z,9496.772064814815
2020-06-12T12:00:00Z,9495.249731481481
2020-06-12T13:00:00Z,9509.732111111112
2020-06-12T14:00:00Z,9492.609481481484
2020-06-12T15:00:00Z,9459.874574074076
2020-06-12T16:00:00Z,9426.092083333335
2020-06-12T17:00:00Z,9377.741740740743
2020-06-12T18:00:00Z,9355.810935185184
2020-06-12T19:00:00Z,9363.51787037037
2020-06-12T20:00:00Z,9400.359601851851
2020-06-12T21:00:00Z,9435.099592592593
2020-06-12T22:00:00Z,9465.31011111111
2020-06-12T23:00:00Z,9479.485953703703
2020-06-13T00:00:00Z,9476.182361111112
2020-06-13T01:00:00Z,9463.557666666666
2020-06-13T02:00:00Z,9444.355740740739
2020-06-13T03:00:00Z,9423.803907407406
2020-06-13T04:00:00Z,9405.462212962962
2020-06-13T05:00:00Z,9395.210796296296
2020-06-13T06:00:00Z,9398.780046296293
2020-06-13T07:00:00Z,9414.42912037037
2020-06-13T08:00:00Z,9431.346305555555
2020-06-13T09:00:00Z,9443.109370370372
2020-06-13T10:00:00Z,9440.24624074074
2020-06-13T11:00:00Z,9426.209277777778
2020-06-13T12:00:00Z,9417.66148148148
2020-06-13T13:00:00Z,9417.402194444445
2020-06-13T14:00:00Z,9429.623444444447
2020-06-13T15:00:00Z,9440.223518518522
2020-06-13T16:00:00Z,9444.111490740741
2020-06-13T17:00:00Z,9441.729305555555
2020-06-13T18:00:00Z,9439.898574074074
2020-06-13T19:00:00Z,9429.036009259258
2020-06-13T20:00:00Z,9414.661814814814
2020-06-13T21:00:00Z,9408.325888888887
2020-06-13T22:00:00Z,9413.885120370369
2020-06-13T23:00:00Z,9437.359333333332
2020-06-14T00:00:00Z,9457.584583333331
2020-06-14T01:00:00Z,9465.864935185184
2020-06-14T02:00:00Z,9461.553444444444
2020-06-14T03:00:00Z,9448.98072222222
2020-06-14T04:00:00Z,9435.978981481481
2020-06-14T05:00:00Z,9426.55887037037
2020-06-14T06:00:00Z,9412.643472222224
2020-06-14T07:00:00Z,9401.186324074075
2020-06-14T08:00:00Z,9401.344212962964
2020-06-14T09:00:00Z,9405.399972222223
2020-06-14T10:00:00Z,9413.254731481482
2020-06-14T11:00:00Z,9420.43377777778
2020-06-14T12:00:00Z,9419.554944444446
2020-06-14T13:00:00Z,9413.830611111114
2020-06-14T14:00:00Z,9389.663981481483
2020-06-14T15:00:00Z,9381.696157407408
2020-06-14T16:00:00Z,9380.271722222222
2020-06-14T17:00:00Z,9386.150083333334
2020-06-14T18:00:00Z,9388.662555555557
2020-06-14T19:00:00Z,9389.530870370369
2020-06-14T20:00:00Z,9387.124509259258
2020-06-14T21:00:00Z,9370.415583333332
2020-06-14T22:00:00Z,9363.717435185185
2020-06-14T23:00:00Z,9348.680611111113
2020-06-15T00:00:00Z,9334.456092592593
2020-06-15T01:00:00Z,9296.470685185186
2020-06-15T02:00:00Z,9258.264898148149
2020-06-15T03:00:00Z,9200.968342592596
2020-06-15T04:00:00Z,9158.561518518522
2020-06-15T05:00:00Z,9092.057657407411
2020-06-15T06:00:00Z,9032.308712962964
2020-06-15T07:00:00Z,9014.823287037036
2020-06-15T08:00:00Z,9039.635120370373
2020-06-15T09:00:00Z,9086.170333333333
2020-06-15T10:00:00Z,9108.004611111111
2020-06-15T11:00:00Z,9111.589259259259
2020-06-15T12:00:00Z,9099.8345
2020-06-15T13:00:00Z,9116.798898148149
2020-06-15T14:00:00Z,9154.635055555555
2020-06-15T15:00:00Z,9225.527555555554
2020-06-15T16:00:00Z,9310.171990740739
2020-06-15T17:00:00Z,9370.393009259258
2020-06-15T18:00:00Z,9420.740824074071
2020-06-15T19:00:00Z,9450.227046296295
2020-06-15T20:00:00Z,9481.726148148147
2020-06-15T21:00:00Z,9492.797027777777
2020-06-15T22:00:00Z,9482.625546296294
2020-06-15T23:00:00Z,9462.315805555552
2020-06-16T00:00:00Z,9431.876712962961
2020-06-16T01:00:00Z,9412.079620370367
2020-06-16T02:00:00Z,9417.180787037036
2020-06-16T03:00:00Z,9469.243999999997
2020-06-16T04:00:00Z,9528.773222222224
2020-06-16T05:00:00Z,9569.847777777779
2020-06-16T06:00:00Z,9560.443787037037
2020-06-16T07:00:00Z,9531.722
2020-06-16T08:00:00Z,9503.440666666667
2020-06-16T09:00:00Z,9490.23635185185
2020-06-16T10:00:00Z,9498.228453703703
2020-06-16T11:00:00Z,9508.241351851853
2020-06-16T12:00:00Z,9532.566416666667
2020-06-16T13:00:00Z,9548.289185185184
2020-06-16T14:00:00Z,9524.153194444445
2020-06-16T15:00:00Z,9482.444259259259
2020-06-16T16:00:00Z,9456.682212962962
2020-06-16T17:00:00Z,9449.168546296294
2020-06-16T18:00:00Z,9463.778675925927
2020-06-16T19:00:00Z,9484.978842592593
2020-06-16T20:00:00Z,9498.826083333335
2020-06-16T21:00:00Z,9507.40915740741
2020-06-16T22:00:00Z,9516.41625925926
2020-06-16T23:00:00Z,9525.476064814815
2020-06-17T00:00:00Z,9518.150055555558
2020-06-17T01:00:00Z,9494.727074074075
2020-06-17T02:00:00Z,9462.199861111114
2020-06-17T03:00:00Z,9439.290722222222
2020-06-17T04:00:00Z,9433.083064814817
2020-06-17T05:00:00Z,9432.660981481482
2020-06-17T06:00:00Z,9443.904222222222
2020-06-17T07:00:00Z,9466.885703703701
2020-06-17T08:00:00Z,9487.528314814814
2020-06-17T09:00:00Z,9494.899527777778
2020-06-17T10:00:00Z,9491.622777777777
2020-06-17T11:00:00Z,9482.546787037036
2020-06-17T12:00:00Z,9482.082777777778
2020-06-17T13:00:00Z,9469.548027777777
2020-06-17T14:00:00Z,9441.844805555555
2020-06-17T15:00:00Z,9406.411620370369
2020-06-17T16:00:00Z,9370.080212962961
2020-06-17T17:00:00Z,9356.646425925925
2020-06-17T18:00:00Z,9361.019305555556
2020-06-17T19:00:00Z,9345.251694444445
2020-06-17T20:00:00Z,9340.417787037035
2020-06-17T21:00:00Z,9353.457888888888
2020-06-17T22:00:00Z,9386.93312037037
2020-06-17T23:00:00Z,9430.19786111111
2020-06-18T00:00:00Z,9453.54835185185
2020-06-18T01:00:00Z,9452.990018518518
2020-06-18T02:00:00Z,9434.265824074073
2020-06-18T03:00:00Z,9418.620064814815
2020-06-18T04:00:00Z,9406.654722222222
2020-06-18T05:00:00Z,9405.024990740741
2020-06-18T06:00:00Z,9411.58313888889
2020-06-18T07:00:00Z,9421.182537037035
2020-06-18T08:00:00Z,9428.882111111108
2020-06-18T09:00:00Z,9426.155259259258
2020-06-18T10:00:00Z,9428.62587037037
2020-06-18T11:00:00Z,9429.330203703707
2020-06-18T12:00:00Z,9428.93880555556
2020-06-18T13:00:00Z,9419.95162037037
2020-06-18T14:00:00Z,9414.421398148148
2020-06-18T15:00:00Z,9399.249277777777
2020-06-18T16:00:00Z,9389.130175925924
2020-06-18T17:00:00Z,9385.180453703704
2020-06-18T18:00:00Z,9384.03897222222
2020-06-18T19:00:00Z,9386.57174074074
2020-06-18T20:00:00Z,9372.872648148146
2020-06-18T21:00:00Z,9360.47272222222
2020-06-18T22:00:00Z,9354.174620370371
2020-06-18T23:00:00Z,9358.192796296296
2020-06-19T00:00:00Z,9363.145277777778
2020-06-19T01:00:00Z,9350.37474074074
2020-06-19T02:00:00Z,9314.258027777778
2020-06-19T03:00:00Z,9274.750074074074
2020-06-19T04:00:00Z,9256.41224074074
2020-06-19T05:00:00Z,9263.663351851852
2020-06-19T06:00:00Z,9280.524824074075
2020-06-19T07:00:00Z,9290.559962962963
2020-06-19T08:00:00Z,9297.408046296296
2020-06-19T09:00:00Z,9317.072629629629
2020-06-19T10:00:00Z,9350.043453703705
2020-06-19T11:00:00Z,9380.261925925925
2020-06-19T12:00:00Z,9397.170370370368
2020-06-19T13:00:00Z,9400.397481481481
2020-06-19T14:00:00Z,9389.876314814815
2020-06-19T15:00:00Z,9381.014907407409
2020-06-19T16:00:00Z,9363.153398148148
2020-06-19T17:00:00Z,9337.029546296297
2020-06-19T18:00:00Z,9315.489212962964
2020-06-19T19:00:00Z,9297.482537037038
2020-06-19T20:00:00Z,9292.807805555556
2020-06-19T21:00:00Z,9298.883638888889
2020-06-19T22:00:00Z,9300.72587962963
2020-06-19T23:00:00Z,9300.622824074075
2020-06-20T00:00:00Z,9295.4255
2020-06-20T01:00:00Z,9295.972527777778
2020-06-20T02:00:00Z,9303.093833333332
2020-06-20T03:00:00Z,9313.887620370371
2020-06-20T04:00:00Z,9319.885638888889
2020-06-20T05:00:00Z,9316.411787037037
2020-06-20T06:00:00Z,9311.500777777776
2020-06-20T07:00:00Z,9302.228148148146
2020-06-20T08:00:00Z,9289.472796296297
2020-06-20T09:00:00Z,9279.02425925926
2020-06-20T10:00:00Z,9274.292453703705
2020-06-20T11:00:00Z,9286.858157407409
2020-06-20T12:00:00Z,9299.010833333334
2020-06-20T13:00:00Z,9301.510805555556
2020-06-20T14:00:00Z,9293.372824074075
2020-06-20T15:00:00Z,9274.487453703705
2020-06-20T16:00:00Z,9258.90751851852
2020-06-20T17:00:00Z,9252.406296296298
2020-06-20T18:00:00Z,9266.791796296298
2020-06-20T19:00:00Z,9283.47538888889
2020-06-20T20:00:00Z,9304.154055555557
2020-06-20T21:00:00Z,9324.296444444444
2020-06-20T22:00:00Z,9349.756101851852
2020-06-20T23:00:00Z,9368.789120370371
2020-06-21T00:00:00Z,9378.591925925926
2020-06-21T01:00:00Z,9381.331101851853
2020-06-21T02:00:00Z,9379.544574074074
2020-06-21T03:00:00Z,9377.411407407408
2020-06-21T04:00:00Z,9374.749712962961
2020-06-21T05:00:00Z,9377.897166666664
2020-06-21T06:00:00Z,9380.243527777779
2020-06-21T07:00:00Z,9378.392064814814
2020-06-21T08:00:00Z,9370.438944444446
2020-06-21T09:00:00Z,9362.848824074075
2020-06-21T10:00:00Z,9354.609796296294
2020-06-21T11:00:00Z,9349.11436111111
2020-06-21T12:00:00Z,9343.93363888889
2020-06-21T13:00:00Z,9340.477972222225
2020-06-21T14:00:00Z,9340.635490740742
2020-06-21T15:00:00Z,9348.55174074074
2020-06-21T16:00:00Z,9355.755203703704
2020-06-21T17:00:00Z,9354.308203703704
2020-06-21T18:00:00Z,9338.068268518518
2020-06-21T19:00:00Z,9326.994833333336
2020-06-21T20:00:00Z,9315.956648148149
2020-06-21T21:00:00Z,9313.813231481481
2020-06-21T22:00:00Z,9308.414898148148
2020-06-21T23:00:00Z,9297.32887037037
2020-06-22T00:00:00Z,9294.864833333335
2020-06-22T01:00:00Z,9318.544564814814
2020-06-22T02:00:00Z,9353.528722222221
2020-06-22T03:00:00Z,9383.171074074073
2020-06-22T04:00:00Z,9404.508907407404
2020-06-22T05:00:00Z,9417.694925925925
2020-06-22T06:00:00Z,9425.22987962963
2020-06-22T07:00:00Z,9428.988953703703
2020-06-22T08:00:00Z,9432.254712962966
2020-06-22T09:00:00Z,9430.488935185185
2020-06-22T10:00:00Z,9431.19274074074
2020-06-22T11:00:00Z,9439.866870370372
2020-06-22T12:00:00Z,9463.363712962964
2020-06-22T13:00:00Z,9480.848740740741
2020-06-22T14:00:00Z,9486.093509259259
2020-06-22T15:00:00Z,9490.098666666665
2020-06-22T16:00:00Z,9522.263185185184
2020-06-22T17:00:00Z,9569.136138888889
2020-06-22T18:00:00Z,9605.891805555555
2020-06-22T19:00:00Z,9614.724851851852
2020-06-22T20:00:00Z,9625.147111111113
2020-06-22T21:00:00Z,9652.194305555558
2020-06-22T22:00:00Z,9684.03799074074
2020-06-22T23:00:00Z,9708.277444444444
2020-06-23T00:00:00Z,9708.287944444442
2020-06-23T01:00:00Z,9687.21911111111
2020-06-23T02:00:00Z,9660.782638888888
2020-06-23T03:00:00Z,9644.763314814816
2020-06-23T04:00:00Z,9632.5297962963
2020-06-23T05:00:00Z,9622.878601851853
2020-06-23T06:00:00Z,9618.069000000001
2020-06-23T07:00:00Z,9627.451842592593
2020-06-23T08:00:00Z,9627.77287962963
2020-06-23T09:00:00Z,9620.16550925926
2020-06-23T10:00:00Z,9602.41388888889
2020-06-23T11:00:00Z,9600.528277777777
2020-06-23T12:00:00Z,9611.380398148149
2020-06-23T13:00:00Z,9628.612194444448
2020-06-23T14:00:00Z,9643.8405
2020-06-23T15:00:00Z,9665.273777777778
2020-06-23T16:00:00Z,9677.706851851854
2020-06-23T17:00:00Z,9682.692731481484
2020-06-23T18:00:00Z,9677.013101851851
2020-06-23T19:00:00Z,9664.567175925928
2020-06-23T20:00:00Z,9648.492453703702
2020-06-23T21:00:00Z,9638.866111111109
2020-06-23T22:00:00Z,9625.419898148146
2020-06-23T23:00:00Z,9616.654935185185
2020-06-24T00:00:00Z,9613.053990740742
2020-06-24T01:00:00Z,9620.294481481482
2020-06-24T02:00:00Z,9635.926435185185
2020-06-24T03:00:00Z,9648.149481481481
2020-06-24T04:00:00Z,9655.171268518518
2020-06-24T05:00:00Z,9653.499916666668
2020-06-24T06:00:00Z,9652.887722222222
2020-06-24T07:00:00Z,9607.377157407407
2020-06-24T08:00:00Z,9549.073148148147
2020-06-24T09:00:00Z,9500.837351851851
2020-06-24T10:00:00Z,9432.145990740742
2020-06-24T11:00:00Z,9355.463407407411
2020-06-24T12:00:00Z,9309.621555555557
2020-06-24T13:00:00Z,9288.132101851852
2020-06-24T14:00:00Z,9276.028120370369
2020-06-24T15:00:00Z,9252.85948148148
2020-06-24T16:00:00Z,9242.740259259257
2020-06-24T17:00:00Z,9248.63774074074
2020-06-24T18:00:00Z,9269.86113888889
2020-06-24T19:00:00Z,9287.937203703705
2020-06-24T20:00:00Z,9294.411916666666
2020-06-24T21:00:00Z,9285.352935185183
2020-06-24T22:00:00Z,9279.106694444445
2020-06-24T23:00:00Z,9278.01612037037
2020-06-25T00:00:00Z,9271.378064814815
2020-06-25T01:00:00Z,9265.33327777778
2020-06-25T02:00:00Z,9251.913583333335
2020-06-25T03:00:00Z,9192.472101851854
2020-06-25T04:00:00Z,9127.158453703705
2020-06-25T05:00:00Z,9095.98823148148
2020-06-25T06:00:00Z,9105.243675925925
2020-06-25T07:00:00Z,9132.975611111111
2020-06-25T08:00:00Z,9194.119037037037
2020-06-25T09:00:00Z,9242.73138888889
2020-06-25T10:00:00Z,9276.69788888889
2020-06-25T11:00:00Z,9286.617833333334
2020-06-25T12:00:00Z,9255.98624074074
2020-06-25T13:00:00Z,9216.746407407407
2020-06-25T14:00:00Z,9202.175574074074
2020-06-25T15:00:00Z,9207.137527777777
2020-06-25T16:00:00Z,9238.004787037034
2020-06-25T17:00:00Z,9268.761157407405
2020-06-25T18:00:00Z,9280.538546296295
2020-06-25T19:00:00Z,9285.960574074072
2020-06-25T20:00:00Z,9284.226324074074
2020-06-25T21:00:00Z,9290.244518518519
2020-06-25T22:00:00Z,9284.917425925923
2020-06-25T23:00:00Z,9268.439629629629
2020-06-26T00:00:00Z,9260.52912962963
2020-06-26T01:00:00Z,9250.92375925926
2020-06-26T02:00:00Z,9246.857694444443
2020-06-26T03:00:00Z,9240.548037037037
2020-06-26T04:00:00Z,9238.101342592592
2020-06-26T05:00:00Z,9225.462564814816
2020-06-26T06:00:00Z,9210.157240740738
2020-06-26T07:00:00Z,9173.33375925926
2020-06-26T08:00:00Z,9132.681212962963
2020-06-26T09:00:00Z,9126.096916666667
2020-06-26T10:00:00Z,9147.76064814815
2020-06-26T11:00:00Z,9171.668990740742
2020-06-26T12:00:00Z,9191.950805555556
2020-06-26T13:00:00Z,9183.638777777776
2020-06-26T14:00:00Z,9145.17600925926
2020-06-26T15:00:00Z,9119.068898148149
2020-06-26T16:00:00Z,9111.430472222222
2020-06-26T17:00:00Z,9122.166712962962
2020-06-26T18:00:00Z,9133.240731481483
2020-06-26T19:00:00Z,9146.509657407407
2020-06-26T20:00:00Z,9165.314972222224
2020-06-26T21:00:00Z,9178.85475
2020-06-26T22:00:00Z,9183.870666666668
2020-06-26T23:00:00Z,9176.349527777778
2020-06-27T00:00:00Z,9158.090861111112
2020-06-27T01:00:00Z,9142.181564814813
2020-06-27T02:00:00Z,9129.786416666668
2020-06-27T03:00:00Z,9130.392166666667
2020-06-27T04:00:00Z,9137.40476851852
2020-06-27T05:00:00Z,9147.481425925927
2020-06-27T06:00:00Z,9160.376666666665
2020-06-27T07:00:00Z,9168.875564814813
2020-06-27T08:00:00Z,9169.27922222222
2020-06-27T09:00:00Z,9158.194768518517
2020-06-27T10:00:00Z,9143.201555555555
2020-06-27T11:00:00Z,9137.32925
2020-06-27T12:00:00Z,9140.605499999998
2020-06-27T13:00:00Z,9146.654527777777
2020-06-27T14:00:00Z,9148.01937037037
2020-06-27T15:00:00Z,9140.936981481482
2020-06-27T16:00:00Z,9121.126925925926
2020-06-27T17:00:00Z,9094.17285185185
2020-06-27T18:00:00Z,9074.473916666664
2020-06-27T19:00:00Z,9020.27648148148
2020-06-27T20:00:00Z,8963.036398148148
2020-06-27T21:00:00Z,8951.06275
2020-06-27T22:00:00Z,8950.888416666665
2020-06-27T23:00:00Z,8970.53727777778
2020-06-28T00:00:00Z,8977.483731481481
2020-06-28T01:00:00Z,8972.585055555557
2020-06-28T02:00:00Z,8966.771305555556
2020-06-28T03:00:00Z,8962.475546296298
2020-06-28T04:00:00Z,8958.86226851852
2020-06-28T05:00:00Z,8955.620537037039
2020-06-28T06:00:00Z,8967.745685185184
2020-06-28T07:00:00Z,8990.321648148145
2020-06-28T08:00:00Z,9021.908296296295
2020-06-28T09:00:00Z,9053.592592592593
2020-06-28T10:00:00Z,9070.769148148147
2020-06-28T11:00:00Z,9072.32486111111
2020-06-28T12:00:00Z,9064.560592592592
2020-06-28T13:00:00Z,9056.428398148148
2020-06-28T14:00:00Z,9082.26946296296
2020-06-28T15:00:00Z,9123.578462962963
2020-06-28T16:00:00Z,9158.882740740739
2020-06-28T17:00:00Z,9176.864953703702
2020-06-28T18:00:00Z,9176.555416666668
2020-06-28T19:00:00Z,9156.164111111111
2020-06-28T20:00:00Z,9130.305351851852
2020-06-28T21:00:00Z,9112.839962962962
2020-06-28T22:00:00Z,9100.685583333334
2020-06-28T23:00:00Z,9100.38963888889
2020-06-29T00:00:00Z,9104.684898148147
2020-06-29T01:00:00Z,9116.08347222222
2020-06-29T02:00:00Z,9124.288703703705
2020-06-29T03:00:00Z,9118.81500925926
2020-06-29T04:00:00Z,9110.504472222221
2020-06-29T05:00:00Z,9102.574712962964
2020-06-29T06:00:00Z,9091.021574074075
2020-06-29T07:00:00Z,9081.808138888888
2020-06-29T08:00:00Z,9075.349870370368
2020-06-29T09:00:00Z,9087.360009259259
2020-06-29T10:00:00Z,9101.490675925927
2020-06-29T11:00:00Z,9105.665453703703
2020-06-29T12:00:00Z,9103.285953703702
2020-06-29T13:00:00Z,9080.522814814814
2020-06-29T14:00:00Z,9060.10536111111
2020-06-29T15:00:00Z,9066.115388888888
2020-06-29T16:00:00Z,9086.921277777778
2020-06-29T17:00:00Z,9122.169518518518
2020-06-29T18:00:00Z,9147.933787037038
2020-06-29T19:00:00Z,9163.154268518518
2020-06-29T20:00:00Z,9176.760592592595
2020-06-29T21:00:00Z,9195.868814814814
2020-06-29T22:00:00Z,9206.507018518516
2020-06-29T23:00:00Z,9207.959574074073
2020-06-30T00:00:00Z,9198.63162962963
2020-06-30T01:00:00Z,9193.833037037037
2020-06-30T02:00:00Z,9188.719194444444
2020-06-30T03:00:00Z,9179.142574074076
2020-06-30T04:00:00Z,9167.333527777779
2020-06-30T05:00:00Z,9146.414314814814
2020-06-30T06:00:00Z,9133.268953703702
2020-06-30T07:00:00Z,9126.79985185185
2020-06-30T08:00:00Z,9124.868555555555
2020-06-30T09:00:00Z,9131.61163888889
2020-06-30T10:00:00Z,9139.782194444444
2020-06-30T11:00:00Z,9146.734425925926
2020-06-30T12:00:00Z,9141.271083333331
2020-06-30T13:00:00Z,9133.36499074074
2020-06-30T14:00:00Z,9142.046148148149
2020-06-30T15:00:00Z,9156.316120370371
2020-06-30T16:00:00Z,9172.830555555556
2020-06-30T17:00:00Z,9173.225555555555
2020-06-30T18:00:00Z,9158.37152777778
2020-06-30T19:00:00Z,9142.361037037039
2020-06-30T20:00:00Z,9134.824305555556
2020-06-30T21:00:00Z,9140.243287037034
2020-06-30T22:00:00Z,9141.679018518516
2020-06-30T23:00:00Z,9139.641444444444
2020-07-01T00:00:00Z,9130.626027777776
2020-07-01T01:00:00Z,9121.738472222221
2020-07-01T02:00:00Z,9120.576453703701
2020-07-01T03:00:00Z,9124.83201851852
2020-07-01T04:00:00Z,9135.432703703704
2020-07-01T05:00:00Z,9144.223435185186
2020-07-01T06:00:00Z,9146.825314814816
2020-07-01T07:00:00Z,9143.644694444447
2020-07-01T08:00:00Z,9149.60416666667
2020-07-01T09:00:00Z,9158.42176851852
2020-07-01T10:00:00Z,9162.843037037037
2020-07-01T11:00:00Z,9164.641120370368
2020-07-01T12:00:00Z,9164.916453703701
2020-07-01T13:00:00Z,9179.44600925926
2020-07-01T14:00:00Z,9203.353481481483
2020-07-01T15:00:00Z,9240.270481481482
2020-07-01T16:00:00Z,9277.72912037037
2020-07-01T17:00:00Z,9303.881833333331
2020-07-01T18:00:00Z,9306.546592592591
2020-07-01T19:00:00Z,9288.60613888889
2020-07-01T20:00:00Z,9263.174185185186
2020-07-01T21:00:00Z,9243.88737962963
2020-07-01T22:00:00Z,9236.030555555555
2020-07-01T23:00:00Z,9233.494453703706
2020-07-02T00:00:00Z,9232.116990740742
2020-07-02T01:00:00Z,9235.986981481483
2020-07-02T02:00:00Z,9240.73349074074
2020-07-02T03:00:00Z,9243.71663888889
2020-07-02T04:00:00Z,9244.290333333336
2020-07-02T05:00:00Z,9234.050435185187
2020-07-02T06:00:00Z,9219.079074074076
2020-07-02T07:00:00Z,9207.675175925926
2020-07-02T08:00:00Z,9202.06775925926
2020-07-02T09:00:00Z,9202.963277777775
2020-07-02T10:00:00Z,9204.017527777776
2020-07-02T11:00:00Z,9202.041194444444
2020-07-02T12:00:00Z,9212.249814814813
2020-07-02T13:00:00Z,9230.193157407406
2020-07-02T14:00:00Z,9232.013962962963
2020-07-02T15:00:00Z,9174.763629629631
2020-07-02T16:00:00Z,9092.879685185186
2020-07-02T17:00:00Z,9031.679416666668
2020-07-02T18:00:00Z,9010.337166666666
2020-07-02T19:00:00Z,9015.65387037037
2020-07-02T20:00:00Z,9037.321574074074
2020-07-02T21:00:00Z,9073.802990740742
2020-07-02T22:00:00Z,9103.364194444444
2020-07-02T23:00:00Z,9116.686787037035
2020-07-03T00:00:00Z,9115.673796296296
2020-07-03T01:00:00Z,9110.676935185187
2020-07-03T02:00:00Z,9105.94064814815
2020-07-03T03:00:00Z,9100.30986111111
2020-07-03T04:00:00Z,9095.165037037037
2020-07-03T05:00:00Z,9097.365768518519
2020-07-03T06:00:00Z,9099.194777777777
2020-07-03T07:00:00Z,9102.318305555555
2020-07-03T08:00:00Z,9102.87248148148
2020-07-03T09:00:00Z,9096.474120370369
2020-07-03T10:00:00Z,9087.088796296295
2020-07-03T11:00:00Z,9083.90774074074
2020-07-03T12:00:00Z,9090.758842592593
2020-07-03T13:00:00Z,9097.154787037036
2020-07-03T14:00:00Z,9098.059370370369
2020-07-03T15:00:00Z,9098.079425925926
2020-07-03T16:00:00Z,9097.080351851851
2020-07-03T17:00:00Z,9095.515851851851
2020-07-03T18:00:00Z,9091.177166666666
2020-07-03T19:00:00Z,9088.429138888887
2020-07-03T20:00:00Z,9087.872685185184
2020-07-03T21:00:00Z,9091.166796296297
2020-07-03T22:00:00Z,9091.761833333332
2020-07-03T23:00:00Z,9083.39411111111
2020-07-04T00:00:00Z,9073.816666666666
2020-07-04T01:00:00Z,9067.50349074074
2020-07-04T02:00:00Z,9069.62161111111
2020-07-04T03:00:00Z,9076.057953703703
2020-07-04T04:00:00Z,9082.921916666666
2020-07-04T05:00:00Z,9088.553249999999
2020-07-04T06:00:00Z,9087.896805555554
2020-07-04T07:00:00Z,9082.954009259258
2020-07-04T08:00:00Z,9078.560305555553
2020-07-04T09:00:00Z,9074.659999999996
2020-07-04T10:00:00Z,9069.632787037035
2020-07-04T11:00:00Z,9064.847870370371
2020-07-04T12:00:00Z,9063.378842592594
2020-07-04T13:00:00Z,9067.971444444445
2020-07-04T14:00:00Z,9072.880898148147
2020-07-04T15:00:00Z,9073.797657407405
2020-07-04T16:00:00Z,9073.343574074073
2020-07-04T17:00:00Z,9101.981416666664
2020-07-04T18:00:00Z,9134.81735185185
2020-07-04T19:00:00Z,9155.482759259257
2020-07-04T20:00:00Z,9158.462064814814
2020-07-04T21:00:00Z,9146.846675925925
2020-07-04T22:00:00Z,9136.192824074073
2020-07-04T23:00:00Z,9133.250925925926
2020-07-05T00:00:00Z,9134.879037037035
2020-07-05T01:00:00Z,9135.933111111111
2020-07-05T02:00:00Z,9132.231537037036
2020-07-05T03:00:00Z,9128.414018518519
2020-07-05T04:00:00Z,9124.6115
2020-07-05T05:00:00Z,9106.985342592592
2020-07-05T06:00:00Z,9081.646907407407
2020-07-05T07:00:00Z,9059.821083333334
2020-07-05T08:00:00Z,9050.635657407405
2020-07-05T09:00:00Z,9037.737759259258
2020-07-05T10:00:00Z,9026.618351851852
2020-07-05T11:00:00Z,9020.184935185187
2020-07-05T12:00:00Z,9021.7135
2020-07-05T13:00:00Z,9020.56924074074
2020-07-05T14:00:00Z,9022.456833333335
2020-07-05T15:00:00Z,9023.619444444443
2020-07-05T16:00:00Z,9027.011555555555
2020-07-05T17:00:00Z,9031.338527777778
2020-07-05T18:00:00Z,9036.289787037038
2020-07-05T19:00:00Z,9037.526074074076
2020-07-05T20:00:00Z,9031.024611111112
2020-07-05T21:00:00Z,9027.703935185185
2020-07-05T22:00:00Z,9040.777138888889
2020-07-05T23:00:00Z,9062.223518518518
2020-07-06T00:00:00Z,9078.820796296293
2020-07-06T01:00:00Z,9089.734444444444
2020-07-06T02:00:00Z,9096.748638888888
2020-07-06T03:00:00Z,9099.886148148147
2020-07-06T04:00:00Z,9101.584074074073
2020-07-06T05:00:00Z,9105.965712962961
2020-07-06T06:00:00Z,9145.603675925924
2020-07-06T07:00:00Z,9188.542490740741
2020-07-06T08:00:00Z,9218.496277777776
2020-07-06T09:00:00Z,9229.039425925925
2020-07-06T10:00:00Z,9221.729842592593
2020-07-06T11:00:00Z,9221.30388888889
2020-07-06T12:00:00Z,9239.387657407407
2020-07-06T13:00:00Z,9259.49174074074
2020-07-06T14:00:00Z,9273.044944444444
2020-07-06T15:00:00Z,9290.329138888888
2020-07-06T16:00:00Z,9309.708111111111
2020-07-06T17:00:00Z,9325.637509259259
2020-07-06T18:00:00Z,9328.325046296297
2020-07-06T19:00:00Z,9319.12588888889
2020-07-06T20:00:00Z,9300.88449074074
2020-07-06T21:00:00Z,9285.328166666668
2020-07-06T22:00:00Z,9279.069046296296
2020-07-06T23:00:00Z,9297.364064814814
2020-07-07T00:00:00Z,9320.97738888889
2020-07-07T01:00:00Z,9334.332074074075
2020-07-07T02:00:00Z,9324.363351851853
2020-07-07T03:00:00Z,9307.438962962964
2020-07-07T04:00:00Z,9290.532703703702
2020-07-07T05:00:00Z,9280.816722222224
2020-07-07T06:00:00Z,9274.404916666668
2020-07-07T07:00:00Z,9266.65140740741
2020-07-07T08:00:00Z,9261.596564814818
2020-07-07T09:00:00Z,9247.179944444446
2020-07-07T10:00:00Z,9238.070962962965
2020-07-07T11:00:00Z,9241.710250000002
2020-07-07T12:00:00Z,9253.214435185186
2020-07-07T13:00:00Z,9263.739361111111
2020-07-07T14:00:00Z,9266.464027777778
2020-07-07T15:00:00Z,9269.585981481483
2020-07-07T16:00:00Z,9269.852537037039
2020-07-07T17:00:00Z,9275.371527777776
2020-07-07T18:00:00Z,9277.89898148148
2020-07-07T19:00:00Z,9267.499268518519
2020-07-07T20:00:00Z,9256.748333333335
2020-07-07T21:00:00Z,9246.310388888889
2020-07-07T22:00:00Z,9241.812416666666
2020-07-07T23:00:00Z,9244.336981481481
2020-07-08T00:00:00Z,9245.777296296297
2020-07-08T01:00:00Z,9255.197888888892
2020-07-08T02:00:00Z,9274.263148148151
2020-07-08T03:00:00Z,9295.810898148147
2020-07-08T04:00:00Z,9300.038009259259
2020-07-08T05:00:00Z,9291.969527777777
2020-07-08T06:00:00Z,9277.119675925926
2020-07-08T07:00:00Z,9271.080500000002
2020-07-08T08:00:00Z,9273.08875925926
2020-07-08T09:00:00Z,9278.50950925926
2020-07-08T10:00:00Z,9288.091083333335
2020-07-08T11:00:00Z,9300.747166666666
2020-07-08T12:00:00Z,9307.169333333333
2020-07-08T13:00:00Z,9352.168851851851
2020-07-08T14:00:00Z,9405.107731481483
2020-07-08T15:00:00Z,9444.26576851852
2020-07-08T16:00:00Z,9457.617953703704
2020-07-08T17:00:00Z,9452.231685185188
2020-07-08T18:00:00Z,9440.913842592594
2020-07-08T19:00:00Z,9437.231583333336
2020-07-08T20:00:00Z,9436.79212962963
2020-07-08T21:00:00Z,9437.557842592594
2020-07-08T22:00:00Z,9444.38084259259
2020-07-08T23:00:00Z,9447.656148148148
2020-07-09T00:00:00Z,9440.282657407408
2020-07-09T01:00:00Z,9418.585925925923
2020-07-09T02:00:00Z,9393.29787037037
2020-07-09T03:00:00Z,9376.8295
2020-07-09T04:00:00Z,9371.030546296295
2020-07-09T05:00:00Z,9371.054231481483
2020-07-09T06:00:00Z,9382.148472222225
2020-07-09T07:00:00Z,9393.809435185185
2020-07-09T08:00:00Z,9400.980361111113
2020-07-09T09:00:00Z,9399.361620370371
2020-07-09T10:00:00Z,9386.695657407408
2020-07-09T11:00:00Z,9382.7722962963
2020-07-09T12:00:00Z,9394.584083333335
2020-07-09T13:00:00Z,9404.781490740743
2020-07-09T14:00:00Z,9379.364527777778
2020-07-09T15:00:00Z,9308.648574074075
2020-07-09T16:00:00Z,9234.312870370371
2020-07-09T17:00:00Z,9181.407592592594
2020-07-09T18:00:00Z,9167.984231481481
2020-07-09T19:00:00Z,9177.551212962964
2020-07-09T20:00:00Z,9199.38502777778
2020-07-09T21:00:00Z,9224.922342592594
2020-07-09T22:00:00Z,9243.510592592593
2020-07-09T23:00:00Z,9250.549861111109
2020-07-10T00:00:00Z,9241.98888888889
2020-07-10T01:00:00Z,9229.391648148148
2020-07-10T02:00:00Z,9217.34761111111
2020-07-10T03:00:00Z,9210.79675
2020-07-10T04:00:00Z,9186.156009259259
2020-07-10T05:00:00Z,9157.776416666666
2020-07-10T06:00:00Z,9132.66537037037
2020-07-10T07:00:00Z,9122.340546296296
2020-07-10T08:00:00Z,9131.847898148148
2020-07-10T09:00:00Z,9152.086712962964
2020-07-10T10:00:00Z,9172.947703703707
2020-07-10T11:00:00Z,9179.664805555556
2020-07-10T12:00:00Z,9181.791527777777
2020-07-10T13:00:00Z,9179.861046296297
2020-07-10T14:00:00Z,9181.967194444445
2020-07-10T15:00:00Z,9202.43026851852
2020-07-10T16:00:00Z,9222.445324074077
2020-07-10T17:00:00Z,9235.801620370372
2020-07-10T18:00:00Z,9237.217999999999
2020-07-10T19:00:00Z,9235.530675925927
2020-07-10T20:00:00Z,9234.848027777778
2020-07-10T21:00:00Z,9231.395324074072
2020-07-10T22:00:00Z,9230.115944444442
2020-07-10T23:00:00Z,9246.757629629628
2020-07-11T00:00:00Z,9269.171462962964
2020-07-11T01:00:00Z,9288.833990740744
2020-07-11T02:00:00Z,9295.816361111114
2020-07-11T03:00:00Z,9289.656787037036
2020-07-11T04:00:00Z,9276.592907407407
2020-07-11T05:00:00Z,9264.292981481483
2020-07-11T06:00:00Z,9256.524833333337
2020-07-11T07:00:00Z,9257.543018518523
2020-07-11T08:00:00Z,9260.478990740741
2020-07-11T09:00:00Z,9247.030055555557
2020-07-11T10:00:00Z,9226.956740740741
2020-07-11T11:00:00Z,9206.116342592593
2020-07-11T12:00:00Z,9195.388601851851
2020-07-11T13:00:00Z,9199.91613888889
2020-07-11T14:00:00Z,9212.98823148148
2020-07-11T15:00:00Z,9224.979222222222
2020-07-11T16:00:00Z,9227.947
2020-07-11T17:00:00Z,9226.471157407408
2020-07-11T18:00:00Z,9224.963472222224
2020-07-11T19:00:00Z,9219.768935185186
2020-07-11T20:00:00Z,9216.068898148149
2020-07-11T21:00:00Z,9215.68464814815
2020-07-11T22:00:00Z,9216.916407407407
2020-07-11T23:00:00Z,9224.276138888888
2020-07-12T00:00:00Z,9236.941111111111
2020-07-12T01:00:00Z,9255.620722222224
2020-07-12T02:00:00Z,9271.918925925926
2020-07-12T03:00:00Z,9282.947712962961
2020-07-12T04:00:00Z,9285.050759259257
2020-07-12T05:00:00Z,9281.92774074074
2020-07-12T06:00:00Z,9273.379555555555
2020-07-12T07:00:00Z,9263.204472222222
2020-07-12T08:00:00Z,9254.827101851852
2020-07-12T09:00:00Z,9252.82062962963
2020-07-12T10:00:00Z,9255.476824074074
2020-07-12T11:00:00Z,9255.540212962962
2020-07-12T12:00:00Z,9259.103481481481
2020-07-12T13:00:00Z,9247.685851851851
2020-07-12T14:00:00Z,9232.141712962964
2020-07-12T15:00:00Z,9216.71687962963
2020-07-12T16:00:00Z,9207.278759259258
2020-07-12T17:00:00Z,9205.379314814814
2020-07-12T18:00:00Z,9208.479888888889
2020-07-12T19:00:00Z,9214.030435185183
2020-07-12T20:00:00Z,9222.045555555553
2020-07-12T21:00:00Z,9240.584888888887
2020-07-12T22:00:00Z,9268.013787037036
2020-07-12T23:00:00Z,9295.941277777778
2020-07-13T00:00:00Z,9306.412722222223
2020-07-13T01:00:00Z,9303.80350925926
2020-07-13T02:00:00Z,9293.811351851851
2020-07-13T03:00:00Z,9282.229435185185
2020-07-13T04:00:00Z,9272.943703703704
2020-07-13T05:00:00Z,9270.646777777778
2020-07-13T06:00:00Z,9267.204083333334
2020-07-13T07:00:00Z,9265.461416666667
2020-07-13T08:00:00Z,9267.77314814815
2020-07-13T09:00:00Z,9273.507370370373
2020-07-13T10:00:00Z,9281.202916666669
2020-07-13T11:00:00Z,9293.53613888889
2020-07-13T12:00:00Z,9308.041092592592
2020-07-13T13:00:00Z,9320.274787037037
2020-07-13T14:00:00Z,9322.792527777778
2020-07-13T15:00:00Z,9313.730416666665
2020-07-13T16:00:00Z,9304.39325
2020-07-13T17:00:00Z,9302.60762962963
2020-07-13T18:00:00Z,9298.186564814816
2020-07-13T19:00:00Z,9275.212518518516
2020-07-13T20:00:00Z,9250.726333333332
2020-07-13T21:00:00Z,9233.475796296296
2020-07-13T22:00:00Z,9226.296092592595
2020-07-13T23:00:00Z,9226.096370370373
2020-07-14T00:00:00Z,9221.950722222224
2020-07-14T01:00:00Z,9220.529092592593
2020-07-14T02:00:00Z,9218.577953703705
2020-07-14T03:00:00Z,9215.840481481482
2020-07-14T04:00:00Z,9204.145083333335
2020-07-14T05:00:00Z,9188.511731481482
2020-07-14T06:00:00Z,9177.45200925926
2020-07-14T07:00:00Z,9171.89361111111
2020-07-14T08:00:00Z,9175.950879629629
2020-07-14T09:00:00Z,9184.03636111111
2020-07-14T10:00:00Z,9187.416972222221
2020-07-14T11:00:00Z,9200.741527777776
2020-07-14T12:00:00Z,9210.313787037036
2020-07-14T13:00:00Z,9214.42161111111
2020-07-14T14:00:00Z,9215.471953703704
2020-07-14T15:00:00Z,9216.730314814817
2020-07-14T16:00:00Z,9221.505296296296
2020-07-14T17:00:00Z,9234.150444444445
2020-07-14T18:00:00Z,9247.47810185185
2020-07-14T19:00:00Z,9262.194564814816
2020-07-14T20:00:00Z,9274.749861111113
2020-07-14T21:00:00Z,9273.364407407409
2020-07-14T22:00:00Z,9266.71423148148
2020-07-14T23:00:00Z,9258.740675925925
2020-07-15T00:00:00Z,9255.991861111112
2020-07-15T01:00:00Z,9253.837546296296
2020-07-15T02:00:00Z,9249.606805555557
2020-07-15T03:00:00Z,9241.789666666666
2020-07-15T04:00:00Z,9237.10136111111
2020-07-15T05:00:00Z,9235.395768518518
2020-07-15T06:00:00Z,9233.34563888889
2020-07-15T07:00:00Z,9230.486083333333
2020-07-15T08:00:00Z,9222.765490740741
2020-07-15T09:00:00Z,9215.898268518516
2020-07-15T10:00:00Z,9217.519953703704
2020-07-15T11:00:00Z,9218.276861111111
2020-07-15T12:00:00Z,9225.015546296296
2020-07-15T13:00:00Z,9227.802185185184
2020-07-15T14:00:00Z,9232.761879629628
2020-07-15T15:00:00Z,9225.543925925926
2020-07-15T16:00:00Z,9213.681805555554
2020-07-15T17:00:00Z,9201.160703703703
2020-07-15T18:00:00Z,9187.626824074074
2020-07-15T19:00:00Z,9176.039907407407
2020-07-15T20:00:00Z,9179.801398148147
2020-07-15T21:00:00Z,9196.649787037037
2020-07-15T22:00:00Z,9209.720342592593
2020-07-15T23:00:00Z,9211.34549074074
2020-07-16T00:00:00Z,9208.00622222222
2020-07-16T01:00:00Z,9206.111787037034
2020-07-16T02:00:00Z,9202.826037037035
2020-07-16T03:00:00Z,9198.828537037038
2020-07-16T04:00:00Z,9195.078314814817
2020-07-16T05:00:00Z,9192.177259259262
2020-07-16T06:00:00Z,9184.344564814817
2020-07-16T07:00:00Z,9157.668370370371
2020-07-16T08:00:00Z,9125.388851851852
2020-07-16T09:00:00Z,9084.097194444445
2020-07-16T10:00:00Z,9060.363046296296
2020-07-16T11:00:00Z,9049.191370370372
2020-07-16T12:00:00Z,9049.402907407408
2020-07-16T13:00:00Z,9055.89622222222
2020-07-16T14:00:00Z,9071.53607407407
2020-07-16T15:00:00Z,9092.917287037037
2020-07-16T16:00:00Z,9111.415277777778
2020-07-16T17:00:00Z,9125.355481481483
2020-07-16T18:00:00Z,9130.607074074076
2020-07-16T19:00:00Z,9130.520944444446
2020-07-16T20:00:00Z,9121.956500000002
2020-07-16T21:00:00Z,9117.996796296296
2020-07-16T22:00:00Z,9120.851166666667
2020-07-16T23:00:00Z,9127.652916666668
2020-07-17T00:00:00Z,9130.66552777778
2020-07-17T01:00:00Z,9126.81163888889
2020-07-17T02:00:00Z,9122.626583333335
2020-07-17T03:00:00Z,9117.394231481481
2020-07-17T04:00:00Z,9112.868083333333
2020-07-17T05:00:00Z,9105.018148148147
2020-07-17T06:00:00Z,9102.674370370369
2020-07-17T07:00:00Z,9100.564907407404
2020-07-17T08:00:00Z,9099.216407407404
2020-07-17T09:00:00Z,9101.93800925926
2020-07-17T10:00:00Z,9106.63013888889
2020-07-17T11:00:00Z,9117.776657407408
2020-07-17T12:00:00Z,9136.829481481484
2020-07-17T13:00:00Z,9155.647296296298
2020-07-17T14:00:00Z,9164.731064814814
2020-07-17T15:00:00Z,9163.5405
2020-07-17T16:00:00Z,9157.681425925924
2020-07-17T17:00:00Z,9152.93251851852
2020-07-17T18:00:00Z,9155.250175925927
2020-07-17T19:00:00Z,9160.899981481483
2020-07-17T20:00:00Z,9163.988305555557
2020-07-17T21:00:00Z,9161.882444444445
2020-07-17T22:00:00Z,9160.217675925927
2020-07-17T23:00:00Z,9157.734018518518
2020-07-18T00:00:00Z,9155.388231481482
2020-07-18T01:00:00Z,9150.563555555555
2020-07-18T02:00:00Z,9145.648249999997
2020-07-18T03:00:00Z,9140.792101851848
2020-07-18T04:00:00Z,9139.561342592591
2020-07-18T05:00:00Z,9138.652314814817
2020-07-18T06:00:00Z,9138.02187962963
2020-07-18T07:00:00Z,9137.791981481481
2020-07-18T08:00:00Z,9143.036972222222
2020-07-18T09:00:00Z,9154.30150925926
2020-07-18T10:00:00Z,9167.224120370372
2020-07-18T11:00:00Z,9174.212185185186
2020-07-18T12:00:00Z,9176.653296296297
2020-07-18T13:00:00Z,9175.107342592595
2020-07-18T14:00:00Z,9172.769000000002
2020-07-18T15:00:00Z,9173.028666666667
2020-07-18T16:00:00Z,9173.02450925926
2020-07-18T17:00:00Z,9174.170657407407
2020-07-18T18:00:00Z,9179.92062037037
2020-07-18T19:00:00Z,9179.788092592593
2020-07-18T20:00:00Z,9180.303583333334
2020-07-18T21:00:00Z,9179.190935185186
2020-07-18T22:00:00Z,9176.619166666667
2020-07-18T23:00:00Z,9175.512944444445
2020-07-19T00:00:00Z,9176.59012962963
2020-07-19T01:00:00Z,9174.896305555556
2020-07-19T02:00:00Z,9169.970000000001
2020-07-19T03:00:00Z,9162.524953703702
2020-07-19T04:00:00Z,9155.426879629627
2020-07-19T05:00:00Z,9148.53772222222
2020-07-19T06:00:00Z,9147.240898148146
2020-07-19T07:00:00Z,9149.34558333333
2020-07-19T08:00:00Z,9153.16787962963
2020-07-19T09:00:00Z,9156.455620370369
2020-07-19T10:00:00Z,9148.89783333333
2020-07-19T11:00:00Z,9137.125962962962
2020-07-19T12:00:00Z,9129.183212962962
2020-07-19T13:00:00Z,9125.704537037038
2020-07-19T14:00:00Z,9127.612490740741
2020-07-19T15:00:00Z,9127.012416666666
2020-07-19T16:00:00Z,9133.776462962966
2020-07-19T17:00:00Z,9143.40587037037
2020-07-19T18:00:00Z,9155.2172962963
2020-07-19T19:00:00Z,9166.062453703706
2020-07-19T20:00:00Z,9173.923759259262
2020-07-19T21:00:00Z,9179.311203703704
2020-07-19T22:00:00Z,9186.843601851853
2020-07-19T23:00:00Z,9200.36021296296
2020-07-20T00:00:00Z,9207.03860185185
2020-07-20T01:00:00Z,9203.649222222222
2020-07-20T02:00:00Z,9196.277351851853
2020-07-20T03:00:00Z,9189.686944444446
2020-07-20T04:00:00Z,9184.338953703704
2020-07-20T05:00:00Z,9184.289435185186
2020-07-20T06:00:00Z,9184.010037037036
2020-07-20T07:00:00Z,9183.149287037037
2020-07-20T08:00:00Z,9183.582342592594
2020-07-20T09:00:00Z,9184.166675925926
2020-07-20T10:00:00Z,9176.228351851852
2020-07-20T11:00:00Z,9163.481416666667
2020-07-20T12:00:00Z,9154.13402777778
2020-07-20T13:00:00Z,9146.838018518518
2020-07-20T14:00:00Z,9151.365027777778
2020-07-20T15:00:00Z,9162.223574074074
2020-07-20T16:00:00Z,9173.344953703703
2020-07-20T17:00:00Z,9186.659574074074
2020-07-20T18:00:00Z,9193.532666666666
2020-07-20T19:00:00Z,9187.60888888889
2020-07-20T20:00:00Z,9179.308101851851
2020-07-20T21:00:00Z,9172.002203703703
2020-07-20T22:00:00Z,9168.693212962962
2020-07-20T23:00:00Z,9166.189231481481
2020-07-21T00:00:00Z,9166.539444444446
2020-07-21T01:00:00Z,9171.082074074075
2020-07-21T02:00:00Z,9176.89875
2020-07-21T03:00:00Z,9180.768435185184
2020-07-21T04:00:00Z,9181.480074074074
2020-07-21T05:00:00Z,9183.788518518519
2020-07-21T06:00:00Z,9188.772185185187
2020-07-21T07:00:00Z,9232.247759259262
2020-07-21T08:00:00Z,9285.200074074075
2020-07-21T09:00:00Z,9329.81990740741
2020-07-21T10:00:00Z,9363.62713888889
2020-07-21T11:00:00Z,9378.612249999998
2020-07-21T12:00:00Z,9389.138518518517
2020-07-21T13:00:00Z,9405.462046296294
2020-07-21T14:00:00Z,9411.458222222222
2020-07-21T15:00:00Z,9395.570805555555
2020-07-21T16:00:00Z,9375.828129629632
2020-07-21T17:00:00Z,9362.50988888889
2020-07-21T18:00:00Z,9368.945092592594
2020-07-21T19:00:00Z,9373.825851851854
2020-07-21T20:00:00Z,9377.56400925926
2020-07-21T21:00:00Z,9380.553
2020-07-21T22:00:00Z,9384.758333333337
2020-07-21T23:00:00Z,9391.265333333335
2020-07-22T00:00:00Z,9387.535314814819
2020-07-22T01:00:00Z,9380.136962962964
2020-07-22T02:00:00Z,9371.736694444444
2020-07-22T03:00:00Z,9365.551046296294
2020-07-22T04:00:00Z,9359.79360185185
2020-07-22T05:00:00Z,9353.515249999999
2020-07-22T06:00:00Z,9345.575712962964
2020-07-22T07:00:00Z,9327.91127777778
2020-07-22T08:00:00Z,9312.803148148148
2020-07-22T09:00:00Z,9304.696787037037
2020-07-22T10:00:00Z,9312.621444444445
2020-07-22T11:00:00Z,9330.384731481483
2020-07-22T12:00:00Z,9342.095222222224
2020-07-22T13:00:00Z,9345.602101851851
2020-07-22T14:00:00Z,9345.383148148148
2020-07-22T15:00:00Z,9344.754499999997
2020-07-22T16:00:00Z,9343.754601851853
2020-07-22T17:00:00Z,9351.113157407408
2020-07-22T18:00:00Z,9362.60525925926
2020-07-22T19:00:00Z,9375.546064814815
2020-07-22T20:00:00Z,9383.952787037038
2020-07-22T21:00:00Z,9388.609638888891
2020-07-22T22:00:00Z,9428.96825
2020-07-22T23:00:00Z,9488.682953703703
2020-07-23T00:00:00Z,9541.208277777778
2020-07-23T01:00:00Z,9572.436703703703
2020-07-23T02:00:00Z,9571.666027777776
2020-07-23T03:00:00Z,9553.764888888887
2020-07-23T04:00:00Z,9533.540148148148
2020-07-23T05:00:00Z,9514.70575925926
2020-07-23T06:00:00Z,9504.393546296293
2020-07-23T07:00:00Z,9499.819064814812
2020-07-23T08:00:00Z,9507.699805555554
2020-07-23T09:00:00Z,9514.867138888887
2020-07-23T10:00:00Z,9515.52487037037
2020-07-23T11:00:00Z,9514.37487037037
2020-07-23T12:00:00Z,9506.692972222221
2020-07-23T13:00:00Z,9502.14924074074
2020-07-23T14:00:00Z,9500.07073148148
2020-07-23T15:00:00Z,9510.168462962964
2020-07-23T16:00:00Z,9554.859342592594
2020-07-23T17:00:00Z,9605.185175925926
2020-07-23T18:00:00Z,9633.294092592592
2020-07-23T19:00:00Z,9638.851101851851
2020-07-23T20:00:00Z,9625.55799074074
2020-07-23T21:00:00Z,9617.956944444444
2020-07-23T22:00:00Z,9612.855212962962
2020-07-23T23:00:00Z,9613.220712962962
2020-07-24T00:00:00Z,9608.08646296296
2020-07-24T01:00:00Z,9597.743574074071
2020-07-24T02:00:00Z,9586.23761111111
2020-07-24T03:00:00Z,9573.895277777778
2020-07-24T04:00:00Z,9558.154500000002
2020-07-24T05:00:00Z,9547.832222222221
2020-07-24T06:00:00Z,9521.623666666666
2020-07-24T07:00:00Z,9503.84461111111
2020-07-24T08:00:00Z,9495.541305555555
2020-07-24T09:00:00Z,9503.999833333331
2020-07-24T10:00:00Z,9524.677685185183
2020-07-24T11:00:00Z,9540.276824074072
2020-07-24T12:00:00Z,9544.633703703701
2020-07-24T13:00:00Z,9537.331648148147
2020-07-24T14:00:00Z,9535.333083333333
2020-07-24T15:00:00Z,9542.917472222223
2020-07-24T16:00:00Z,9564.173018518519
2020-07-24T17:00:00Z,9580.347361111111
2020-07-24T18:00:00Z,9593.851175925925
2020-07-24T19:00:00Z,9601.252435185184
2020-07-24T20:00:00Z,9614.477962962961
2020-07-24T21:00:00Z,9623.675055555557
2020-07-24T22:00:00Z,9608.453898148151
2020-07-24T23:00:00Z,9581.049138888891
2020-07-25T00:00:00Z,9553.636740740742
2020-07-25T01:00:00Z,9546.745407407407
2020-07-25T02:00:00Z,9555.073398148146
2020-07-25T03:00:00Z,9571.819074074074
2020-07-25T04:00:00Z,9587.511287037038
2020-07-25T05:00:00Z,9597.96077777778
2020-07-25T06:00:00Z,9603.690907407408
2020-07-25T07:00:00Z,9600.201935185185
2020-07-25T08:00:00Z,9597.74237037037
2020-07-25T09:00:00Z,9592.396999999999
2020-07-25T10:00:00Z,9590.084935185187
2020-07-25T11:00:00Z,9588.651092592594
2020-07-25T12:00:00Z,9596.190064814815
2020-07-25T13:00:00Z,9600.884555555553
2020-07-25T14:00:00Z,9602.050009259257
2020-07-25T15:00:00Z,9602.771268518518
2020-07-25T16:00:00Z,9611.595675925926
2020-07-25T17:00:00Z,9648.368148148147
2020-07-25T18:00:00Z,9683.095694444446
2020-07-25T19:00:00Z,9706.428101851854
2020-07-25T20:00:00Z,9725.462500000001
2020-07-25T21:00:00Z,9729.766379629631
2020-07-25T22:00:00Z,9731.194175925926
2020-07-25T23:00:00Z,9727.566240740742
2020-07-26T00:00:00Z,9717.753055555555
2020-07-26T01:00:00Z,9700.409916666667
2020-07-26T02:00:00Z,9685.040703703704
2020-07-26T03:00:00Z,9677.264703703702
2020-07-26T04:00:00Z,9674.767212962961
2020-07-26T05:00:00Z,9678.504657407406
2020-07-26T06:00:00Z,9688.522546296295
2020-07-26T07:00:00Z,9705.82423148148
2020-07-26T08:00:00Z,9740.534296296293
2020-07-26T09:00:00Z,9795.406407407407
2020-07-26T10:00:00Z,9897.0365
2020-07-26T11:00:00Z,9986.595416666669
2020-07-26T12:00:00Z,10012.227601851853
2020-07-26T13:00:00Z,9987.258527777778
2020-07-26T14:00:00Z,9958.219416666665
2020-07-26T15:00:00Z,9952.578666666666
2020-07-26T16:00:00Z,9945.323148148149
2020-07-26T17:00:00Z,9935.121629629632
2020-07-26T18:00:00Z,9924.201129629631
2020-07-26T19:00:00Z,9903.46926851852
2020-07-26T20:00:00Z,9890.684185185186
2020-07-26T21:00:00Z,9881.337166666668
2020-07-26T22:00:00Z,9890.459240740742
2020-07-26T23:00:00Z,9912.96412962963
2020-07-27T00:00:00Z,9948.707648148149
2020-07-27T01:00:00Z,10013.367962962962
2020-07-27T02:00:00Z,10070.629583333333
2020-07-27T03:00:00Z,10164.73437037037
2020-07-27T04:00:00Z,10238.01387037037
2020-07-27T05:00:00Z,10304.463787037037
2020-07-27T06:00:00Z,10340.019777777778
2020-07-27T07:00:00Z,10309.700222222222
2020-07-27T08:00:00Z,10253.261944444443
2020-07-27T09:00:00Z,10221.372416666663
2020-07-27T10:00:00Z,10226.676999999998
2020-07-27T11:00:00Z,10251.737731481482
2020-07-27T12:00:00Z,10283.56814814815
2020-07-27T13:00:00Z,10326.904981481483
2020-07-27T14:00:00Z,10385.191907407409
2020-07-27T15:00:00Z,10402.38675925926
2020-07-27T16:00:00Z,10511.660907407408
2020-07-27T17:00:00Z,10694.16562962963
2020-07-27T18:00:00Z,10870.389620370372
2020-07-27T19:00:00Z,10962.072333333335
2020-07-27T20:00:00Z,10984.427583333332
2020-07-27T21:00:00Z,11038.427120370368
2020-07-27T22:00:00Z,11150.166537037037
2020-07-27T23:00:00Z,11208.540657407406
2020-07-28T00:00:00Z,11237.804037037035
2020-07-28T01:00:00Z,11243.767462962962
2020-07-28T02:00:00Z,11179.93726851852
2020-07-28T03:00:00Z,11092.017953703704
2020-07-28T04:00:00Z,11026.867175925925
2020-07-28T05:00:00Z,10953.957666666667
2020-07-28T06:00:00Z,10916.459296296296
2020-07-28T07:00:00Z,10884.646740740738
2020-07-28T08:00:00Z,10820.152129629629
2020-07-28T09:00:00Z,10765.208166666665
2020-07-28T10:00:00Z,10742.014675925928
2020-07-28T11:00:00Z,10804.69947222222
2020-07-28T12:00:00Z,10903.93564814815
2020-07-28T13:00:00Z,10992.32585185185
2020-07-28T14:00:00Z,11095.498074074078
2020-07-28T15:00:00Z,11175.720342592593
2020-07-28T16:00:00Z,11167.849657407409
2020-07-28T17:00:00Z,11094.29787962963
2020-07-28T18:00:00Z,10995.807027777779
2020-07-28T19:00:00Z,10946.056685185185
2020-07-28T20:00:00Z,10939.408805555557
2020-07-28T21:00:00Z,10967.27461111111
2020-07-28T22:00:00Z,10982.296157407405
2020-07-28T23:00:00Z,10972.944148148148
2020-07-29T00:00:00Z,10938.555361111112
2020-07-29T01:00:00Z,10905.350351851854
2020-07-29T02:00:00Z,10888.92413888889
2020-07-29T03:00:00Z,10909.45899074074
2020-07-29T04:00:00Z,10938.051592592592
2020-07-29T05:00:00Z,10960.030537037039
2020-07-29T06:00:00Z,11005.705287037039
2020-07-29T07:00:00Z,11039.607842592595
2020-07-29T08:00:00Z,11091.572231481483
2020-07-29T09:00:00Z,11105.858935185184
2020-07-29T10:00:00Z,11099.8852962963
2020-07-29T11:00:00Z,11095.747851851853
2020-07-29T12:00:00Z,11102.150555555556
2020-07-29T13:00:00Z,11111.536203703705
2020-07-29T14:00:00Z,11119.000083333334
2020-07-29T15:00:00Z,11139.586703703704
2020-07-29T16:00:00Z,11196.238972222221
2020-07-29T17:00:00Z,11232.230027777778
2020-07-29T18:00:00Z,11251.95289814815
2020-07-29T19:00:00Z,11248.051212962964
2020-07-29T20:00:00Z,11238.578055555554
2020-07-29T21:00:00Z,11256.18123148148
2020-07-29T22:00:00Z,11272.48298148148
2020-07-29T23:00:00Z,11237.326675925928
2020-07-30T00:00:00Z,11177.54224074074
2020-07-30T01:00:00Z,11101.373324074075
2020-07-30T02:00:00Z,11023.02887037037
2020-07-30T03:00:00Z,10971.621361111114
2020-07-30T04:00:00Z,10958.30036111111
2020-07-30T05:00:00Z,10964.484250000003
2020-07-30T06:00:00Z,10980.068361111116
2020-07-30T07:00:00Z,10972.40662962963
2020-07-30T08:00:00Z,10973.162546296297
2020-07-30T09:00:00Z,10974.743231481481
2020-07-30T10:00:00Z,10967.022694444444
2020-07-30T11:00:00Z,10949.374509259258
2020-07-30T12:00:00Z,10931.858842592594
2020-07-30T13:00:00Z,10948.94688888889
2020-07-30T14:00:00Z,10968.062583333332
2020-07-30T15:00:00Z,10995.80850925926
2020-07-30T16:00:00Z,11017.506842592591
2020-07-30T17:00:00Z,11039.485481481483
2020-07-30T18:00:00Z,11073.485342592592
2020-07-30T19:00:00Z,11114.688888888888
2020-07-30T20:00:00Z,11153.601712962964
2020-07-30T21:00:00Z,11161.022361111114
2020-07-30T22:00:00Z,11172.158120370374
2020-07-30T23:00:00Z,11166.54599074074
2020-07-31T00:00:00Z,11134.895777777778
2020-07-31T01:00:00Z,11084.880833333335
2020-07-31T02:00:00Z,11029.362546296295
2020-07-31T03:00:00Z,10986.191231481484
2020-07-31T04:00:00Z,10986.936574074076
2020-07-31T05:00:00Z,11008.579462962965
2020-07-31T06:00:00Z,11066.60090740741
2020-07-31T07:00:00Z,11124.520972222226
2020-07-31T08:00:00Z,11162.27047222222
2020-07-31T09:00:00Z,11170.416722222222
2020-07-31T10:00:00Z,11174.76438888889
2020-07-31T11:00:00Z,11194.790416666669
2020-07-31T12:00:00Z,11225.96823148148
2020-07-31T13:00:00Z,11230.046222222221
2020-07-31T14:00:00Z,11242.490833333335
2020-07-31T15:00:00Z,11286.48426851852
2020-07-31T16:00:00Z,11343.133555555556
2020-07-31T17:00:00Z,11368.21375
2020-07-31T18:00:00Z,11344.52099074074
2020-07-31T19:00:00Z,11321.64726851852
2020-07-31T20:00:00Z,11319.557703703706
2020-07-31T21:00:00Z,11351.89055555556
2020-07-31T22:00:00Z,11365.523657407408
2020-07-31T23:00:00Z,11368.494851851856
2020-08-01T00:00:00Z,11335.29263888889
2020-08-01T01:00:00Z,11298.208240740742
2020-08-01T02:00:00Z,11290.445953703704
2020-08-01T03:00:00Z,11312.779398148146
2020-08-01T04:00:00Z,11357.728870370373
2020-08-01T05:00:00Z,11462.802796296295
2020-08-01T06:00:00Z,11585.736824074074
2020-08-01T07:00:00Z,11688.927185185186
2020-08-01T08:00:00Z,11748.406185185186
2020-08-01T09:00:00Z,11768.512898148148
2020-08-01T10:00:00Z,11742.944981481482
2020-08-01T11:00:00Z,11709.692166666668
2020-08-01T12:00:00Z,11685.785907407408
2020-08-01T13:00:00Z,11634.673101851853
2020-08-01T14:00:00Z,11601.365212962963
2020-08-01T15:00:00Z,11594.9577962963
2020-08-01T16:00:00Z,11614.596444444447
2020-08-01T17:00:00Z,11671.465620370373
2020-08-01T18:00:00Z,11710.552472222224
2020-08-01T19:00:00Z,11757.372259259258
2020-08-01T20:00:00Z,11810.241805555554
2020-08-01T21:00:00Z,11835.845814814813
2020-08-01T22:00:00Z,11841.498203703703
2020-08-01T23:00:00Z,11833.74889814815
2020-08-02T00:00:00Z,11820.579768518515
2020-08-02T01:00:00Z,11855.199407407408
2020-08-02T02:00:00Z,11905.578518518518
2020-08-02T03:00:00Z,11970.022305555554
2020-08-02T04:00:00Z,11772.166907407407
2020-08-02T05:00:00Z,11484.645472222224
2020-08-02T06:00:00Z,11236.636944444448
2020-08-02T07:00:00Z,11131.54662037037
2020-08-02T08:00:00Z,11139.60287962963
2020-08-02T09:00:00Z,11191.024824074077
2020-08-02T10:00:00Z,11227.040879629627
2020-08-02T11:00:00Z,11197.13559259259
2020-08-02T12:00:00Z,11107.613194444444
2020-08-02T13:00:00Z,11042.131537037038
2020-08-02T14:00:00Z,11031.115546296298
2020-08-02T15:00:00Z,11052.015796296297
2020-08-02T16:00:00Z,11113.150259259259
2020-08-02T17:00:00Z,11190.84736111111
2020-08-02T18:00:00Z,11248.691416666663
2020-08-02T19:00:00Z,11269.204407407406
2020-08-02T20:00:00Z,11224.057027777779
2020-08-02T21:00:00Z,11166.671787037036
2020-08-02T22:00:00Z,11119.700407407407
2020-08-02T23:00:00Z,11081.945444444444
2020-08-03T00:00:00Z,11076.645750000001
2020-08-03T01:00:00Z,11083.276351851853
2020-08-03T02:00:00Z,11117.63025925926
2020-08-03T03:00:00Z,11141.870074074073
2020-08-03T04:00:00Z,11163.483861111112
2020-08-03T05:00:00Z,11183.04073148148
2020-08-03T06:00:00Z,11197.792638888888
2020-08-03T07:00:00Z,11210.46088888889
2020-08-03T08:00:00Z,11214.165000000003
2020-08-03T09:00:00Z,11191.90513888889
2020-08-03T10:00:00Z,11180.633944444444
2020-08-03T11:00:00Z,11190.686601851854
2020-08-03T12:00:00Z,11211.87339814815
2020-08-03T13:00:00Z,11250.573796296296
2020-08-03T14:00:00Z,11290.384250000001
2020-08-03T15:00:00Z,11344.436592592596
2020-08-03T16:00:00Z,11381.158240740742
2020-08-03T17:00:00Z,11419.410018518518
2020-08-03T18:00:00Z,11445.385361111112
2020-08-03T19:00:00Z,11455.785361111111
2020-08-03T20:00:00Z,11444.392185185185
2020-08-03T21:00:00Z,11368.028194444443
2020-08-03T22:00:00Z,11277.612138888886
2020-08-03T23:00:00Z,11209.232435185186
2020-08-04T00:00:00Z,11221.687972222222
2020-08-04T01:00:00Z,11271.48048148148
2020-08-04T02:00:00Z,11307.10996296296
2020-08-04T03:00:00Z,11308.39675
2020-08-04T04:00:00Z,11302.28915740741
2020-08-04T05:00:00Z,11293.785194444446
2020-08-04T06:00:00Z,11280.986018518519
2020-08-04T07:00:00Z,11277.905972222221
2020-08-04T08:00:00Z,11267.164333333329
2020-08-04T09:00:00Z,11259.231277777777
2020-08-04T10:00:00Z,11242.924888888889
2020-08-04T11:00:00Z,11196.469518518521
2020-08-04T12:00:00Z,11154.181796296298
2020-08-04T13:00:00Z,11121.131222222224
2020-08-04T14:00:00Z,11131.35127777778
2020-08-04T15:00:00Z,11165.203453703702
2020-08-04T16:00:00Z,11187.561037037036
2020-08-04T17:00:00Z,11218.37449074074
2020-08-04T18:00:00Z,11233.54150925926
2020-08-04T19:00:00Z,11243.777888888892
2020-08-04T20:00:00Z,11241.536157407407
2020-08-04T21:00:00Z,11239.543231481483
2020-08-04T22:00:00Z,11238.760712962961
2020-08-04T23:00:00Z,11227.314231481481
2020-08-05T00:00:00Z,11205.601620370371
2020-08-05T01:00:00Z,11184.993444444444
2020-08-05T02:00:00Z,11176.077398148147
2020-08-05T03:00:00Z,11192.753111111111
2020-08-05T04:00:00Z,11223.090796296296
2020-08-05T05:00:00Z,11263.169925925928
2020-08-05T06:00:00Z,11293.465796296297
2020-08-05T07:00:00Z,11306.486314814816
2020-08-05T08:00:00Z,11310.971842592591
2020-08-05T09:00:00Z,11339.49614814815
2020-08-05T10:00:00Z,11379.720805555558
2020-08-05T11:00:00Z,11428.759037037036
2020-08-05T12:00:00Z,11503.728425925927
2020-08-05T13:00:00Z,11588.024537037034
2020-08-05T14:00:00Z,11658.05861111111
2020-08-05T15:00:00Z,11708.26848148148
2020-08-05T16:00:00Z,11720.809490740743
2020-08-05T17:00:00Z,11720.68462037037
2020-08-05T18:00:00Z,11711.408351851851
2020-08-05T19:00:00Z,11697.149212962962
2020-08-05T20:00:00Z,11692.764166666668
2020-08-05T21:00:00Z,11719.979046296297
2020-08-05T22:00:00Z,11716.91025
2020-08-05T23:00:00Z,11727.413583333333
2020-08-06T00:00:00Z,11734.444287037035
2020-08-06T01:00:00Z,11725.357462962964
2020-08-06T02:00:00Z,11713.71148148148
2020-08-06T03:00:00Z,11688.836870370369
2020-08-06T04:00:00Z,11655.240138888888
2020-08-06T05:00:00Z,11630.249101851849
2020-08-06T06:00:00Z,11632.572259259257
2020-08-06T07:00:00Z,11640.450398148147
2020-08-06T08:00:00Z,11670.459925925927
2020-08-06T09:00:00Z,11711.015370370369
2020-08-06T10:00:00Z,11727.416324074075
2020-08-06T11:00:00Z,11728.72023148148
2020-08-06T12:00:00Z,11740.23737037037
2020-08-06T13:00:00Z,11791.201249999998
2020-08-06T14:00:00Z,11834.606574074074
2020-08-06T15:00:00Z,11869.016555555556
2020-08-06T16:00:00Z,11878.48088888889
2020-08-06T17:00:00Z,11881.966129629633
2020-08-06T18:00:00Z,11880.801361111111
2020-08-06T19:00:00Z,11882.28485185185
2020-08-06T20:00:00Z,11877.920222222221
2020-08-06T21:00:00Z,11838.877083333335
2020-08-06T22:00:00Z,11800.80825925926
2020-08-06T23:00:00Z,11768.145194444447
2020-08-07T00:00:00Z,11760.823009259262
2020-08-07T01:00:00Z,11781.479972222223
2020-08-07T02:00:00Z,11819.787935185186
2020-08-07T03:00:00Z,11847.711685185184
2020-08-07T04:00:00Z,11855.174537037035
2020-08-07T05:00:00Z,11837.538425925924
2020-08-07T06:00:00Z,11819.670694444445
2020-08-07T07:00:00Z,11802.913333333336
2020-08-07T08:00:00Z,11805.329601851852
2020-08-07T09:00:00Z,11812.753953703703
2020-08-07T10:00:00Z,11814.433925925927
2020-08-07T11:00:00Z,11798.236222222222
2020-08-07T12:00:00Z,11775.302916666667
2020-08-07T13:00:00Z,11751.81475
2020-08-07T14:00:00Z,11704.59860185185
2020-08-07T15:00:00Z,11659.186527777778
2020-08-07T16:00:00Z,11612.458101851851
2020-08-07T17:00:00Z,11565.748648148146
2020-08-07T18:00:00Z,11514.991592592594
2020-08-07T19:00:00Z,11479.446759259261
2020-08-07T20:00:00Z,11484.463351851851
2020-08-07T21:00:00Z,11525.78599074074
2020-08-07T22:00:00Z,11574.096555555554
2020-08-07T23:00:00Z,11608.726925925925
2020-08-08T00:00:00Z,11625.399037037037
2020-08-08T01:00:00Z,11638.553722222221
2020-08-08T02:00:00Z,11643.38874074074
2020-08-08T03:00:00Z,11621.606138888887
2020-08-08T04:00:00Z,11586.276138888888
2020-08-08T05:00:00Z,11574.828064814816
2020-08-08T06:00:00Z,11582.833722222224
2020-08-08T07:00:00Z,11598.962629629632
2020-08-08T08:00:00Z,11605.845500000001
2020-08-08T09:00:00Z,11652.004351851852
2020-08-08T10:00:00Z,11711.827851851851
2020-08-08T11:00:00Z,11774.405435185186
2020-08-08T12:00:00Z,11815.335601851852
2020-08-08T13:00:00Z,11820.999953703702
2020-08-08T14:00:00Z,11803.37699074074
2020-08-08T15:00:00Z,11778.783555555556
2020-08-08T16:00:00Z,11743.82159259259
2020-08-08T17:00:00Z,11718.040935185185
2020-08-08T18:00:00Z,11695.675120370368
2020-08-08T19:00:00Z,11690.899592592594
2020-08-08T20:00:00Z,11697.469
2020-08-08T21:00:00Z,11724.282925925929
2020-08-08T22:00:00Z,11748.882074074078
2020-08-08T23:00:00Z,11770.611388888889
2020-08-09T00:00:00Z,11783.534796296299
2020-08-09T01:00:00Z,11769.895055555555
2020-08-09T02:00:00Z,11749.101370370372
2020-08-09T03:00:00Z,11736.17134259259
2020-08-09T04:00:00Z,11720.523490740741
2020-08-09T05:00:00Z,11692.11524074074
2020-08-09T06:00:00Z,11666.941861111112
2020-08-09T07:00:00Z,11662.015351851851
2020-08-09T08:00:00Z,11670.304888888888
2020-08-09T09:00:00Z,11672.954314814817
2020-08-09T10:00:00Z,11673.065722222223
2020-08-09T11:00:00Z,11676.34428703704
2020-08-09T12:00:00Z,11673.82635185185
2020-08-09T13:00:00Z,11658.144675925925
2020-08-09T14:00:00Z,11622.491527777776
2020-08-09T15:00:00Z,11586.271277777778
2020-08-09T16:00:00Z,11566.128944444446
2020-08-09T17:00:00Z,11548.324888888887
2020-08-09T18:00:00Z,11566.383148148147
2020-08-09T19:00:00Z,11596.951564814815
2020-08-09T20:00:00Z,11641.265222222222
2020-08-09T21:00:00Z,11670.680888888886
2020-08-09T22:00:00Z,11691.636953703703
2020-08-09T23:00:00Z,11701.826416666669
2020-08-10T00:00:00Z,11722.508703703703
2020-08-10T01:00:00Z,11781.416444444445
2020-08-10T02:00:00Z,11890.970601851854
2020-08-10T03:00:00Z,12007.74037037037
2020-08-10T04:00:00Z,12078.76272222222
2020-08-10T05:00:00Z,12089.883648148147
2020-08-10T06:00:00Z,12068.773462962963
2020-08-10T07:00:00Z,12036.805138888887
2020-08-10T08:00:00Z,12012.1875
2020-08-10T09:00:00Z,11994.437351851853
2020-08-10T10:00:00Z,11897.687120370372
2020-08-10T11:00:00Z,11790.105064814818
2020-08-10T12:00:00Z,11748.469500000001
2020-08-10T13:00:00Z,11789.606064814812
2020-08-10T14:00:00Z,11862.53686111111
2020-08-10T15:00:00Z,11924.689185185185
2020-08-10T16:00:00Z,11940.502879629632
2020-08-10T17:00:00Z,11931.442074074075
2020-08-10T18:00:00Z,11912.55288888889
2020-08-10T19:00:00Z,11891.011527777779
2020-08-10T20:00:00Z,11873.30075925926
2020-08-10T21:00:00Z,11855.539305555556
2020-08-10T22:00:00Z,11837.432925925925
2020-08-10T23:00:00Z,11844.45834259259
2020-08-11T00:00:00Z,11860.100259259256
2020-08-11T01:00:00Z,11893.857499999998
2020-08-11T02:00:00Z,11904.298916666667
2020-08-11T03:00:00Z,11888.72899074074
2020-08-11T04:00:00Z,11859.593944444447
2020-08-11T05:00:00Z,11841.268851851853
2020-08-11T06:00:00Z,11809.152231481485
2020-08-11T07:00:00Z,11775.08737037037
2020-08-11T08:00:00Z,11734.164416666667
2020-08-11T09:00:00Z,11699.017907407406
2020-08-11T10:00:00Z,11692.419879629626
2020-08-11T11:00:00Z,11705.74921296296
2020-08-11T12:00:00Z,11704.067620370372
2020-08-11T13:00:00Z,11686.153185185185
2020-08-11T14:00:00Z,11636.673444444445
2020-08-11T15:00:00Z,11559.657324074074
2020-08-11T16:00:00Z,11472.655981481483
2020-08-11T17:00:00Z,11424.810018518523
2020-08-11T18:00:00Z,11404.662231481483
2020-08-11T19:00:00Z,11390.610157407407
2020-08-11T20:00:00Z,11323.57713888889
2020-08-11T21:00:00Z,11263.966074074075
2020-08-11T22:00:00Z,11247.433416666667
2020-08-11T23:00:00Z,11284.33175925926
2020-08-12T00:00:00Z,11323.930185185185
2020-08-12T01:00:00Z,11347.688916666666
2020-08-12T02:00:00Z,11323.136787037036
2020-08-12T03:00:00Z,11319.061861111111
2020-08-12T04:00:00Z,11315.645222222221
2020-08-12T05:00:00Z,11300.835962962963
2020-08-12T06:00:00Z,11300.172055555557
2020-08-12T07:00:00Z,11342.645185185187
2020-08-12T08:00:00Z,11401.737703703702
2020-08-12T09:00:00Z,11464.544657407407
2020-08-12T10:00:00Z,11515.613657407404
2020-08-12T11:00:00Z,11529.986777777778
2020-08-12T12:00:00Z,11535.815694444444
2020-08-12T13:00:00Z,11550.81013888889
2020-08-12T14:00:00Z,11579.37273148148
2020-08-12T15:00:00Z,11604.439925925928
2020-08-12T16:00:00Z,11606.38810185185
2020-08-12T17:00:00Z,11587.382657407406
2020-08-12T18:00:00Z,11557.744129629631
2020-08-12T19:00:00Z,11549.55425925926
2020-08-12T20:00:00Z,11554.942203703702
2020-08-12T21:00:00Z,11547.361490740741
2020-08-12T22:00:00Z,11543.253583333333
2020-08-12T23:00:00Z,11546.425861111113
2020-08-13T00:00:00Z,11578.533944444447
2020-08-13T01:00:00Z,11610.57635185185
2020-08-13T02:00:00Z,11619.215749999998
2020-08-13T03:00:00Z,11607.997027777777
2020-08-13T04:00:00Z,11583.90239814815
2020-08-13T05:00:00Z,11557.363111111112
2020-08-13T06:00:00Z,11544.37541666667
2020-08-13T07:00:00Z,11532.964981481484
2020-08-13T08:00:00Z,11494.377111111113
2020-08-13T09:00:00Z,11441.812425925926
2020-08-13T10:00:00Z,11417.81513888889
2020-08-13T11:00:00Z,11446.550712962964
2020-08-13T12:00:00Z,11477.33375
2020-08-13T13:00:00Z,11506.053916666666
2020-08-13T14:00:00Z,11525.387037037037
2020-08-13T15:00:00Z,11529.710148148151
2020-08-13T16:00:00Z,11534.92813888889
2020-08-13T17:00:00Z,11536.732750000001
2020-08-13T18:00:00Z,11527.396824074074
2020-08-13T19:00:00Z,11519.993305555554
2020-08-13T20:00:00Z,11545.361370370369
2020-08-13T21:00:00Z,11610.69775925926
2020-08-13T22:00:00Z,11694.203333333333
2020-08-13T23:00:00Z,11776.858694444447
2020-08-14T00:00:00Z,11823.948814814816
2020-08-14T01:00:00Z,11847.651962962962
2020-08-14T02:00:00Z,11832.852074074073
2020-08-14T03:00:00Z,11800.365361111113
2020-08-14T04:00:00Z,11766.954296296295
2020-08-14T05:00:00Z,11743.847212962964
2020-08-14T06:00:00Z,11721.141444444444
2020-08-14T07:00:00Z,11709.095953703703
2020-08-14T08:00:00Z,11698.651740740737
2020-08-14T09:00:00Z,11697.08384259259
2020-08-14T10:00:00Z,11710.560092592592
2020-08-14T11:00:00Z,11737.731435185184
2020-08-14T12:00:00Z,11758.68976851852
2020-08-14T13:00:00Z,11759.781879629627
2020-08-14T14:00:00Z,11744.830157407405
2020-08-14T15:00:00Z,11737.22912037037
2020-08-14T16:00:00Z,11761.253990740739
2020-08-14T17:00:00Z,11793.77998148148
2020-08-14T18:00:00Z,11828.597490740742
2020-08-14T19:00:00Z,11844.01186111111
2020-08-14T20:00:00Z,11830.670592592593
2020-08-14T21:00:00Z,11805.093462962963
2020-08-14T22:00:00Z,11785.821657407409
2020-08-14T23:00:00Z,11774.953138888886
2020-08-15T00:00:00Z,11817.017574074074
2020-08-15T01:00:00Z,11881.521870370367
2020-08-15T02:00:00Z,11930.218370370372
2020-08-15T03:00:00Z,11948.380185185188
2020-08-15T04:00:00Z,11931.869787037038
2020-08-15T05:00:00Z,11911.62862962963
2020-08-15T06:00:00Z,11899.529805555554
2020-08-15T07:00:00Z,11897.149425925925
2020-08-15T08:00:00Z,11891.219546296294
2020-08-15T09:00:00Z,11892.131824074075
2020-08-15T10:00:00Z,11886.551861111113
2020-08-15T11:00:00Z,11873.458231481482
2020-08-15T12:00:00Z,11830.316472222223
2020-08-15T13:00:00Z,11793.962379629631
2020-08-15T14:00:00Z,11777.574972222219
2020-08-15T15:00:00Z,11795.917175925924
2020-08-15T16:00:00Z,11830.112925925925
2020-08-15T17:00:00Z,11859.832712962962
2020-08-15T18:00:00Z,11882.858851851852
2020-08-15T19:00:00Z,11882.766092592594
2020-08-15T20:00:00Z,11878.295518518518
2020-08-15T21:00:00Z,11882.811407407406
2020-08-15T22:00:00Z,11882.779592592591
2020-08-15T23:00:00Z,11877.767712962965
2020-08-16T00:00:00Z,11856.337444444443
2020-08-16T01:00:00Z,11854.214583333334
2020-08-16T02:00:00Z,11861.605333333335
2020-08-16T03:00:00Z,11890.345898148153
2020-08-16T04:00:00Z,11911.662972222222
2020-08-16T05:00:00Z,11920.58025925926
2020-08-16T06:00:00Z,11916.326194444444
2020-08-16T07:00:00Z,11898.310953703703
2020-08-16T08:00:00Z,11874.230037037036
2020-08-16T09:00:00Z,11860.189185185185
2020-08-16T10:00:00Z,11833.747333333333
2020-08-16T11:00:00Z,11794.16701851852
2020-08-16T12:00:00Z,11763.806009259259
2020-08-16T13:00:00Z,11760.979444444447
2020-08-16T14:00:00Z,11777.732185185188
2020-08-16T15:00:00Z,11815.091824074074
2020-08-16T16:00:00Z,11851.676824074073
2020-08-16T17:00:00Z,11867.309287037036
2020-08-16T18:00:00Z,11865.57125
2020-08-16T19:00:00Z,11849.191185185186
2020-08-16T20:00:00Z,11840.582101851847
2020-08-16T21:00:00Z,11845.241527777776
2020-08-16T22:00:00Z,11870.699249999996
2020-08-16T23:00:00Z,11902.094416666661
2020-08-17T00:00:00Z,11905.892546296294
2020-08-17T01:00:00Z,11888.827138888888
2020-08-17T02:00:00Z,11867.446259259259
2020-08-17T03:00:00Z,11850.856074074074
2020-08-17T04:00:00Z,11833.022555555557
2020-08-17T05:00:00Z,11813.28748148148
2020-08-17T06:00:00Z,11798.184101851852
2020-08-17T07:00:00Z,11794.374370370371
2020-08-17T08:00:00Z,11817.94026851852
2020-08-17T09:00:00Z,11845.317138888888
2020-08-17T10:00:00Z,11868.493509259259
2020-08-17T11:00:00Z,11894.377314814816
2020-08-17T12:00:00Z,11908.039583333333
2020-08-17T13:00:00Z,11982.648685185186
2020-08-17T14:00:00Z,12090.050166666666
2020-08-17T15:00:00Z,12264.069287037035
2020-08-17T16:00:00Z,12412.89012962963
2020-08-17T17:00:00Z,12494.943472222223
2020-08-17T18:00:00Z,12491.647425925928
2020-08-17T19:00:00Z,12443.144490740742
2020-08-17T20:00:00Z,12387.88325925926
2020-08-17T21:00:00Z,12349.642851851853
2020-08-17T22:00:00Z,12349.280648148151
2020-08-17T23:00:00Z,12341.514055555557
2020-08-18T00:00:00Z,12341.589620370369
2020-08-18T01:00:00Z,12337.871953703703
2020-08-18T02:00:00Z,12342.940490740739
2020-08-18T03:00:00Z,12338.457212962965
2020-08-18T04:00:00Z,12308.76462962963
2020-08-18T05:00:00Z,12265.53825925926
2020-08-18T06:00:00Z,12236.029694444447
2020-08-18T07:00:00Z,12229.759629629632
2020-08-18T08:00:00Z,12236.075361111114
2020-08-18T09:00:00Z,12235.319962962965
2020-08-18T10:00:00Z,12244.404444444444
2020-08-18T11:00:00Z,12228.812509259258
2020-08-18T12:00:00Z,12227.40362962963
2020-08-18T13:00:00Z,12208.776092592592
2020-08-18T14:00:00Z,12119.137324074074
2020-08-18T15:00:00Z,12006.155888888889
2020-08-18T16:00:00Z,11926.697037037035
2020-08-18T17:00:00Z,11902.23524074074
2020-08-18T18:00:00Z,11919.319583333332
2020-08-18T19:00:00Z,11948.169425925924
2020-08-18T20:00:00Z,11982.50663888889
2020-08-18T21:00:00Z,12025.437481481486
2020-08-18T22:00:00Z,12058.993379629632
2020-08-18T23:00:00Z,12046.432472222223
2020-08-19T00:00:00Z,12016.412370370372
2020-08-19T01:00:00Z,11983.166564814814
2020-08-19T02:00:00Z,11948.570314814811
2020-08-19T03:00:00Z,11898.496416666667
2020-08-19T04:00:00Z,11825.101240740742
2020-08-19T05:00:00Z,11744.940499999999
2020-08-19T06:00:00Z,11690.785777777777
2020-08-19T07:00:00Z,11698.823851851854
2020-08-19T08:00:00Z,11734.15003703704
2020-08-19T09:00:00Z,11773.683925925927
2020-08-19T10:00:00Z,11800.249425925926
2020-08-19T11:00:00Z,11824.711518518518
2020-08-19T12:00:00Z,11850.605009259258
2020-08-19T13:00:00Z,11873.697537037036
2020-08-19T14:00:00Z,11853.231981481484
2020-08-19T15:00:00Z,11802.771287037038
2020-08-19T16:00:00Z,11755.105722222223
2020-08-19T17:00:00Z,11738.08237962963
2020-08-19T18:00:00Z,11733.198648148149
2020-08-19T19:00:00Z,11708.14125
2020-08-19T20:00:00Z,11689.821824074075
2020-08-19T21:00:00Z,11682.861712962964
2020-08-19T22:00:00Z,11702.297111111111
2020-08-19T23:00:00Z,11732.535259259259
2020-08-20T00:00:00Z,11767.790296296296
2020-08-20T01:00:00Z,11784.941175925926
2020-08-20T02:00:00Z,11780.293203703704
2020-08-20T03:00:00Z,11753.433564814814
2020-08-20T04:00:00Z,11726.18622222222
2020-08-20T05:00:00Z,11704.971231481477
2020-08-20T06:00:00Z,11714.452435185185
2020-08-20T07:00:00Z,11719.780629629628
2020-08-20T08:00:00Z,11736.574416666668
2020-08-20T09:00:00Z,11759.377425925924
2020-08-20T10:00:00Z,11778.55275925926
2020-08-20T11:00:00Z,11803.368064814815
2020-08-20T12:00:00Z,11811.69028703704
2020-08-20T13:00:00Z,11820.768740740743
2020-08-20T14:00:00Z,11836.478972222225
2020-08-20T15:00:00Z,11858.515203703704
2020-08-20T16:00:00Z,11873.995064814817
2020-08-20T17:00:00Z,11871.269175925927
2020-08-20T18:00:00Z,11869.796546296295
2020-08-20T19:00:00Z,11867.122342592591
2020-08-20T20:00:00Z,11868.854564814814
2020-08-20T21:00:00Z,11861.273620370368
2020-08-20T22:00:00Z,11847.668574074074
2020-08-20T23:00:00Z,11842.02909259259
2020-08-21T00:00:00Z,11839.145490740739
2020-08-21T01:00:00Z,11833.186277777779
2020-08-21T02:00:00Z,11819.391731481483
2020-08-21T03:00:00Z,11823.661388888888
2020-08-21T04:00:00Z,11841.782435185183
2020-08-21T05:00:00Z,11858.68898148148
2020-08-21T06:00:00Z,11858.94461111111
2020-08-21T07:00:00Z,11847.784194444444
2020-08-21T08:00:00Z,11834.517185185186
2020-08-21T09:00:00Z,11811.598907407408
2020-08-21T10:00:00Z,11784.007333333333
2020-08-21T11:00:00Z,11747.149324074073
2020-08-21T12:00:00Z,11730.108296296297
2020-08-21T13:00:00Z,11710.069148148148
2020-08-21T14:00:00Z,11708.056425925926
2020-08-21T15:00:00Z,11710.161740740741
2020-08-21T16:00:00Z,11698.44487962963
2020-08-21T17:00:00Z,11687.7195
2020-08-21T18:00:00Z,11673.631009259261
2020-08-21T19:00:00Z,11665.840398148146
2020-08-21T20:00:00Z,11646.583972222224
2020-08-21T21:00:00Z,11599.834750000002
2020-08-21T22:00:00Z,11552.243666666667
2020-08-21T23:00:00Z,11514.353629629632
2020-08-22T00:00:00Z,11463.912898148148
2020-08-22T01:00:00Z,11427.414398148148
2020-08-22T02:00:00Z,11409.666648148146
2020-08-22T03:00:00Z,11418.159240740739
2020-08-22T04:00:00Z,11425.156851851852
2020-08-22T05:00:00Z,11438.816592592593
2020-08-22T06:00:00Z,11480.508435185186
2020-08-22T07:00:00Z,11537.338629629628
2020-08-22T08:00:00Z,11586.636111111111
2020-08-22T09:00:00Z,11613.550018518517
2020-08-22T10:00:00Z,11613.562435185187
2020-08-22T11:00:00Z,11597.573648148149
2020-08-22T12:00:00Z,11588.634657407407
2020-08-22T13:00:00Z,11590.830685185187
2020-08-22T14:00:00Z,11605.849972222224
2020-08-22T15:00:00Z,11612.739768518515
2020-08-22T16:00:00Z,11607.977759259256
2020-08-22T17:00:00Z,11603.179222222223
2020-08-22T18:00:00Z,11601.82177777778
2020-08-22T19:00:00Z,11601.251953703706
2020-08-22T20:00:00Z,11603.876546296297
2020-08-22T21:00:00Z,11626.111555555557
2020-08-22T22:00:00Z,11654.744935185185
2020-08-22T23:00:00Z,11679.73090740741
2020-08-23T00:00:00Z,11683.959111111113
2020-08-23T01:00:00Z,11674.34849074074
2020-08-23T02:00:00Z,11650.553981481478
2020-08-23T03:00:00Z,11624.354953703702
2020-08-23T04:00:00Z,11605.416777777777
2020-08-23T05:00:00Z,11588.27762962963
2020-08-23T06:00:00Z,11586.651666666667
2020-08-23T07:00:00Z,11596.228879629629
2020-08-23T08:00:00Z,11596.830814814815
2020-08-23T09:00:00Z,11594.610268518518
2020-08-23T10:00:00Z,11571.126787037036
2020-08-23T11:00:00Z,11544.064259259258
2020-08-23T12:00:00Z,11532.833287037036
2020-08-23T13:00:00Z,11545.415518518517
2020-08-23T14:00:00Z,11578.15673148148
2020-08-23T15:00:00Z,11620.522444444445
2020-08-23T16:00:00Z,11652.013925925925
2020-08-23T17:00:00Z,11664.561111111112
2020-08-23T18:00:00Z,11671.041388888887
2020-08-23T19:00:00Z,11680.28689814815
2020-08-23T20:00:00Z,11685.955407407406
2020-08-23T21:00:00Z,11688.283018518521
2020-08-23T22:00:00Z,11678.717583333337
2020-08-23T23:00:00Z,11664.835277777776
2020-08-24T00:00:00Z,11649.130564814812
2020-08-24T01:00:00Z,11637.47384259259
2020-08-24T02:00:00Z,11635.640592592594
2020-08-24T03:00:00Z,11649.082175925927
2020-08-24T04:00:00Z,11667.624842592593
2020-08-24T05:00:00Z,11676.655972222225
2020-08-24T06:00:00Z,11703.476175925927
2020-08-24T07:00:00Z,11735.817907407412
2020-08-24T08:00:00Z,11773.478222222226
2020-08-24T09:00:00Z,11799.962546296301
2020-08-24T10:00:00Z,11810.59352777778
2020-08-24T11:00:00Z,11811.133953703704
2020-08-24T12:00:00Z,11804.464555555556
2020-08-24T13:00:00Z,11790.423472222223
2020-08-24T14:00:00Z,11765.580722222221
2020-08-24T15:00:00Z,11751.78437962963
2020-08-24T16:00:00Z,11747.583398148146
2020-08-24T17:00:00Z,11749.826305555553
2020-08-24T18:00:00Z,11748.560194444442
2020-08-24T19:00:00Z,11745.810981481482
2020-08-24T20:00:00Z,11738.804250000001
2020-08-24T21:00:00Z,11741.339537037036
2020-08-24T22:00:00Z,11747.220916666665
2020-08-24T23:00:00Z,11755.143703703705
2020-08-25T00:00:00Z,11756.628675925926
2020-08-25T01:00:00Z,11758.38125
2020-08-25T02:00:00Z,11736.926240740742
2020-08-25T03:00:00Z,11703.12464814815
2020-08-25T04:00:00Z,11673.81987962963
2020-08-25T05:00:00Z,11654.963472222224
2020-08-25T06:00:00Z,11631.370564814817
2020-08-25T07:00:00Z,11599.547759259256
2020-08-25T08:00:00Z,11570.865527777778
2020-08-25T09:00:00Z,11557.598046296296
2020-08-25T10:00:00Z,11574.373685185186
2020-08-25T11:00:00Z,11598.30465740741
2020-08-25T12:00:00Z,11581.02863888889
2020-08-25T13:00:00Z,11523.827314814815
2020-08-25T14:00:00Z,11443.816953703703
2020-08-25T15:00:00Z,11388.683287037036
2020-08-25T16:00:00Z,11342.09111111111
2020-08-25T17:00:00Z,11281.463351851853
2020-08-25T18:00:00Z,11244.748777777777
2020-08-25T19:00:00Z,11234.172509259255
2020-08-25T20:00:00Z,11238.163888888887
2020-08-25T21:00:00Z,11258.425546296296
2020-08-25T22:00:00Z,11295.753351851852
2020-08-25T23:00:00Z,11325.958944444443
2020-08-26T00:00:00Z,11331.353175925926
2020-08-26T01:00:00Z,11332.912648148149
2020-08-26T02:00:00Z,11350.708268518521
2020-08-26T03:00:00Z,11371.300194444448
2020-08-26T04:00:00Z,11381.757453703705
2020-08-26T05:00:00Z,11381.256185185188
2020-08-26T06:00:00Z,11363.97836111111
2020-08-26T07:00:00Z,11351.267703703705
2020-08-26T08:00:00Z,11348.70928703704
2020-08-26T09:00:00Z,11356.367296296297
2020-08-26T10:00:00Z,11374.606768518519
2020-08-26T11:00:00Z,11388.128342592594
2020-08-26T12:00:00Z,11372.672296296296
2020-08-26T13:00:00Z,11372.497074074074
2020-08-26T14:00:00Z,11395.059611111108
2020-08-26T15:00:00Z,11442.448425925924
2020-08-26T16:00:00Z,11483.533620370372
2020-08-26T17:00:00Z,11499.478962962967
2020-08-26T18:00:00Z,11492.334564814817
2020-08-26T19:00:00Z,11481.120953703707
2020-08-26T20:00:00Z,11486.92475
2020-08-26T21:00:00Z,11491.096435185187
2020-08-26T22:00:00Z,11484.733370370368
2020-08-26T23:00:00Z,11474.92483333333
2020-08-27T00:00:00Z,11464.030018518519
2020-08-27T01:00:00Z,11441.484925925926
2020-08-27T02:00:00Z,11408.920333333333
2020-08-27T03:00:00Z,11381.133916666666
2020-08-27T04:00:00Z,11360.61048148148
2020-08-27T05:00:00Z,11346.272083333335
2020-08-27T06:00:00Z,11350.848407407408
2020-08-27T07:00:00Z,11368.326296296298
2020-08-27T08:00:00Z,11382.75250925926
2020-08-27T09:00:00Z,11401.753731481484
2020-08-27T10:00:00Z,11402.264481481483
2020-08-27T11:00:00Z,11375.295111111109
2020-08-27T12:00:00Z,11351.22336111111
2020-08-27T13:00:00Z,11352.743861111108
2020-08-27T14:00:00Z,11347.22572222222
2020-08-27T15:00:00Z,11340.772222222222
2020-08-27T16:00:00Z,11312.675592592592
2020-08-27T17:00:00Z,11257.00985185185
2020-08-27T18:00:00Z,11224.446592592596
2020-08-27T19:00:00Z,11212.183925925927
2020-08-27T20:00:00Z,11225.454481481482
2020-08-27T21:00:00Z,11253.489925925925
2020-08-27T22:00:00Z,11273.316
2020-08-27T23:00:00Z,11296.803074074074
2020-08-28T00:00:00Z,11327.504046296299
2020-08-28T01:00:00Z,11363.525361111111
2020-08-28T02:00:00Z,11390.698592592591
2020-08-28T03:00:00Z,11403.729379629629
2020-08-28T04:00:00Z,11408.878027777777
2020-08-28T05:00:00Z,11412.544833333332
2020-08-28T06:00:00Z,11426.37311111111
2020-08-28T07:00:00Z,11424.499749999997
2020-08-28T08:00:00Z,11417.841120370373
2020-08-28T09:00:00Z,11424.044361111111
2020-08-28T10:00:00Z,11436.315546296297
2020-08-28T11:00:00Z,11460.613222222222
2020-08-28T12:00:00Z,11472.084824074074
2020-08-28T13:00:00Z,11476.97837962963
2020-08-28T14:00:00Z,11471.029277777774
2020-08-28T15:00:00Z,11488.766537037032
2020-08-28T16:00:00Z,11511.34925
2020-08-28T17:00:00Z,11519.30244444444
2020-08-28T18:00:00Z,11514.822750000001
2020-08-28T19:00:00Z,11508.988342592595
2020-08-28T20:00:00Z,11505.816074074077
2020-08-28T21:00:00Z,11504.289972222223
2020-08-28T22:00:00Z,11497.687361111113
2020-08-28T23:00:00Z,11505.002518518517
2020-08-29T00:00:00Z,11508.077444444445
2020-08-29T01:00:00Z,11506.254583333333
2020-08-29T02:00:00Z,11497.365175925928
2020-08-29T03:00:00Z,11493.19737037037
2020-08-29T04:00:00Z,11496.674685185186
2020-08-29T05:00:00Z,11505.772990740741
2020-08-29T06:00:00Z,11519.02125925926
2020-08-29T07:00:00Z,11542.344787037036
2020-08-29T08:00:00Z,11556.737129629628
2020-08-29T09:00:00Z,11564.931388888888
2020-08-29T10:00:00Z,11538.238416666665
2020-08-29T11:00:00Z,11495.061018518516
2020-08-29T12:00:00Z,11459.997666666668
2020-08-29T13:00:00Z,11435.00901851852
2020-08-29T14:00:00Z,11441.835240740742
2020-08-29T15:00:00Z,11465.068490740741
2020-08-29T16:00:00Z,11493.883092592592
2020-08-29T17:00:00Z,11515.230009259258
2020-08-29T18:00:00Z,11531.022259259256
2020-08-29T19:00:00Z,11538.921453703704
2020-08-29T20:00:00Z,11536.899175925928
2020-08-29T21:00:00Z,11528.783027777778
2020-08-29T22:00:00Z,11511.795537037038
2020-08-29T23:00:00Z,11491.584833333334
2020-08-30T00:00:00Z,11485.839314814812
2020-08-30T01:00:00Z,11523.81875
2020-08-30T02:00:00Z,11581.941898148149
2020-08-30T03:00:00Z,11629.587509259261
2020-08-30T04:00:00Z,11642.16815740741
2020-08-30T05:00:00Z,11629.764759259262
2020-08-30T06:00:00Z,11610.632361111115
2020-08-30T07:00:00Z,11597.692814814814
2020-08-30T08:00:00Z,11584.248981481482
2020-08-30T09:00:00Z,11578.384944444444
2020-08-30T10:00:00Z,11571.337861111111
2020-08-30T11:00:00Z,11577.622759259257
2020-08-30T12:00:00Z,11589.153388888888
2020-08-30T13:00:00Z,11609.739925925925
2020-08-30T14:00:00Z,11626.577675925926
2020-08-30T15:00:00Z,11633.379185185186
2020-08-30T16:00:00Z,11646.00487037037
2020-08-30T17:00:00Z,11653.628796296296
2020-08-30T18:00:00Z,11659.817851851849
2020-08-30T19:00:00Z,11658.306749999998
2020-08-30T20:00:00Z,11651.67376851852
2020-08-30T21:00:00Z,11634.59350925926
2020-08-30T22:00:00Z,11631.631342592591
2020-08-30T23:00:00Z,11655.440342592592
2020-08-31T00:00:00Z,11686.211694444442
2020-08-31T01:00:00Z,11708.238749999999
2020-08-31T02:00:00Z,11710.009453703702
2020-08-31T03:00:00Z,11700.817453703705
2020-08-31T04:00:00Z,11685.092064814817
2020-08-31T05:00:00Z,11673.008111111112
2020-08-31T06:00:00Z,11668.818277777778
2020-08-31T07:00:00Z,11655.021111111108
2020-08-31T08:00:00Z,11625.186953703704
2020-08-31T09:00:00Z,11598.475685185185
2020-08-31T10:00:00Z,11586.591555555555
2020-08-31T11:00:00Z,11610.839324074075
2020-08-31T12:00:00Z,11662.246777777778
2020-08-31T13:00:00Z,11710.355296296295
2020-08-31T14:00:00Z,11746.642962962962
2020-08-31T15:00:00Z,11765.165175925926
2020-08-31T16:00:00Z,11762.92375
2020-08-31T17:00:00Z,11748.69459259259
2020-08-31T18:00:00Z,11734.348490740738
2020-08-31T19:00:00Z,11727.524287037037
2020-08-31T20:00:00Z,11711.287037037036
2020-08-31T21:00:00Z,11679.980194444443
2020-08-31T22:00:00Z,11652.175157407408
2020-08-31T23:00:00Z,11636.498203703704
2020-09-01T00:00:00Z,11622.874351851851
2020-09-01T01:00:00Z,11616.352018518513
2020-09-01T02:00:00Z,11615.196148148147
2020-09-01T03:00:00Z,11637.971055555556
2020-09-01T04:00:00Z,11672.263768518518
2020-09-01T05:00:00Z,11730.467388888888
2020-09-01T06:00:00Z,11807.87260185185
2020-09-01T07:00:00Z,11891.380907407407
2020-09-01T08:00:00Z,11953.87153703704
2020-09-01T09:00:00Z,11990.859342592594
2020-09-01T10:00:00Z,11996.784916666666
2020-09-01T11:00:00Z,11968.284981481478
2020-09-01T12:00:00Z,11937.297231481478
2020-09-01T13:00:00Z,11903.322953703702
2020-09-01T14:00:00Z,11889.570592592592
2020-09-01T15:00:00Z,11934.641796296295
2020-09-01T16:00:00Z,11990.531407407405
2020-09-01T17:00:00Z,12023.31574074074
2020-09-01T18:00:00Z,12031.223296296295
2020-09-01T19:00:00Z,12014.059388888889
2020-09-01T20:00:00Z,12006.43425
2020-09-01T21:00:00Z,12012.396370370372
2020-09-01T22:00:00Z,12009.707203703705
2020-09-01T23:00:00Z,11983.415555555555
2020-09-02T00:00:00Z,11940.107055555554
2020-09-02T01:00:00Z,11898.126231481481
2020-09-02T02:00:00Z,11864.088740740743
2020-09-02T03:00:00Z,11837.396157407406
2020-09-02T04:00:00Z,11831.076249999998
2020-09-02T05:00:00Z,11837.700527777779
2020-09-02T06:00:00Z,11828.885611111109
2020-09-02T07:00:00Z,11790.37648148148
2020-09-02T08:00:00Z,11739.089722222221
2020-09-02T09:00:00Z,11708.001462962964
2020-09-02T10:00:00Z,11652.774712962962
2020-09-02T11:00:00Z,11545.631537037034
2020-09-02T12:00:00Z,11438.913287037036
2020-09-02T13:00:00Z,11340.986750000002
2020-09-02T14:00:00Z,11257.757925925927
2020-09-02T15:00:00Z,11230.088787037035
2020-09-02T16:00:00Z,11232.249768518517
2020-09-02T17:00:00Z,11271.679435185186
2020-09-02T18:00:00Z,11331.441064814813
2020-09-02T19:00:00Z,11383.610379629628
2020-09-02T20:00:00Z,11407.676166666664
2020-09-02T21:00:00Z,11410.639527777777
2020-09-02T22:00:00Z,11418.040388888889
2020-09-02T23:00:00Z,11418.344305555556
2020-09-03T00:00:00Z,11422.149064814816
2020-09-03T01:00:00Z,11429.030944444445
2020-09-03T02:00:00Z,11436.008861111111
2020-09-03T03:00:00Z,11422.005296296296
2020-09-03T04:00:00Z,11373.634185185185
2020-09-03T05:00:00Z,11316.887074074075
2020-09-03T06:00:00Z,11274.200101851855
2020-09-03T07:00:00Z,11293.573722222223
2020-09-03T08:00:00Z,11341.649509259261
2020-09-03T09:00:00Z,11378.02860185185
2020-09-03T10:00:00Z,11362.316064814813
2020-09-03T11:00:00Z,11301.980185185183
2020-09-03T12:00:00Z,11115.260083333334
2020-09-03T13:00:00Z,10938.59612037037
2020-09-03T14:00:00Z,10802.382731481483
2020-09-03T15:00:00Z,10688.623055555556
2020-09-03T16:00:00Z,10585.776722222223
2020-09-03T17:00:00Z,10542.853481481485
2020-09-03T18:00:00Z,10544.251185185187
2020-09-03T19:00:00Z,10588.794564814814
2020-09-03T20:00:00Z,10668.039407407405
2020-09-03T21:00:00Z,10725.861731481478
2020-09-03T22:00:00Z,10738.367499999998
2020-09-03T23:00:00Z,10567.07012037037
2020-09-04T00:00:00Z,10373.786314814815
2020-09-04T01:00:00Z,10217.351194444445
2020-09-04T02:00:00Z,10153.521157407407
2020-09-04T03:00:00Z,10163.735111111111
2020-09-04T04:00:00Z,10202.716175925925
2020-09-04T05:00:00Z,10246.35099074074
2020-09-04T06:00:00Z,10260.944305555553
2020-09-04T07:00:00Z,10275.565509259259
2020-09-04T08:00:00Z,10324.21584259259
2020-09-04T09:00:00Z,10421.458037037037
2020-09-04T10:00:00Z,10503.08514814815
2020-09-04T11:00:00Z,10532.105907407407
2020-09-04T12:00:00Z,10524.779490740742
2020-09-04T13:00:00Z,10476.464833333333
2020-09-04T14:00:00Z,10426.007972222224
2020-09-04T15:00:00Z,10401.127287037038
2020-09-04T16:00:00Z,10405.688185185185
2020-09-04T17:00:00Z,10419.111842592592
2020-09-04T18:00:00Z,10458.96135185185
2020-09-04T19:00:00Z,10519.570990740742
2020-09-04T20:00:00Z,10582.66012037037
2020-09-04T21:00:00Z,10615.580916666666
2020-09-04T22:00:00Z,10591.94887962963
2020-09-04T23:00:00Z,10537.401462962966
2020-09-05T00:00:00Z,10488.385861111112
2020-09-05T01:00:00Z,10465.82674074074
2020-09-05T02:00:00Z,10449.294314814815
2020-09-05T03:00:00Z,10428.44822222222
2020-09-05T04:00:00Z,10410.044268518517
2020-09-05T05:00:00Z,10397.114787037037
2020-09-05T06:00:00Z,10414.795694444447
2020-09-05T07:00:00Z,10423.775055555556
2020-09-05T08:00:00Z,10399.96964814815
2020-09-05T09:00:00Z,10348.36398148148
2020-09-05T10:00:00Z,10293.193953703701
2020-09-05T11:00:00Z,10242.940407407405
2020-09-05T12:00:00Z,10143.033185185186
2020-09-05T13:00:00Z,10126.265731481482
2020-09-05T14:00:00Z,10172.249009259262
2020-09-05T15:00:00Z,10240.208370370374
2020-09-05T16:00:00Z,10281.917370370371
2020-09-05T17:00:00Z,10247.69624074074
2020-09-05T18:00:00Z,10190.859101851851
2020-09-05T19:00:00Z,10083.350314814814
2020-09-05T20:00:00Z,10021.580981481482
2020-09-05T21:00:00Z,10003.649444444445
2020-09-05T22:00:00Z,9995.902731481483
2020-09-05T23:00:00Z,10042.375361111111
2020-09-06T00:00:00Z,10116.80526851852
2020-09-06T01:00:00Z,10166.75111111111
2020-09-06T02:00:00Z,10189.727268518518
2020-09-06T03:00:00Z,10190.024388888887
2020-09-06T04:00:00Z,10146.426018518518
2020-09-06T05:00:00Z,10115.400564814816
2020-09-06T06:00:00Z,10110.583629629631
2020-09-06T07:00:00Z,10151.852712962964
2020-09-06T08:00:00Z,10209.605685185184
2020-09-06T09:00:00Z,10246.172462962963
2020-09-06T10:00:00Z,10259.648583333332
2020-09-06T11:00:00Z,10265.938333333332
2020-09-06T12:00:00Z,10268.311842592591
2020-09-06T13:00:00Z,10260.082175925925
2020-09-06T14:00:00Z,10248.78072222222
2020-09-06T15:00:00Z,10220.960564814814
2020-09-06T16:00:00Z,10211.973722222221
2020-09-06T17:00:00Z,10205.970805555555
2020-09-06T18:00:00Z,10214.911444444444
2020-09-06T19:00:00Z,10235.589194444443
2020-09-06T20:00:00Z,10247.084268518518
2020-09-06T21:00:00Z,10276.177425925927
2020-09-06T22:00:00Z,10273.846018518518
2020-09-06T23:00:00Z,10267.83187962963
2020-09-07T00:00:00Z,10266.946175925927
2020-09-07T01:00:00Z,10273.36438888889
2020-09-07T02:00:00Z,10263.503287037036
2020-09-07T03:00:00Z,10239.135870370368
2020-09-07T04:00:00Z,10201.695592592589
2020-09-07T05:00:00Z,10149.164666666667
2020-09-07T06:00:00Z,10096.803833333337
2020-09-07T07:00:00Z,10072.123703703704
2020-09-07T08:00:00Z,10079.685546296298
2020-09-07T09:00:00Z,10098.404472222219
2020-09-07T10:00:00Z,10102.49038888889
2020-09-07T11:00:00Z,10077.605453703703
2020-09-07T12:00:00Z,10018.280472222224
2020-09-07T13:00:00Z,10000.093361111114
2020-09-07T14:00:00Z,9997.646740740742
2020-09-07T15:00:00Z,10045.551111111112
2020-09-07T16:00:00Z,10120.661296296295
2020-09-07T17:00:00Z,10178.542638888886
2020-09-07T18:00:00Z,10208.486777777778
2020-09-07T19:00:00Z,10202.113425925927
2020-09-07T20:00:00Z,10181.521046296295
2020-09-07T21:00:00Z,10163.652999999998
2020-09-07T22:00:00Z,10225.27486111111
2020-09-07T23:00:00Z,10316.193157407406
2020-09-08T00:00:00Z,10381.083157407405
2020-09-08T01:00:00Z,10396.704675925926
2020-09-08T02:00:00Z,10381.75625
2020-09-08T03:00:00Z,10353.221092592594
2020-09-08T04:00:00Z,10317.74912037037
2020-09-08T05:00:00Z,10273.131731481482
2020-09-08T06:00:00Z,10256.335324074074
2020-09-08T07:00:00Z,10253.732361111111
2020-09-08T08:00:00Z,10232.666518518521
2020-09-08T09:00:00Z,10153.659685185186
2020-09-08T10:00:00Z,10066.372564814816
2020-09-08T11:00:00Z,9985.315342592594
2020-09-08T12:00:00Z,9948.662962962964
2020-09-08T13:00:00Z,9942.683111111111
2020-09-08T14:00:00Z,9984.35876851852
2020-09-08T15:00:00Z,10042.033805555555
2020-09-08T16:00:00Z,10107.051805555553
2020-09-08T17:00:00Z,10155.977879629629
2020-09-08T18:00:00Z,10129.887648148147
2020-09-08T19:00:00Z,10066.959851851852
2020-09-08T20:00:00Z,10008.206694444445
2020-09-08T21:00:00Z,9983.651212962965
2020-09-08T22:00:00Z,10013.050453703703
2020-09-08T23:00:00Z,10068.14899074074
2020-09-09T00:00:00Z,10117.147657407406
2020-09-09T01:00:00Z,10144.511805555556
2020-09-09T02:00:00Z,10112.787342592594
2020-09-09T03:00:00Z,10064.556842592592
2020-09-09T04:00:00Z,10036.656564814815
2020-09-09T05:00:00Z,10040.169944444444
2020-09-09T06:00:00Z,10066.02040740741
2020-09-09T07:00:00Z,10118.901453703706
2020-09-09T08:00:00Z,10162.880527777777
2020-09-09T09:00:00Z,10199.580138888887
2020-09-09T10:00:00Z,10212.674175925926
2020-09-09T11:00:00Z,10221.872314814815
2020-09-09T12:00:00Z,10220.492296296296
2020-09-09T13:00:00Z,10220.076277777778
2020-09-09T14:00:00Z,10229.204814814815
2020-09-09T15:00:00Z,10244.339074074074
2020-09-09T16:00:00Z,10257.297342592594
2020-09-09T17:00:00Z,10270.960212962966
2020-09-09T18:00:00Z,10299.21548148148
2020-09-09T19:00:00Z,10314.495620370371
2020-09-09T20:00:00Z,10309.430787037038
2020-09-09T21:00:00Z,10285.447046296295
2020-09-09T22:00:00Z,10268.282546296296
2020-09-09T23:00:00Z,10249.78922222222
2020-09-10T00:00:00Z,10250.012814814816
2020-09-10T01:00:00Z,10292.259962962964
2020-09-10T02:00:00Z,10344.464712962965
2020-09-10T03:00:00Z,10389.647870370369
2020-09-10T04:00:00Z,10413.459564814812
2020-09-10T05:00:00Z,10415.994611111111
2020-09-10T06:00:00Z,10396.27113888889
2020-09-10T07:00:00Z,10351.171962962964
2020-09-10T08:00:00Z,10301.149916666667
2020-09-10T09:00:00Z,10267.05009259259
2020-09-10T10:00:00Z,10252.142462962962
2020-09-10T11:00:00Z,10260.292111111112
2020-09-10T12:00:00Z,10297.816824074076
2020-09-10T13:00:00Z,10366.84212962963
2020-09-10T14:00:00Z,10412.64187037037
2020-09-10T15:00:00Z,10443.443666666666
2020-09-10T16:00:00Z,10425.16423148148
2020-09-10T17:00:00Z,10390.493796296296
2020-09-10T18:00:00Z,10341.129453703705
2020-09-10T19:00:00Z,10295.13500925926
2020-09-10T20:00:00Z,10272.74175925926
2020-09-10T21:00:00Z,10283.910638888889
2020-09-10T22:00:00Z,10313.899574074074
2020-09-10T23:00:00Z,10341.423555555557
2020-09-11T00:00:00Z,10356.721981481482
2020-09-11T01:00:00Z,10347.582194444445
2020-09-11T02:00:00Z,10314.851231481482
2020-09-11T03:00:00Z,10265.451129629631
2020-09-11T04:00:00Z,10222.166157407408
2020-09-11T05:00:00Z,10217.032925925925
2020-09-11T06:00:00Z,10231.629648148148
2020-09-11T07:00:00Z,10251.727194444444
2020-09-11T08:00:00Z,10273.80288888889
2020-09-11T09:00:00Z,10297.698712962962
2020-09-11T10:00:00Z,10310.57960185185
2020-09-11T11:00:00Z,10302.562231481481
2020-09-11T12:00:00Z,10293.216583333335
2020-09-11T13:00:00Z,10278.543583333334
2020-09-11T14:00:00Z,10277.59662962963
2020-09-11T15:00:00Z,10291.97900925926
2020-09-11T16:00:00Z,10306.256435185183
2020-09-11T17:00:00Z,10313.287194444443
2020-09-11T18:00:00Z,10318.197907407404
2020-09-11T19:00:00Z,10324.28835185185
2020-09-11T20:00:00Z,10330.588898148146
2020-09-11T21:00:00Z,10342.229157407406
2020-09-11T22:00:00Z,10359.195259259259
2020-09-11T23:00:00Z,10382.015712962964
2020-09-12T00:00:00Z,10387.865796296297
2020-09-12T01:00:00Z,10387.097324074073
2020-09-12T02:00:00Z,10373.433805555556
2020-09-12T03:00:00Z,10358.80225925926
2020-09-12T04:00:00Z,10352.921185185185
2020-09-12T05:00:00Z,10354.437962962962
2020-09-12T06:00:00Z,10351.392166666665
2020-09-12T07:00:00Z,10347.269388888888
2020-09-12T08:00:00Z,10339.843796296294
2020-09-12T09:00:00Z,10338.858657407409
2020-09-12T10:00:00Z,10339.824175925927
2020-09-12T11:00:00Z,10341.229675925928
2020-09-12T12:00:00Z,10336.158851851853
2020-09-12T13:00:00Z,10322.033000000001
2020-09-12T14:00:00Z,10321.153527777778
2020-09-12T15:00:00Z,10333.280953703705
2020-09-12T16:00:00Z,10355.48250925926
2020-09-12T17:00:00Z,10376.758499999998
2020-09-12T18:00:00Z,10412.840444444444
2020-09-12T19:00:00Z,10451.029953703704
2020-09-12T20:00:00Z,10472.70613888889
2020-09-12T21:00:00Z,10479.991574074074
2020-09-12T22:00:00Z,10470.543037037038
2020-09-12T23:00:00Z,10459.352907407409
2020-09-13T00:00:00Z,10448.545203703705
2020-09-13T01:00:00Z,10438.705287037037
2020-09-13T02:00:00Z,10431.873203703704
2020-09-13T03:00:00Z,10466.35776851852
2020-09-13T04:00:00Z,10513.505564814814
2020-09-13T05:00:00Z,10552.16062962963
2020-09-13T06:00:00Z,10565.648935185187
2020-09-13T07:00:00Z,10564.100851851852
2020-09-13T08:00:00Z,10558.080574074074
2020-09-13T09:00:00Z,10541.396999999999
2020-09-13T10:00:00Z,10508.134916666668
2020-09-13T11:00:00Z,10433.418277777779
2020-09-13T12:00:00Z,10344.54425
2020-09-13T13:00:00Z,10283.839101851854
2020-09-13T14:00:00Z,10264.059537037036
2020-09-13T15:00:00Z,10262.00933333333
2020-09-13T16:00:00Z,10259.610749999998
2020-09-13T17:00:00Z,10259.024157407406
2020-09-13T18:00:00Z,10254.78099074074
2020-09-13T19:00:00Z,10267.58188888889
2020-09-13T20:00:00Z,10288.164564814815
2020-09-13T21:00:00Z,10304.419888888888
2020-09-13T22:00:00Z,10314.74011111111
2020-09-13T23:00:00Z,10324.800407407407
2020-09-14T00:00:00Z,10316.986805555556
2020-09-14T01:00:00Z,10315.13188888889
2020-09-14T02:00:00Z,10326.905638888891
2020-09-14T03:00:00Z,10345.746583333335
2020-09-14T04:00:00Z,10360.838740740743
2020-09-14T05:00:00Z,10363.675675925928
2020-09-14T06:00:00Z,10363.664777777782
2020-09-14T07:00:00Z,10375.778018518518
2020-09-14T08:00:00Z,10382.329064814816
2020-09-14T09:00:00Z,10383.751740740741
2020-09-14T10:00:00Z,10393.476398148146
2020-09-14T11:00:00Z,10424.470638888888
2020-09-14T12:00:00Z,10472.26414814815
2020-09-14T13:00:00Z,10556.038435185188
2020-09-14T14:00:00Z,10633.702129629632
2020-09-14T15:00:00Z,10704.180925925926
2020-09-14T16:00:00Z,10754.815435185186
2020-09-14T17:00:00Z,10766.983351851854
2020-09-14T18:00:00Z,10750.435972222227
2020-09-14T19:00:00Z,10718.933509259261
2020-09-14T20:00:00Z,10696.697398148148
2020-09-14T21:00:00Z,10697.019407407408
2020-09-14T22:00:00Z,10690.49962037037
2020-09-14T23:00:00Z,10683.99035185185
2020-09-15T00:00:00Z,10677.859907407408
2020-09-15T01:00:00Z,10687.949953703705
2020-09-15T02:00:00Z,10718.46649074074
2020-09-15T03:00:00Z,10750.871453703703
2020-09-15T04:00:00Z,10765.420101851852
2020-09-15T05:00:00Z,10765.663824074074
2020-09-15T06:00:00Z,10756.173481481479
2020-09-15T07:00:00Z,10748.371657407408
2020-09-15T08:00:00Z,10714.719703703704
2020-09-15T09:00:00Z,10689.397990740741
2020-09-15T10:00:00Z,10721.905509259259
2020-09-15T11:00:00Z,10781.298435185186
2020-09-15T12:00:00Z,10863.47111111111
2020-09-15T13:00:00Z,10903.923879629629
2020-09-15T14:00:00Z,10883.030231481483
2020-09-15T15:00:00Z,10837.702074074075
2020-09-15T16:00:00Z,10794.263944444448
2020-09-15T17:00:00Z,10777.916925925927
2020-09-15T18:00:00Z,10776.353203703702
2020-09-15T19:00:00Z,10780.038472222222
2020-09-15T20:00:00Z,10806.78264814815
2020-09-15T21:00:00Z,10839.907935185185
2020-09-15T22:00:00Z,10842.695435185185
2020-09-15T23:00:00Z,10823.66938888889
2020-09-16T00:00:00Z,10775.972101851852
2020-09-16T01:00:00Z,10736.498962962964
2020-09-16T02:00:00Z,10715.25725
2020-09-16T03:00:00Z,10724.738055555557
2020-09-16T04:00:00Z,10752.851120370373
2020-09-16T05:00:00Z,10777.836462962965
2020-09-16T06:00:00Z,10810.881898148147
2020-09-16T07:00:00Z,10862.326055555555
2020-09-16T08:00:00Z,10908.306842592594
2020-09-16T09:00:00Z,10927.70399074074
2020-09-16T10:00:00Z,10913.895787037036
2020-09-16T11:00:00Z,10901.452324074073
2020-09-16T12:00:00Z,10906.785444444444
2020-09-16T13:00:00Z,10921.377527777779
2020-09-16T14:00:00Z,10925.328064814816
2020-09-16T15:00:00Z,10950.925222222222
2020-09-16T16:00:00Z,11005.479861111113
2020-09-16T17:00:00Z,11055.003935185188
2020-09-16T18:00:00Z,11073.982166666668
2020-09-16T19:00:00Z,11053.996555555554
2020-09-16T20:00:00Z,11022.513546296295
2020-09-16T21:00:00Z,11005.592564814817
2020-09-16T22:00:00Z,11006.714537037036
2020-09-16T23:00:00Z,10995.548675925924
2020-09-17T00:00:00Z,10989.574870370372
2020-09-17T01:00:00Z,10975.065814814814
2020-09-17T02:00:00Z,10954.198685185183
2020-09-17T03:00:00Z,10916.575037037035
2020-09-17T04:00:00Z,10888.612037037037
2020-09-17T05:00:00Z,10879.767898148148
2020-09-17T06:00:00Z,10872.816324074074
2020-09-17T07:00:00Z,10873.877694444443
2020-09-17T08:00:00Z,10869.92838888889
2020-09-17T09:00:00Z,10870.80601851852
2020-09-17T10:00:00Z,10857.802527777778
2020-09-17T11:00:00Z,10855.883685185187
2020-09-17T12:00:00Z,10839.158287037037
2020-09-17T13:00:00Z,10822.088453703704
2020-09-17T14:00:00Z,10815.386453703703
2020-09-17T15:00:00Z,10818.806074074075
2020-09-17T16:00:00Z,10830.76787962963
2020-09-17T17:00:00Z,10847.740259259257
2020-09-17T18:00:00Z,10876.134916666664
2020-09-17T19:00:00Z,10907.510787037038
2020-09-17T20:00:00Z,10936.586953703705
2020-09-17T21:00:00Z,10961.41176851852
2020-09-17T22:00:00Z,10964.47951851852
2020-09-17T23:00:00Z,10960.81123148148
2020-09-18T00:00:00Z,10942.91287037037
2020-09-18T01:00:00Z,10921.725175925923
2020-09-18T02:00:00Z,10911.444777777777
2020-09-18T03:00:00Z,10912.162740740741
2020-09-18T04:00:00Z,10912.638324074074
2020-09-18T05:00:00Z,10918.119925925925
2020-09-18T06:00:00Z,10936.030675925924
2020-09-18T07:00:00Z,10953.871231481482
2020-09-18T08:00:00Z,10967.507138888892
2020-09-18T09:00:00Z,10987.390842592597
2020-09-18T10:00:00Z,10996.142518518516
2020-09-18T11:00:00Z,10996.644805555557
2020-09-18T12:00:00Z,10994.132777777777
2020-09-18T13:00:00Z,10970.218833333332
2020-09-18T14:00:00Z,10950.876648148149
2020-09-18T15:00:00Z,10924.114240740739
2020-09-18T16:00:00Z,10897.274018518518
2020-09-18T17:00:00Z,10863.04061111111
2020-09-18T18:00:00Z,10841.422638888891
2020-09-18T19:00:00Z,10836.813435185186
2020-09-18T20:00:00Z,10850.523129629628
2020-09-18T21:00:00Z,10887.15059259259
2020-09-18T22:00:00Z,10921.757277777777
2020-09-18T23:00:00Z,10945.700972222223
2020-09-19T00:00:00Z,10966.440499999999
2020-09-19T01:00:00Z,10973.192814814814
2020-09-19T02:00:00Z,10979.26200925926
2020-09-19T03:00:00Z,10982.791398148149
2020-09-19T04:00:00Z,10981.3805
2020-09-19T05:00:00Z,10968.180509259257
2020-09-19T06:00:00Z,10954.000148148147
2020-09-19T07:00:00Z,10932.243333333334
2020-09-19T08:00:00Z,10919.587435185187
2020-09-19T09:00:00Z,10922.465250000001
2020-09-19T10:00:00Z,10945.843314814818
2020-09-19T11:00:00Z,11020.869694444447
2020-09-19T12:00:00Z,11093.37883333333
2020-09-19T13:00:00Z,11143.60825
2020-09-19T14:00:00Z,11150.77186111111
2020-09-19T15:00:00Z,11134.084564814815
2020-09-19T16:00:00Z,11104.21077777778
2020-09-19T17:00:00Z,11079.736555555559
2020-09-19T18:00:00Z,11059.81452777778
2020-09-19T19:00:00Z,11049.230787037035
2020-09-19T20:00:00Z,11057.640574074074
2020-09-19T21:00:00Z,11061.7107037037
2020-09-19T22:00:00Z,11066.623472222223
2020-09-19T23:00:00Z,11071.608981481482
2020-09-20T00:00:00Z,11070.654194444445
2020-09-20T01:00:00Z,11031.76848148148
2020-09-20T02:00:00Z,10971.281777777776
2020-09-20T03:00:00Z,10923.869074074071
2020-09-20T04:00:00Z,10910.859481481482
2020-09-20T05:00:00Z,10921.319416666667
2020-09-20T06:00:00Z,10941.767824074079
2020-09-20T07:00:00Z,10955.893009259262
2020-09-20T08:00:00Z,10961.240564814818
2020-09-20T09:00:00Z,10962.891351851851
2020-09-20T10:00:00Z,10968.46560185185
2020-09-20T11:00:00Z,10967.445898148146
2020-09-20T12:00:00Z,10932.830129629627
2020-09-20T13:00:00Z,10888.931342592594
2020-09-20T14:00:00Z,10845.095601851854
2020-09-20T15:00:00Z,10819.248407407407
2020-09-20T16:00:00Z,10816.950379629629
2020-09-20T17:00:00Z,10839.63437037037
2020-09-20T18:00:00Z,10868.572981481482
2020-09-20T19:00:00Z,10885.385574074075
2020-09-20T20:00:00Z,10882.878185185185
2020-09-20T21:00:00Z,10875.439546296297
2020-09-20T22:00:00Z,10870.512194444445
2020-09-20T23:00:00Z,10884.709129629633
2020-09-21T00:00:00Z,10917.486481481485
2020-09-21T01:00:00Z,10947.916231481484
2020-09-21T02:00:00Z,10965.978416666667
2020-09-21T03:00:00Z,10974.592620370371
2020-09-21T04:00:00Z,10975.281157407408
2020-09-21T05:00:00Z,10973.463157407408
2020-09-21T06:00:00Z,10966.71601851852
2020-09-21T07:00:00Z,10943.861731481484
2020-09-21T08:00:00Z,10901.671518518518
2020-09-21T09:00:00Z,10814.070175925926
2020-09-21T10:00:00Z,10712.289833333334
2020-09-21T11:00:00Z,10622.913768518518
2020-09-21T12:00:00Z,10552.838166666666
2020-09-21T13:00:00Z,10522.529925925926
2020-09-21T14:00:00Z,10466.90388888889
2020-09-21T15:00:00Z,10412.179675925925
2020-09-21T16:00:00Z,10359.526092592592
2020-09-21T17:00:00Z,10334.056129629627
2020-09-21T18:00:00Z,10348.934046296295
2020-09-21T19:00:00Z,10399.696611111112
2020-09-21T20:00:00Z,10452.527824074075
2020-09-21T21:00:00Z,10496.448638888889
2020-09-21T22:00:00Z,10514.338925925926
2020-09-21T23:00:00Z,10491.985083333333
2020-09-22T00:00:00Z,10467.28688888889
2020-09-22T01:00:00Z,10443.717398148148
2020-09-22T02:00:00Z,10440.125037037036
2020-09-22T03:00:00Z,10443.606648148148
2020-09-22T04:00:00Z,10451.852370370372
2020-09-22T05:00:00Z,10459.322037037038
2020-09-22T06:00:00Z,10451.421694444447
2020-09-22T07:00:00Z,10423.030851851852
2020-09-22T08:00:00Z,10413.644324074075
2020-09-22T09:00:00Z,10421.857148148147
2020-09-22T10:00:00Z,10443.52977777778
2020-09-22T11:00:00Z,10459.783175925926
2020-09-22T12:00:00Z,10475.543694444443
2020-09-22T13:00:00Z,10483.069814814815
2020-09-22T14:00:00Z,10475.997842592593
2020-09-22T15:00:00Z,10464.285018518518
2020-09-22T16:00:00Z,10453.647435185185
2020-09-22T17:00:00Z,10459.821944444444
2020-09-22T18:00:00Z,10476.14725
2020-09-22T19:00:00Z,10493.227064814813
2020-09-22T20:00:00Z,10509.397620370371
2020-09-22T21:00:00Z,10531.276444444446
2020-09-22T22:00:00Z,10540.333287037036
2020-09-22T23:00:00Z,10544.73025
2020-09-23T00:00:00Z,10537.522037037037
2020-09-23T01:00:00Z,10527.25975925926
2020-09-23T02:00:00Z,10520.437805555557
2020-09-23T03:00:00Z,10505.24464814815
2020-09-23T04:00:00Z,10485.231555555556
2020-09-23T05:00:00Z,10468.390777777777
2020-09-23T06:00:00Z,10448.207046296297
2020-09-23T07:00:00Z,10431.359064814817
2020-09-23T08:00:00Z,10425.902879629632
2020-09-23T09:00:00Z,10439.889870370369
2020-09-23T10:00:00Z,10464.466203703701
2020-09-23T11:00:00Z,10482.857379629628
2020-09-23T12:00:00Z,10500.107620370369
2020-09-23T13:00:00Z,10510.022194444442
2020-09-23T14:00:00Z,10506.210759259258
2020-09-23T15:00:00Z,10488.487148148148
2020-09-23T16:00:00Z,10475.603342592593
2020-09-23T17:00:00Z,10464.012851851852
2020-09-23T18:00:00Z,10441.405240740742
2020-09-23T19:00:00Z,10381.52264814815
2020-09-23T20:00:00Z,10293.512148148147
2020-09-23T21:00:00Z,10224.98961111111
2020-09-23T22:00:00Z,10196.711296296295
2020-09-23T23:00:00Z,10195.112796296295
2020-09-24T00:00:00Z,10221.472833333333
2020-09-24T01:00:00Z,10251.739796296295
2020-09-24T02:00:00Z,10276.769953703702
2020-09-24T03:00:00Z,10294.987314814816
2020-09-24T04:00:00Z,10297.546527777778
2020-09-24T05:00:00Z,10294.837333333335
2020-09-24T06:00:00Z,10290.314175925927
2020-09-24T07:00:00Z,10303.706953703704
2020-09-24T08:00:00Z,10317.020444444444
2020-09-24T09:00:00Z,10329.893555555553
2020-09-24T10:00:00Z,10350.525694444445
2020-09-24T11:00:00Z,10381.124083333334
2020-09-24T12:00:00Z,10400.810101851852
2020-09-24T13:00:00Z,10404.12261111111
2020-09-24T14:00:00Z,10404.520907407408
2020-09-24T15:00:00Z,10448.709212962962
2020-09-24T16:00:00Z,10549.182509259257
2020-09-24T17:00:00Z,10654.118249999998
2020-09-24T18:00:00Z,10705.918796296295
2020-09-24T19:00:00Z,10715.880185185184
2020-09-24T20:00:00Z,10693.679824074075
2020-09-24T21:00:00Z,10673.176490740741
2020-09-24T22:00:00Z,10696.044435185186
2020-09-24T23:00:00Z,10733.218259259262
2020-09-25T00:00:00Z,10760.306009259262
2020-09-25T01:00:00Z,10754.783935185187
2020-09-25T02:00:00Z,10734.930574074077
2020-09-25T03:00:00Z,10703.49275925926
2020-09-25T04:00:00Z,10679.672981481483
2020-09-25T05:00:00Z,10657.335990740741
2020-09-25T06:00:00Z,10654.24412037037
2020-09-25T07:00:00Z,10665.986574074073
2020-09-25T08:00:00Z,10655.623064814814
2020-09-25T09:00:00Z,10627.744962962963
2020-09-25T10:00:00Z,10594.785296296297
2020-09-25T11:00:00Z,10586.044500000002
2020-09-25T12:00:00Z,10593.071694444445
2020-09-25T13:00:00Z,10604.847944444442
2020-09-25T14:00:00Z,10614.38947222222
2020-09-25T15:00:00Z,10629.760740740738
2020-09-25T16:00:00Z,10646.49813888889
2020-09-25T17:00:00Z,10673.675370370373
2020-09-25T18:00:00Z,10701.4545
2020-09-25T19:00:00Z,10725.308888888889
2020-09-25T20:00:00Z,10738.03110185185
2020-09-25T21:00:00Z,10748.893527777778
2020-09-25T22:00:00Z,10739.360055555555
2020-09-25T23:00:00Z,10720.328175925926
2020-09-26T00:00:00Z,10690.868953703703
2020-09-26T01:00:00Z,10675.591129629629
2020-09-26T02:00:00Z,10681.458824074074
2020-09-26T03:00:00Z,10697.255203703704
2020-09-26T04:00:00Z,10720.424111111113
2020-09-26T05:00:00Z,10735.19562037037
2020-09-26T06:00:00Z,10744.065574074075
2020-09-26T07:00:00Z,10739.445388888891
2020-09-26T08:00:00Z,10722.768046296298
2020-09-26T09:00:00Z,10705.35126851852
2020-09-26T10:00:00Z,10702.47915740741
2020-09-26T11:00:00Z,10705.95726851852
2020-09-26T12:00:00Z,10705.484657407405
2020-09-26T13:00:00Z,10696.030981481481
2020-09-26T14:00:00Z,10693.804703703703
2020-09-26T15:00:00Z,10701.859027777777
2020-09-26T16:00:00Z,10723.150583333332
2020-09-26T17:00:00Z,10744.386351851852
2020-09-26T18:00:00Z,10753.017277777779
2020-09-26T19:00:00Z,10747.94176851852
2020-09-26T20:00:00Z,10735.498740740743
2020-09-26T21:00:00Z,10724.80412037037
2020-09-26T22:00:00Z,10723.52665740741
2020-09-26T23:00:00Z,10726.663740740742
2020-09-27T00:00:00Z,10744.992620370373
2020-09-27T01:00:00Z,10765.952592592594
2020-09-27T02:00:00Z,10784.621111111112
2020-09-27T03:00:00Z,10795.9375
2020-09-27T04:00:00Z,10799.910157407408
2020-09-27T05:00:00Z,10798.727925925925
2020-09-27T06:00:00Z,10761.313027777776
2020-09-27T07:00:00Z,10711.11912037037
2020-09-27T08:00:00Z,10661.428425925928
2020-09-27T09:00:00Z,10625.835000000001
2020-09-27T10:00:00Z,10618.302601851852
2020-09-27T11:00:00Z,10615.883666666667
2020-09-27T12:00:00Z,10628.072425925926
2020-09-27T13:00:00Z,10647.510870370372
2020-09-27T14:00:00Z,10667.15063888889
2020-09-27T15:00:00Z,10703.905083333337
2020-09-27T16:00:00Z,10731.130981481483
2020-09-27T17:00:00Z,10748.227222222222
2020-09-27T18:00:00Z,10747.155898148148
2020-09-27T19:00:00Z,10742.95500925926
2020-09-27T20:00:00Z,10736.265268518518
2020-09-27T21:00:00Z,10729.93334259259
2020-09-27T22:00:00Z,10734.380583333334
2020-09-27T23:00:00Z,10750.94810185185
2020-09-28T00:00:00Z,10803.971972222223
2020-09-28T01:00:00Z,10875.634435185186
2020-09-28T02:00:00Z,10932.643953703702
2020-09-28T03:00:00Z,10952.340444444446
2020-09-28T04:00:00Z,10944.234953703703
2020-09-28T05:00:00Z,10921.143324074075
2020-09-28T06:00:00Z,10896.05175
2020-09-28T07:00:00Z,10873.77387037037
2020-09-28T08:00:00Z,10858.463287037037
2020-09-28T09:00:00Z,10851.14024074074
2020-09-28T10:00:00Z,10856.081601851853
2020-09-28T11:00:00Z,10867.137231481482
2020-09-28T12:00:00Z,10885.128203703702
2020-09-28T13:00:00Z,10897.753194444444
2020-09-28T14:00:00Z,10895.011694444445
2020-09-28T15:00:00Z,10894.014453703703
2020-09-28T16:00:00Z,10892.27637962963
2020-09-28T17:00:00Z,10894.173055555555
2020-09-28T18:00:00Z,10889.626
2020-09-28T19:00:00Z,10878.253611111111
2020-09-28T20:00:00Z,10868.003999999999
2020-09-28T21:00:00Z,10868.298453703703
2020-09-28T22:00:00Z,10868.197425925924
2020-09-28T23:00:00Z,10816.055694444443
2020-09-29T00:00:00Z,10748.005444444443
2020-09-29T01:00:00Z,10681.582111111109
2020-09-29T02:00:00Z,10644.259453703702
2020-09-29T03:00:00Z,10638.658074074072
2020-09-29T04:00:00Z,10650.012157407406
2020-09-29T05:00:00Z,10661.248185185184
2020-09-29T06:00:00Z,10687.66112037037
2020-09-29T07:00:00Z,10712.374685185187
2020-09-29T08:00:00Z,10732.101916666668
2020-09-29T09:00:00Z,10737.290787037038
2020-09-29T10:00:00Z,10748.24948148148
2020-09-29T11:00:00Z,10759.411833333334
2020-09-29T12:00:00Z,10769.66574074074
2020-09-29T13:00:00Z,10773.124537037036
2020-09-29T14:00:00Z,10771.095138888886
2020-09-29T15:00:00Z,10756.845101851852
2020-09-29T16:00:00Z,10729.121703703704
2020-09-29T17:00:00Z,10695.665953703705
2020-09-29T18:00:00Z,10684.730861111113
2020-09-29T19:00:00Z,10697.407805555556
2020-09-29T20:00:00Z,10725.650925925927
2020-09-29T21:00:00Z,10756.677666666668
2020-09-29T22:00:00Z,10775.983324074075
2020-09-29T23:00:00Z,10805.62450925926
2020-09-30T00:00:00Z,10825.679694444443
2020-09-30T01:00:00Z,10829.655981481481
2020-09-30T02:00:00Z,10814.729342592591
2020-09-30T03:00:00Z,10783.766277777779
2020-09-30T04:00:00Z,10755.202472222223
2020-09-30T05:00:00Z,10723.437472222224
2020-09-30T06:00:00Z,10703.561472222224
2020-09-30T07:00:00Z,10689.819342592593
2020-09-30T08:00:00Z,10687.146962962963
2020-09-30T09:00:00Z,10686.664083333333
2020-09-30T10:00:00Z,10695.45338888889
2020-09-30T11:00:00Z,10694.923018518519
2020-09-30T12:00:00Z,10701.892851851851
2020-09-30T13:00:00Z,10716.263814814813
2020-09-30T14:00:00Z,10735.406574074072
2020-09-30T15:00:00Z,10761.323129629629
2020-09-30T16:00:00Z,10783.606009259258
2020-09-30T17:00:00Z,10793.60163888889
2020-09-30T18:00:00Z,10781.069703703703
2020-09-30T19:00:00Z,10752.564805555556
2020-09-30T20:00:00Z,10721.134407407408
2020-09-30T21:00:00Z,10699.81463888889
2020-09-30T22:00:00Z,10702.91338888889
2020-09-30T23:00:00Z,10729.508092592592
2020-10-01T00:00:00Z,10764.369537037037
2020-10-01T01:00:00Z,10807.48238888889
2020-10-01T02:00:00Z,10836.437814814815
2020-10-01T03:00:00Z,10842.41109259259
2020-10-01T04:00:00Z,10834.480833333333
2020-10-01T05:00:00Z,10826.740796296295
2020-10-01T06:00:00Z,10824.371055555555
2020-10-01T07:00:00Z,10827.751407407406
2020-10-01T08:00:00Z,10848.319370370371
2020-10-01T09:00:00Z,10877.878287037036
2020-10-01T10:00:00Z,10896.058083333332
2020-10-01T11:00:00Z,10909.00938888889
2020-10-01T12:00:00Z,10910.440453703704
2020-10-01T13:00:00Z,10899.490925925926
2020-10-01T14:00:00Z,10883.695740740739
2020-10-01T15:00:00Z,10825.099203703705
2020-10-01T16:00:00Z,10694.125046296294
2020-10-01T17:00:00Z,10544.383009259258
2020-10-01T18:00:00Z,10462.647101851851
2020-10-01T19:00:00Z,10466.850805555558
2020-10-01T20:00:00Z,10519.73624074074
2020-10-01T21:00:00Z,10568.231361111111
2020-10-01T22:00:00Z,10597.008740740743
2020-10-01T23:00:00Z,10613.210240740742
2020-10-02T00:00:00Z,10615.12135185185
2020-10-02T01:00:00Z,10608.835546296295
2020-10-02T02:00:00Z,10601.048231481482
2020-10-02T03:00:00Z,10609.890962962963
2020-10-02T04:00:00Z,10611.431537037037
2020-10-02T05:00:00Z,10560.96348148148
2020-10-02T06:00:00Z,10507.836842592593
2020-10-02T07:00:00Z,10467.703601851854
2020-10-02T08:00:00Z,10444.303601851852
2020-10-02T09:00:00Z,10433.507962962964
2020-10-02T10:00:00Z,10432.353740740742
2020-10-02T11:00:00Z,10431.109555555557
2020-10-02T12:00:00Z,10446.782814814816
2020-10-02T13:00:00Z,10480.514175925924
2020-10-02T14:00:00Z,10514.921342592594
2020-10-02T15:00:00Z,10536.182962962963
2020-10-02T16:00:00Z,10551.075749999998
2020-10-02T17:00:00Z,10556.991712962963
2020-10-02T18:00:00Z,10561.723777777777
2020-10-02T19:00:00Z,10553.54000925926
2020-10-02T20:00:00Z,10546.500518518516
2020-10-02T21:00:00Z,10521.00010185185
2020-10-02T22:00:00Z,10518.33773148148
2020-10-02T23:00:00Z,10535.218546296297
2020-10-03T00:00:00Z,10553.953333333333
2020-10-03T01:00:00Z,10561.183870370369
2020-10-03T02:00:00Z,10557.1165
2020-10-03T03:00:00Z,10553.38238888889
2020-10-03T04:00:00Z,10554.921203703701
2020-10-03T05:00:00Z,10554.390231481482
2020-10-03T06:00:00Z,10547.041953703705
2020-10-03T07:00:00Z,10536.86125925926
2020-10-03T08:00:00Z,10523.50413888889
2020-10-03T09:00:00Z,10517.329425925926
2020-10-03T10:00:00Z,10523.849620370369
2020-10-03T11:00:00Z,10534.789574074075
2020-10-03T12:00:00Z,10543.30223148148
2020-10-03T13:00:00Z,10544.515055555556
2020-10-03T14:00:00Z,10543.4485
2020-10-03T15:00:00Z,10546.270027777779
2020-10-03T16:00:00Z,10561.318555555556
2020-10-03T17:00:00Z,10579.101574074075
2020-10-03T18:00:00Z,10590.984805555558
2020-10-03T19:00:00Z,10597.309074074075
2020-10-03T20:00:00Z,10593.143342592595
2020-10-03T21:00:00Z,10587.063759259261
2020-10-03T22:00:00Z,10576.943231481482
2020-10-03T23:00:00Z,10564.669564814816
2020-10-04T00:00:00Z,10554.16663888889
2020-10-04T01:00:00Z,10545.881768518519
2020-10-04T02:00:00Z,10545.030666666666
2020-10-04T03:00:00Z,10547.076009259259
2020-10-04T04:00:00Z,10555.971675925926
2020-10-04T05:00:00Z,10564.720129629628
2020-10-04T06:00:00Z,10587.102462962961
2020-10-04T07:00:00Z,10609.747435185183
2020-10-04T08:00:00Z,10621.28450925926
2020-10-04T09:00:00Z,10621.209324074074
2020-10-04T10:00:00Z,10609.030314814816
2020-10-04T11:00:00Z,10601.530453703703
2020-10-04T12:00:00Z,10600.21448148148
2020-10-04T13:00:00Z,10604.803138888887
2020-10-04T14:00:00Z,10609.014398148147
2020-10-04T15:00:00Z,10608.404240740738
2020-10-04T16:00:00Z,10606.296509259259
2020-10-04T17:00:00Z,10605.56434259259
2020-10-04T18:00:00Z,10614.916648148146
2020-10-04T19:00:00Z,10640.490064814816
2020-10-04T20:00:00Z,10660.41390740741
2020-10-04T21:00:00Z,10669.802981481482
2020-10-04T22:00:00Z,10671.580916666666
2020-10-04T23:00:00Z,10672.829537037038
2020-10-05T00:00:00Z,10686.274750000002
2020-10-05T01:00:00Z,10700.177287037035
2020-10-05T02:00:00Z,10714.613851851851
2020-10-05T03:00:00Z,10711.134037037036
2020-10-05T04:00:00Z,10693.42986111111
2020-10-05T05:00:00Z,10678.686851851851
2020-10-05T06:00:00Z,10661.289666666666
2020-10-05T07:00:00Z,10663.587342592591
2020-10-05T08:00:00Z,10669.748212962962
2020-10-05T09:00:00Z,10677.982305555557
2020-10-05T10:00:00Z,10683.043361111111
2020-10-05T11:00:00Z,10680.577500000001
2020-10-05T12:00:00Z,10683.114509259258
2020-10-05T13:00:00Z,10698.84898148148
2020-10-05T14:00:00Z,10719.373462962962
2020-10-05T15:00:00Z,10735.40638888889
2020-10-05T16:00:00Z,10747.668212962964
2020-10-05T17:00:00Z,10738.866074074076
2020-10-05T18:00:00Z,10726.861379629629
2020-10-05T19:00:00Z,10722.264277777775
2020-10-05T20:00:00Z,10727.979916666665
2020-10-05T21:00:00Z,10738.383870370371
2020-10-05T22:00:00Z,10749.186925925927
2020-10-05T23:00:00Z,10769.174824074076
2020-10-06T00:00:00Z,10779.430703703705
2020-10-06T01:00:00Z,10783.409361111113
2020-10-06T02:00:00Z,10779.453398148149
2020-10-06T03:00:00Z,10774.115444444446
2020-10-06T04:00:00Z,10771.021
2020-10-06T05:00:00Z,10764.88362037037
2020-10-06T06:00:00Z,10756.437203703705
2020-10-06T07:00:00Z,10738.865814814815
2020-10-06T08:00:00Z,10728.49398148148
2020-10-06T09:00:00Z,10727.964416666668
2020-10-06T10:00:00Z,10723.512231481482
2020-10-06T11:00:00Z,10712.433342592594
2020-10-06T12:00:00Z,10700.104666666668
2020-10-06T13:00:00Z,10685.689435185186
2020-10-06T14:00:00Z,10674.33853703704
2020-10-06T15:00:00Z,10685.174500000001
2020-10-06T16:00:00Z,10704.946120370369
2020-10-06T17:00:00Z,10720.774703703704
2020-10-06T18:00:00Z,10693.09975
2020-10-06T19:00:00Z,10635.60513888889
2020-10-06T20:00:00Z,10570.43126851852
2020-10-06T21:00:00Z,10532.544388888891
2020-10-06T22:00:00Z,10530.50365740741
2020-10-06T23:00:00Z,10553.709638888888
2020-10-07T00:00:00Z,10579.441166666667
2020-10-07T01:00:00Z,10593.272703703702
2020-10-07T02:00:00Z,10599.334407407407
2020-10-07T03:00:00Z,10594.553027777774
2020-10-07T04:00:00Z,10591.777277777775
2020-10-07T05:00:00Z,10596.844703703702
2020-10-07T06:00:00Z,10609.92376851852
2020-10-07T07:00:00Z,10622.205944444446
2020-10-07T08:00:00Z,10627.25012962963
2020-10-07T09:00:00Z,10618.98511111111
2020-10-07T10:00:00Z,10608.332518518515
2020-10-07T11:00:00Z,10602.072157407407
2020-10-07T12:00:00Z,10607.991500000002
2020-10-07T13:00:00Z,10615.836101851855
2020-10-07T14:00:00Z,10625.79462962963
2020-10-07T15:00:00Z,10632.11164814815
2020-10-07T16:00:00Z,10634.239842592593
2020-10-07T17:00:00Z,10636.596712962964
2020-10-07T18:00:00Z,10645.000972222224
2020-10-07T19:00:00Z,10653.73663888889
2020-10-07T20:00:00Z,10662.271555555555
2020-10-07T21:00:00Z,10667.718222222222
2020-10-07T22:00:00Z,10668.141092592594
2020-10-07T23:00:00Z,10669.384037037036
2020-10-08T00:00:00Z,10663.416537037037
2020-10-08T01:00:00Z,10654.910055555554
2020-10-08T02:00:00Z,10646.699648148146
2020-10-08T03:00:00Z,10642.538916666665
2020-10-08T04:00:00Z,10639.18899074074
2020-10-08T05:00:00Z,10630.372768518519
2020-10-08T06:00:00Z,10623.047731481482
2020-10-08T07:00:00Z,10608.088629629628
2020-10-08T08:00:00Z,10584.65375
2020-10-08T09:00:00Z,10563.412157407407
2020-10-08T10:00:00Z,10564.590342592594
2020-10-08T11:00:00Z,10580.052768518517
2020-10-08T12:00:00Z,10606.851
2020-10-08T13:00:00Z,10660.25238888889
2020-10-08T14:00:00Z,10768.855768518517
2020-10-08T15:00:00Z,10879.204055555556
2020-10-08T16:00:00Z,10964.417879629627
2020-10-08T17:00:00Z,10987.951648148148
2020-10-08T18:00:00Z,10965.996277777775
2020-10-08T19:00:00Z,10932.631759259259
2020-10-08T20:00:00Z,10907.963425925924
2020-10-08T21:00:00Z,10894.049916666663
2020-10-08T22:00:00Z,10892.858324074072
2020-10-08T23:00:00Z,10905.681416666665
2020-10-09T00:00:00Z,10907.605166666666
2020-10-09T01:00:00Z,10907.350185185185
2020-10-09T02:00:00Z,10904.425583333332
2020-10-09T03:00:00Z,10899.690037037037
2020-10-09T04:00:00Z,10892.247111111112
2020-10-09T05:00:00Z,10880.961953703705
2020-10-09T06:00:00Z,10865.658953703705
2020-10-09T07:00:00Z,10865.10937037037
2020-10-09T08:00:00Z,10876.00410185185
2020-10-09T09:00:00Z,10885.234583333333
2020-10-09T10:00:00Z,10922.282833333331
2020-10-09T11:00:00Z,10983.394925925924
2020-10-09T12:00:00Z,11051.383703703701
2020-10-09T13:00:00Z,11103.332185185185
2020-10-09T14:00:00Z,11122.780787037036
2020-10-09T15:00:00Z,11125.390666666664
2020-10-09T16:00:00Z,11108.878416666665
2020-10-09T17:00:00Z,11090.95088888889
2020-10-09T18:00:00Z,11071.963129629628
2020-10-09T19:00:00Z,11055.350629629627
2020-10-09T20:00:00Z,11043.52741666667
2020-10-09T21:00:00Z,11041.899379629629
2020-10-09T22:00:00Z,11054.511462962962
2020-10-09T23:00:00Z,11063.650962962964
2020-10-10T00:00:00Z,11075.921472222224
2020-10-10T01:00:00Z,11088.17274074074
2020-10-10T02:00:00Z,11186.908638888888
2020-10-10T03:00:00Z,11320.68298148148
2020-10-10T04:00:00Z,11436.150111111108
2020-10-10T05:00:00Z,11486.627222222223
2020-10-10T06:00:00Z,11471.372925925927
2020-10-10T07:00:00Z,11437.534805555557
2020-10-10T08:00:00Z,11406.912759259261
2020-10-10T09:00:00Z,11372.109740740741
2020-10-10T10:00:00Z,11339.865509259258
2020-10-10T11:00:00Z,11317.038685185187
2020-10-10T12:00:00Z,11314.580703703707
2020-10-10T13:00:00Z,11327.541074074077
2020-10-10T14:00:00Z,11346.124787037037
2020-10-10T15:00:00Z,11358.14012037037
2020-10-10T16:00:00Z,11357.44266666667
2020-10-10T17:00:00Z,11356.543944444444
2020-10-10T18:00:00Z,11360.327407407405
2020-10-10T19:00:00Z,11364.90437962963
2020-10-10T20:00:00Z,11369.797981481483
2020-10-10T21:00:00Z,11375.173611111111
2020-10-10T22:00:00Z,11373.204296296297
2020-10-10T23:00:00Z,11350.891407407407
2020-10-11T00:00:00Z,11323.590453703704
2020-10-11T01:00:00Z,11321.463833333335
2020-10-11T02:00:00Z,11333.563157407409
2020-10-11T03:00:00Z,11344.646435185185
2020-10-11T04:00:00Z,11341.641425925927
2020-10-11T05:00:00Z,11336.273416666669
2020-10-11T06:00:00Z,11340.275574074074
2020-10-11T07:00:00Z,11349.608629629627
2020-10-11T08:00:00Z,11355.840259259261
2020-10-11T09:00:00Z,11358.02888888889
2020-10-11T10:00:00Z,11368.801981481482
2020-10-11T11:00:00Z,11377.784666666666
2020-10-11T12:00:00Z,11379.83438888889
2020-10-11T13:00:00Z,11378.276842592595
2020-10-11T14:00:00Z,11377.790629629633
2020-10-11T15:00:00Z,11388.520398148148
2020-10-11T16:00:00Z,11398.768824074075
2020-10-11T17:00:00Z,11413.227462962963
2020-10-11T18:00:00Z,11421.095574074076
2020-10-11T19:00:00Z,11401.421500000002
2020-10-11T20:00:00Z,11368.94112962963
2020-10-11T21:00:00Z,11334.36260185185
2020-10-11T22:00:00Z,11322.660555555552
2020-10-11T23:00:00Z,11334.42872222222
2020-10-12T00:00:00Z,11358.905907407408
2020-10-12T01:00:00Z,11385.570601851854
2020-10-12T02:00:00Z,11404.730037037036
2020-10-12T03:00:00Z,11410.399416666667
2020-10-12T04:00:00Z,11406.262425925926
2020-10-12T05:00:00Z,11401.922509259259
2020-10-12T06:00:00Z,11382.887361111112
2020-10-12T07:00:00Z,11370.758814814813
2020-10-12T08:00:00Z,11360.802537037036
2020-10-12T09:00:00Z,11355.593805555554
2020-10-12T10:00:00Z,11326.863305555555
2020-10-12T11:00:00Z,11283.516324074075
2020-10-12T12:00:00Z,11257.105935185185
2020-10-12T13:00:00Z,11312.590861111114
2020-10-12T14:00:00Z,11402.65148148148
2020-10-12T15:00:00Z,11505.704203703703
2020-10-12T16:00:00Z,11578.722759259259
2020-10-12T17:00:00Z,11612.006925925925
2020-10-12T18:00:00Z,11615.833546296295
2020-10-12T19:00:00Z,11600.821916666668
2020-10-12T20:00:00Z,11585.892620370372
2020-10-12T21:00:00Z,11613.368111111113
2020-10-12T22:00:00Z,11652.970722222222
2020-10-12T23:00:00Z,11647.173675925927
2020-10-13T00:00:00Z,11593.964018518518
2020-10-13T01:00:00Z,11529.442092592593
2020-10-13T02:00:00Z,11481.33537962963
2020-10-13T03:00:00Z,11452.694842592593
2020-10-13T04:00:00Z,11447.374981481486
2020-10-13T05:00:00Z,11462.166453703705
2020-10-13T06:00:00Z,11477.813342592597
2020-10-13T07:00:00Z,11480.06976851852
2020-10-13T08:00:00Z,11481.612518518517
2020-10-13T09:00:00Z,11477.607148148147
2020-10-13T10:00:00Z,11489.927370370371
2020-10-13T11:00:00Z,11499.564046296297
2020-10-13T12:00:00Z,11490.407537037034
2020-10-13T13:00:00Z,11441.88123148148
2020-10-13T14:00:00Z,11392.988166666668
2020-10-13T15:00:00Z,11362.671351851852
2020-10-13T16:00:00Z,11360.058222222222
2020-10-13T17:00:00Z,11362.67990740741
2020-10-13T18:00:00Z,11368.655157407411
2020-10-13T19:00:00Z,11375.990157407408
2020-10-13T20:00:00Z,11396.945175925926
2020-10-13T21:00:00Z,11427.331509259262
2020-10-13T22:00:00Z,11450.838425925927
2020-10-13T23:00:00Z,11457.486342592594
2020-10-14T00:00:00Z,11467.28364814815
2020-10-14T01:00:00Z,11469.883203703705
2020-10-14T02:00:00Z,11462.29677777778
2020-10-14T03:00:00Z,11438.286666666665
2020-10-14T04:00:00Z,11410.468555555555
2020-10-14T05:00:00Z,11396.006435185183
2020-10-14T06:00:00Z,11399.638268518518
2020-10-14T07:00:00Z,11409.810870370371
2020-10-14T08:00:00Z,11426.686351851851
2020-10-14T09:00:00Z,11433.546814814816
2020-10-14T10:00:00Z,11422.15839814815
2020-10-14T11:00:00Z,11399.308740740742
2020-10-14T12:00:00Z,11387.874518518518
2020-10-14T13:00:00Z,11426.703916666665
2020-10-14T14:00:00Z,11445.279407407405
2020-10-14T15:00:00Z,11421.003685185184
2020-10-14T16:00:00Z,11376.115046296296
2020-10-14T17:00:00Z,11336.551361111111
2020-10-14T18:00:00Z,11320.693472222227
2020-10-14T19:00:00Z,11323.393185185187
2020-10-14T20:00:00Z,11345.025759259259
2020-10-14T21:00:00Z,11367.916759259257
2020-10-14T22:00:00Z,11392.526453703702
2020-10-14T23:00:00Z,11416.503842592594
2020-10-15T00:00:00Z,11425.643935185186
2020-10-15T01:00:00Z,11422.836537037036
2020-10-15T02:00:00Z,11405.128444444446
2020-10-15T03:00:00Z,11388.288111111111
2020-10-15T04:00:00Z,11383.330509259258
2020-10-15T05:00:00Z,11391.075888888889
2020-10-15T06:00:00Z,11401.677814814815
2020-10-15T07:00:00Z,11408.95025
2020-10-15T08:00:00Z,11393.876425925926
2020-10-15T09:00:00Z,11357.882962962962
2020-10-15T10:00:00Z,11326.842814814816
2020-10-15T11:00:00Z,11305.31050925926
2020-10-15T12:00:00Z,11318.118601851855
2020-10-15T13:00:00Z,11355.419851851853
2020-10-15T14:00:00Z,11390.092499999999
2020-10-15T15:00:00Z,11414.481916666666
2020-10-15T16:00:00Z,11417.921037037037
2020-10-15T17:00:00Z,11434.955796296299
2020-10-15T18:00:00Z,11459.936620370374
2020-10-15T19:00:00Z,11500.923231481482
2020-10-15T20:00:00Z,11540.47716666667
2020-10-15T21:00:00Z,11554.6395
2020-10-15T22:00:00Z,11542.835564814814
2020-10-15T23:00:00Z,11523.453833333333
2020-10-16T00:00:00Z,11510.975268518518
2020-10-16T01:00:00Z,11515.671666666667
2020-10-16T02:00:00Z,11525.478055555554
2020-10-16T03:00:00Z,11529.224083333334
2020-10-16T04:00:00Z,11455.78089814815
2020-10-16T05:00:00Z,11374.521935185185
2020-10-16T06:00:00Z,11309.672166666669
2020-10-16T07:00:00Z,11279.2835
2020-10-16T08:00:00Z,11276.224499999997
2020-10-16T09:00:00Z,11264.029185185185
2020-10-16T10:00:00Z,11265.344537037034
2020-10-16T11:00:00Z,11294.3865
2020-10-16T12:00:00Z,11337.705546296298
2020-10-16T13:00:00Z,11370.301481481483
2020-10-16T14:00:00Z,11374.90130555556
2020-10-16T15:00:00Z,11361.999324074079
2020-10-16T16:00:00Z,11350.210157407411
2020-10-16T17:00:00Z,11343.156527777779
2020-10-16T18:00:00Z,11350.887083333335
2020-10-16T19:00:00Z,11348.647740740742
2020-10-16T20:00:00Z,11338.262277777778
2020-10-16T21:00:00Z,11331.86975925926
2020-10-16T22:00:00Z,11335.027
2020-10-16T23:00:00Z,11336.369185185185
2020-10-17T00:00:00Z,11327.868231481481
2020-10-17T01:00:00Z,11323.778444444446
2020-10-17T02:00:00Z,11329.059444444443
2020-10-17T03:00:00Z,11346.792814814815
2020-10-17T04:00:00Z,11361.28825
2020-10-17T05:00:00Z,11369.11773148148
2020-10-17T06:00:00Z,11368.814388888888
2020-10-17T07:00:00Z,11364.371981481483
2020-10-17T08:00:00Z,11351.266712962964
2020-10-17T09:00:00Z,11340.729657407412
2020-10-17T10:00:00Z,11339.675324074075
2020-10-17T11:00:00Z,11343.372712962964
2020-10-17T12:00:00Z,11351.055435185184
2020-10-17T13:00:00Z,11348.487722222222
2020-10-17T14:00:00Z,11350.261250000001
2020-10-17T15:00:00Z,11348.972648148148
2020-10-17T16:00:00Z,11343.608805555557
2020-10-17T17:00:00Z,11341.061083333334
2020-10-17T18:00:00Z,11342.042777777775
2020-10-17T19:00:00Z,11345.533962962962
2020-10-17T20:00:00Z,11350.721296296295
2020-10-17T21:00:00Z,11352.870231481482
2020-10-17T22:00:00Z,11352.206379629628
2020-10-17T23:00:00Z,11356.080138888889
2020-10-18T00:00:00Z,11365.661092592592
2020-10-18T01:00:00Z,11383.15337037037
2020-10-18T02:00:00Z,11394.680296296296
2020-10-18T03:00:00Z,11396.417249999999
2020-10-18T04:00:00Z,11390.970657407408
2020-10-18T05:00:00Z,11390.179018518518
2020-10-18T06:00:00Z,11410.39837037037
2020-10-18T07:00:00Z,11439.671083333335
2020-10-18T08:00:00Z,11458.453101851852
2020-10-18T09:00:00Z,11453.552685185185
2020-10-18T10:00:00Z,11440.138787037036
2020-10-18T11:00:00Z,11428.787324074074
2020-10-18T12:00:00Z,11423.636657407407
2020-10-18T13:00:00Z,11429.865055555556
2020-10-18T14:00:00Z,11438.04534259259
2020-10-18T15:00:00Z,11449.25484259259
2020-10-18T16:00:00Z,11461.745444444445
2020-10-18T17:00:00Z,11472.742527777778
2020-10-18T18:00:00Z,11473.936861111111
2020-10-18T19:00:00Z,11465.475305555554
2020-10-18T20:00:00Z,11454.431453703706
2020-10-18T21:00:00Z,11451.651055555558
2020-10-18T22:00:00Z,11457.192509259263
2020-10-18T23:00:00Z,11478.680657407409
2020-10-19T00:00:00Z,11492.657055555557
2020-10-19T01:00:00Z,11493.931712962964
2020-10-19T02:00:00Z,11484.830620370369
2020-10-19T03:00:00Z,11460.881675925926
2020-10-19T04:00:00Z,11443.105268518519
2020-10-19T05:00:00Z,11434.325666666666
2020-10-19T06:00:00Z,11437.875064814814
2020-10-19T07:00:00Z,11450.068916666669
2020-10-19T08:00:00Z,11462.970805555558
2020-10-19T09:00:00Z,11477.650851851851
2020-10-19T10:00:00Z,11487.147361111112
2020-10-19T11:00:00Z,11493.353500000003
2020-10-19T12:00:00Z,11505.634712962963
2020-10-19T13:00:00Z,11558.250666666665
2020-10-19T14:00:00Z,11625.636703703703
2020-10-19T15:00:00Z,11726.313629629629
2020-10-19T16:00:00Z,11801.647620370371
2020-10-19T17:00:00Z,11826.289462962965
2020-10-19T18:00:00Z,11793.967944444446
2020-10-19T19:00:00Z,11742.688240740745
2020-10-19T20:00:00Z,11714.462453703707
2020-10-19T21:00:00Z,11719.339648148147
2020-10-19T22:00:00Z,11737.110814814818
2020-10-19T23:00:00Z,11755.636555555559
2020-10-20T00:00:00Z,11758.179805555556
2020-10-20T01:00:00Z,11740.62903703704
2020-10-20T02:00:00Z,11725.844638888893
2020-10-20T03:00:00Z,11722.972796296299
2020-10-20T04:00:00Z,11726.170703703705
2020-10-20T05:00:00Z,11741.578833333333
2020-10-20T06:00:00Z,11766.434527777776
2020-10-20T07:00:00Z,11774.953092592594
2020-10-20T08:00:00Z,11772.095064814814
2020-10-20T09:00:00Z,11775.8765
2020-10-20T10:00:00Z,11798.958629629627
2020-10-20T11:00:00Z,11811.268990740742
2020-10-20T12:00:00Z,11841.817916666669
2020-10-20T13:00:00Z,11887.13650925926
2020-10-20T14:00:00Z,11930.510083333333
2020-10-20T15:00:00Z,11961.014194444442
2020-10-20T16:00:00Z,11982.419453703702
2020-10-20T17:00:00Z,11992.93350925926
2020-10-20T18:00:00Z,11996.64125
2020-10-20T19:00:00Z,11981.582629629629
2020-10-20T20:00:00Z,11952.673370370372
2020-10-20T21:00:00Z,11929.890814814818
2020-10-20T22:00:00Z,11929.396324074072
2020-10-20T23:00:00Z,11931.290944444443
2020-10-21T00:00:00Z,11952.769787037038
2020-10-21T01:00:00Z,11981.076787037038
2020-10-21T02:00:00Z,12044.770518518519
2020-10-21T03:00:00Z,12132.836046296296
2020-10-21T04:00:00Z,12236.251546296297
2020-10-21T05:00:00Z,12304.96561111111
2020-10-21T06:00:00Z,12329.168555555554
2020-10-21T07:00:00Z,12303.686194444444
2020-10-21T08:00:00Z,12246.820814814811
2020-10-21T09:00:00Z,12205.205851851852
2020-10-21T10:00:00Z,12192.807231481478
2020-10-21T11:00:00Z,12237.450203703702
2020-10-21T12:00:00Z,12326.385462962964
2020-10-21T13:00:00Z,12432.502138888887
2020-10-21T14:00:00Z,12591.194703703703
2020-10-21T15:00:00Z,12736.703981481483
2020-10-21T16:00:00Z,12862.285212962963
2020-10-21T17:00:00Z,12915.716972222222
2020-10-21T18:00:00Z,12908.650574074074
2020-10-21T19:00:00Z,12846.082435185184
2020-10-21T20:00:00Z,12816.19174074074
2020-10-21T21:00:00Z,12845.905824074076
2020-10-21T22:00:00Z,12991.919287037037
2020-10-21T23:00:00Z,13039.593462962963
2020-10-22T00:00:00Z,13030.335638888888
2020-10-22T01:00:00Z,12961.957814814814
2020-10-22T02:00:00Z,12876.098259259257
2020-10-22T03:00:00Z,12795.667953703703
2020-10-22T04:00:00Z,12738.76574074074
2020-10-22T05:00:00Z,12718.280287037036
2020-10-22T06:00:00Z,12739.4355
2020-10-22T07:00:00Z,12763.601361111112
2020-10-22T08:00:00Z,12791.416601851852
2020-10-22T09:00:00Z,12830.451055555555
2020-10-22T10:00:00Z,12894.534972222222
2020-10-22T11:00:00Z,12962.390648148148
2020-10-22T12:00:00Z,12974.88411111111
2020-10-22T13:00:00Z,12968.086333333335
2020-10-22T14:00:00Z,12953.430564814815
2020-10-22T15:00:00Z,12950.14918518519
2020-10-22T16:00:00Z,12989.915055555559
2020-10-22T17:00:00Z,13040.780453703706
2020-10-22T18:00:00Z,13081.401351851855
2020-10-22T19:00:00Z,13108.174101851857
2020-10-22T20:00:00Z,13127.703851851855
2020-10-22T21:00:00Z,13150.20064814815
2020-10-22T22:00:00Z,13130.876518518518
2020-10-22T23:00:00Z,13075.952333333333
2020-10-23T00:00:00Z,12995.33139814815
2020-10-23T01:00:00Z,12925.004898148147
2020-10-23T02:00:00Z,12910.66894444444
2020-10-23T03:00:00Z,12927.32786111111
2020-10-23T04:00:00Z,12943.67398148148
2020-10-23T05:00:00Z,12964.504287037038
2020-10-23T06:00:00Z,12948.24396296296
2020-10-23T07:00:00Z,12918.171962962964
2020-10-23T08:00:00Z,12899.617351851848
2020-10-23T09:00:00Z,12905.62169444444
2020-10-23T10:00:00Z,12950.175870370369
2020-10-23T11:00:00Z,12986.15461111111
2020-10-23T12:00:00Z,13004.593342592592
2020-10-23T13:00:00Z,12998.317518518517
2020-10-23T14:00:00Z,12977.299268518518
2020-10-23T15:00:00Z,12953.27387037037
2020-10-23T16:00:00Z,12893.108333333332
2020-10-23T17:00:00Z,12827.533944444445
2020-10-23T18:00:00Z,12797.41650925926
2020-10-23T19:00:00Z,12823.036601851849
2020-10-23T20:00:00Z,12880.791055555552
2020-10-23T21:00:00Z,12927.022648148146
2020-10-23T22:00:00Z,12955.512703703702
2020-10-23T23:00:00Z,12962.734240740743
2020-10-24T00:00:00Z,12955.673175925927
2020-10-24T01:00:00Z,12958.520444444444
2020-10-24T02:00:00Z,12973.448824074074
2020-10-24T03:00:00Z,12989.329888888888
2020-10-24T04:00:00Z,12998.191796296296
2020-10-24T05:00:00Z,12997.325370370372
2020-10-24T06:00:00Z,12988.005222222224
2020-10-24T07:00:00Z,12968.20403703704
2020-10-24T08:00:00Z,12950.484574074077
2020-10-24T09:00:00Z,12944.648740740746
2020-10-24T10:00:00Z,12957.646481481483
2020-10-24T11:00:00Z,12982.334648148148
2020-10-24T12:00:00Z,13000.358953703704
2020-10-24T13:00:00Z,13010.351324074078
2020-10-24T14:00:00Z,13030.178055555558
2020-10-24T15:00:00Z,13061.054796296297
2020-10-24T16:00:00Z,13094.026500000002
2020-10-24T17:00:00Z,13128.004268518518
2020-10-24T18:00:00Z,13146.154870370368
2020-10-24T19:00:00Z,13153.903564814813
2020-10-24T20:00:00Z,13148.11509259259
2020-10-24T21:00:00Z,13126.306361111112
2020-10-24T22:00:00Z,13101.787425925928
2020-10-24T23:00:00Z,13095.773564814817
2020-10-25T00:00:00Z,13110.48314814815
2020-10-25T01:00:00Z,13134.939000000004
2020-10-25T02:00:00Z,13151.916601851854
2020-10-25T03:00:00Z,13207.174259259258
2020-10-25T04:00:00Z,13275.458231481482
2020-10-25T05:00:00Z,13231.018120370374
2020-10-25T06:00:00Z,13136.940712962967
2020-10-25T07:00:00Z,13039.990916666668
2020-10-25T08:00:00Z,12988.220833333335
2020-10-25T09:00:00Z,12976.114731481483
2020-10-25T10:00:00Z,12975.304287037035
2020-10-25T11:00:00Z,12967.888277777778
2020-10-25T12:00:00Z,12964.87286111111
2020-10-25T13:00:00Z,12972.001703703703
2020-10-25T14:00:00Z,12983.24211111111
2020-10-25T15:00:00Z,12982.157249999998
2020-10-25T16:00:00Z,12987.561064814814
2020-10-25T17:00:00Z,12999.96823148148
2020-10-25T18:00:00Z,13009.165092592593
2020-10-25T19:00:00Z,13028.55665740741
2020-10-25T20:00:00Z,13041.419203703705
2020-10-25T21:00:00Z,13051.840833333335
2020-10-25T22:00:00Z,13049.414249999996
2020-10-25T23:00:00Z,13045.218916666665
2020-10-26T00:00:00Z,13047.64398148148
2020-10-26T01:00:00Z,13061.125629629629
2020-10-26T02:00:00Z,13082.502629629627
2020-10-26T03:00:00Z,13103.586518518516
2020-10-26T04:00:00Z,13120.765564814814
2020-10-26T05:00:00Z,13127.013018518517
2020-10-26T06:00:00Z,13119.346731481482
2020-10-26T07:00:00Z,13091.263648148151
2020-10-26T08:00:00Z,13065.81912962963
2020-10-26T09:00:00Z,13061.185111111112
2020-10-26T10:00:00Z,13077.552138888888
2020-10-26T11:00:00Z,13112.182175925924
2020-10-26T12:00:00Z,13142.99758333333
2020-10-26T13:00:00Z,13184.128314814812
2020-10-26T14:00:00Z,13209.38697222222
2020-10-26T15:00:00Z,13160.612620370373
2020-10-26T16:00:00Z,13037.07601851852
2020-10-26T17:00:00Z,12910.342314814814
2020-10-26T18:00:00Z,12855.37699074074
2020-10-26T19:00:00Z,12882.506444444443
2020-10-26T20:00:00Z,12947.408351851853
2020-10-26T21:00:00Z,13010.221629629632
2020-10-26T22:00:00Z,13053.986212962967
2020-10-26T23:00:00Z,13080.367703703707
2020-10-27T00:00:00Z,13101.88321296296
2020-10-27T01:00:00Z,13115.026351851848
2020-10-27T02:00:00Z,13114.86601851852
2020-10-27T03:00:00Z,13109.61038888889
2020-10-27T04:00:00Z,13114.652175925927
2020-10-27T05:00:00Z,13115.405861111112
2020-10-27T06:00:00Z,13116.275314814817
2020-10-27T07:00:00Z,13128.703583333334
2020-10-27T08:00:00Z,13144.786777777777
2020-10-27T09:00:00Z,13159.1785
2020-10-27T10:00:00Z,13200.66225925926
2020-10-27T11:00:00Z,13302.92772222222
2020-10-27T12:00:00Z,13400.40987962963
2020-10-27T13:00:00Z,13464.824898148145
2020-10-27T14:00:00Z,13482.296490740739
2020-10-27T15:00:00Z,13530.405175925926
2020-10-27T16:00:00Z,13608.392712962965
2020-10-27T17:00:00Z,13696.129898148147
2020-10-27T18:00:00Z,13742.105861111113
2020-10-27T19:00:00Z,13747.491129629632
2020-10-27T20:00:00Z,13714.93987962963
2020-10-27T21:00:00Z,13699.308953703707
2020-10-27T22:00:00Z,13710.451148148148
2020-10-27T23:00:00Z,13711.220000000001
2020-10-28T00:00:00Z,13718.693111111112
2020-10-28T01:00:00Z,13723.289333333334
2020-10-28T02:00:00Z,13766.03176851852
2020-10-28T03:00:00Z,13805.25637962963
2020-10-28T04:00:00Z,13816.794981481484
2020-10-28T05:00:00Z,13795.80976851852
2020-10-28T06:00:00Z,13756.927027777778
2020-10-28T07:00:00Z,13710.876462962959
2020-10-28T08:00:00Z,13680.550185185182
2020-10-28T09:00:00Z,13642.65647222222
2020-10-28T10:00:00Z,13597.110870370372
2020-10-28T11:00:00Z,13486.563953703706
2020-10-28T12:00:00Z,13355.552009259258
2020-10-28T13:00:00Z,13199.174731481486
2020-10-28T14:00:00Z,13064.611814814814
2020-10-28T15:00:00Z,13032.662064814815
2020-10-28T16:00:00Z,13050.11259259259
2020-10-28T17:00:00Z,13103.68421296296
2020-10-28T18:00:00Z,13159.787157407403
2020-10-28T19:00:00Z,13188.181157407407
2020-10-28T20:00:00Z,13207.035166666667
2020-10-28T21:00:00Z,13214.195148148146
2020-10-28T22:00:00Z,13236.046657407409
2020-10-28T23:00:00Z,13265.652981481484
2020-10-29T00:00:00Z,13285.656861111114
2020-10-29T01:00:00Z,13299.522194444444
2020-10-29T02:00:00Z,13291.680129629627
2020-10-29T03:00:00Z,13285.847777777779
2020-10-29T04:00:00Z,13272.687768518517
2020-10-29T05:00:00Z,13273.770129629629
2020-10-29T06:00:00Z,13278.724962962964
2020-10-29T07:00:00Z,13242.574462962964
2020-10-29T08:00:00Z,13186.076435185185
2020-10-29T09:00:00Z,13151.900472222222
2020-10-29T10:00:00Z,13120.989796296295
2020-10-29T11:00:00Z,13089.506972222225
2020-10-29T12:00:00Z,13082.039111111111
2020-10-29T13:00:00Z,13123.03126851852
2020-10-29T14:00:00Z,13248.43125
2020-10-29T15:00:00Z,13389.398805555555
2020-10-29T16:00:00Z,13526.326537037035
2020-10-29T17:00:00Z,13625.178027777774
2020-10-29T18:00:00Z,13667.573518518517
2020-10-29T19:00:00Z,13647.06283333333
2020-10-29T20:00:00Z,13589.068268518517
2020-10-29T21:00:00Z,13541.465527777777
2020-10-29T22:00:00Z,13483.688361111112
2020-10-29T23:00:00Z,13451.209583333335
2020-10-30T00:00:00Z,13476.72376851852
2020-10-30T01:00:00Z,13526.337203703704
2020-10-30T02:00:00Z,13544.02764814815
2020-10-30T03:00:00Z,13517.397351851854
2020-10-30T04:00:00Z,13467.229129629632
2020-10-30T05:00:00Z,13352.96687037037
2020-10-30T06:00:00Z,13243.13634259259
2020-10-30T07:00:00Z,13163.318833333331
2020-10-30T08:00:00Z,13147.09662962963
2020-10-30T09:00:00Z,13186.671638888889
2020-10-30T10:00:00Z,13246.692398148147
2020-10-30T11:00:00Z,13313.157833333331
2020-10-30T12:00:00Z,13356.903953703702
2020-10-30T13:00:00Z,13357.49300925926
2020-10-30T14:00:00Z,13357.253361111114
2020-10-30T15:00:00Z,13417.522092592597
2020-10-30T16:00:00Z,13500.471361111113
2020-10-30T17:00:00Z,13571.90227777778
2020-10-30T18:00:00Z,13603.52263888889
2020-10-30T19:00:00Z,13603.929675925925
2020-10-30T20:00:00Z,13618.997425925927
2020-10-30T21:00:00Z,13618.780453703703
2020-10-30T22:00:00Z,13610.77875925926
2020-10-30T23:00:00Z,13593.662074074076
2020-10-31T00:00:00Z,13595.98188888889
2020-10-31T01:00:00Z,13617.645675925925
2020-10-31T02:00:00Z,13634.61951851852
2020-10-31T03:00:00Z,13605.978185185182
2020-10-31T04:00:00Z,13560.007814814815
2020-10-31T05:00:00Z,13509.092481481484
2020-10-31T06:00:00Z,13513.767453703704
2020-10-31T07:00:00Z,13545.650435185184
2020-10-31T08:00:00Z,13628.891055555556
2020-10-31T09:00:00Z,13762.255351851853
2020-10-31T10:00:00Z,13862.400120370372
2020-10-31T11:00:00Z,13949.93087962963
2020-10-31T12:00:00Z,13979.352768518518
2020-10-31T13:00:00Z,13967.399944444449
2020-10-31T14:00:00Z,13919.418731481483
2020-10-31T15:00:00Z,13876.596740740739
2020-10-31T16:00:00Z,13844.343101851851
2020-10-31T17:00:00Z,13814.89634259259
2020-10-31T18:00:00Z,13774.397111111111
2020-10-31T19:00:00Z,13753.564046296297
2020-10-31T20:00:00Z,13770.919129629632
2020-10-31T21:00:00Z,13810.45298148148
2020-10-31T22:00:00Z,13856.963481481484
2020-10-31T23:00:00Z,13866.875546296296
2020-11-01T00:00:00Z,13830.303666666667
2020-11-01T01:00:00Z,13787.029925925926
2020-11-01T02:00:00Z,13743.155250000002
2020-11-01T03:00:00Z,13709.023842592595
2020-11-01T04:00:00Z,13684.221861111111
2020-11-01T05:00:00Z,13676.459916666667
2020-11-01T06:00:00Z,13688.811907407411
2020-11-01T07:00:00Z,13731.919268518517
2020-11-01T08:00:00Z,13768.280611111113
2020-11-01T09:00:00Z,13766.627694444445
2020-11-01T10:00:00Z,13752.113435185185
2020-11-01T11:00:00Z,13728.938305555557
2020-11-01T12:00:00Z,13732.566601851851
2020-11-01T13:00:00Z,13759.159898148146
2020-11-01T14:00:00Z,13792.420787037036
2020-11-01T15:00:00Z,13819.660212962961
2020-11-01T16:00:00Z,13831.464712962965
2020-11-01T17:00:00Z,13835.653648148147
2020-11-01T18:00:00Z,13830.713509259256
2020-11-01T19:00:00Z,13819.897861111109
2020-11-01T20:00:00Z,13817.150546296296
2020-11-01T21:00:00Z,13818.260583333335
2020-11-01T22:00:00Z,13788.105583333332
2020-11-01T23:00:00Z,13761.933425925925
2020-11-02T00:00:00Z,13761.021222222224
2020-11-02T01:00:00Z,13765.85817592593
2020-11-02T02:00:00Z,13763.497444444447
2020-11-02T03:00:00Z,13741.941203703704
2020-11-02T04:00:00Z,13715.356962962964
2020-11-02T05:00:00Z,13695.563203703701
2020-11-02T06:00:00Z,13700.08336111111
2020-11-02T07:00:00Z,13718.75312962963
2020-11-02T08:00:00Z,13653.255537037037
2020-11-02T09:00:00Z,13586.621370370369
2020-11-02T10:00:00Z,13512.532444444441
2020-11-02T11:00:00Z,13444.220972222223
2020-11-02T12:00:00Z,13366.547972222223
2020-11-02T13:00:00Z,13323.791287037036
2020-11-02T14:00:00Z,13343.243805555554
2020-11-02T15:00:00Z,13408.225296296296
2020-11-02T16:00:00Z,13484.141175925926
2020-11-02T17:00:00Z,13532.848250000001
2020-11-02T18:00:00Z,13536.601138888893
2020-11-02T19:00:00Z,13543.539351851852
2020-11-02T20:00:00Z,13588.196842592588
2020-11-02T21:00:00Z,13633.229907407402
2020-11-02T22:00:00Z,13652.50423148148
2020-11-02T23:00:00Z,13635.255925925927
2020-11-03T00:00:00Z,13593.592175925927
2020-11-03T01:00:00Z,13575.637425925925
2020-11-03T02:00:00Z,13529.405157407406
2020-11-03T03:00:00Z,13465.664935185183
2020-11-03T04:00:00Z,13409.560787037039
2020-11-03T05:00:00Z,13364.379537037037
2020-11-03T06:00:00Z,13360.574370370372
2020-11-03T07:00:00Z,13383.917601851854
2020-11-03T08:00:00Z,13439.190574074075
2020-11-03T09:00:00Z,13509.306814814816
2020-11-03T10:00:00Z,13564.38875925926
2020-11-03T11:00:00Z,13586.884472222222
2020-11-03T12:00:00Z,13578.351546296297
2020-11-03T13:00:00Z,13610.744555555555
2020-11-03T14:00:00Z,13691.884407407406
2020-11-03T15:00:00Z,13759.883490740742
2020-11-03T16:00:00Z,13794.11476851852
2020-11-03T17:00:00Z,13794.92436111111
2020-11-03T18:00:00Z,13784.65400925926
2020-11-03T19:00:00Z,13769.117657407405
2020-11-03T20:00:00Z,13756.651194444445
2020-11-03T21:00:00Z,13747.134166666665
2020-11-03T22:00:00Z,13771.194564814816
2020-11-03T23:00:00Z,13869.98100925926
2020-11-04T00:00:00Z,13916.369601851851
2020-11-04T01:00:00Z,13918.73251851852
2020-11-04T02:00:00Z,13862.784120370372
2020-11-04T03:00:00Z,13843.3225462963
2020-11-04T04:00:00Z,13861.026351851853
2020-11-04T05:00:00Z,13863.973648148147
2020-11-04T06:00:00Z,13847.55212962963
2020-11-04T07:00:00Z,13755.364685185186
2020-11-04T08:00:00Z,13666.927342592593
2020-11-04T09:00:00Z,13612.47259259259
2020-11-04T10:00:00Z,13613.106333333335
2020-11-04T11:00:00Z,13654.528657407407
2020-11-04T12:00:00Z,13732.458824074076
2020-11-04T13:00:00Z,13812.866462962962
2020-11-04T14:00:00Z,13870.94536111111
2020-11-04T15:00:00Z,13919.431925925926
2020-11-04T16:00:00Z,13983.325518518517
2020-11-04T17:00:00Z,14057.946342592588
2020-11-04T18:00:00Z,14123.537731481478
2020-11-04T19:00:00Z,14165.363314814815
2020-11-04T20:00:00Z,14157.363518518521
2020-11-04T21:00:00Z,14110.026351851853
2020-11-04T22:00:00Z,14095.642166666665
2020-11-04T23:00:00Z,14114.240444444446
2020-11-05T00:00:00Z,14139.234916666668
2020-11-05T01:00:00Z,14161.877370370368
2020-11-05T02:00:00Z,14198.520666666665
2020-11-05T03:00:00Z,14262.067324074073
2020-11-05T04:00:00Z,14318.993509259259
2020-11-05T05:00:00Z,14359.412324074076
2020-11-05T06:00:00Z,14379.329842592595
2020-11-05T07:00:00Z,14428.516185185186
2020-11-05T08:00:00Z,14473.238898148149
2020-11-05T09:00:00Z,14507.26678703704
2020-11-05T10:00:00Z,14573.000120370372
2020-11-05T11:00:00Z,14664.162046296295
2020-11-05T12:00:00Z,14797.842675925926
2020-11-05T13:00:00Z,14896.97371296296
2020-11-05T14:00:00Z,14964.254990740737
2020-11-05T15:00:00Z,15047.36548148148
2020-11-05T16:00:00Z,15143.793
2020-11-05T17:00:00Z,15190.47437962963
2020-11-05T18:00:00Z,15152.065916666668
2020-11-05T19:00:00Z,15122.279185185185
2020-11-05T20:00:00Z,15103.692944444445
2020-11-05T21:00:00Z,15151.16936111111
2020-11-05T22:00:00Z,15313.647407407407
2020-11-05T23:00:00Z,15509.61302777778
2020-11-06T00:00:00Z,15747.746787037036
2020-11-06T01:00:00Z,15900.387601851851
2020-11-06T02:00:00Z,15920.237796296295
2020-11-06T03:00:00Z,15789.170657407405
2020-11-06T04:00:00Z,15639.65435185185
2020-11-06T05:00:00Z,15568.593138888886
2020-11-06T06:00:00Z,15589.130666666664
2020-11-06T07:00:00Z,15671.432314814812
2020-11-06T08:00:00Z,15665.728740740742
2020-11-06T09:00:00Z,15579.615712962966
2020-11-06T10:00:00Z,15523.137898148152
2020-11-06T11:00:00Z,15512.370342592592
2020-11-06T12:00:00Z,15508.363064814817
2020-11-06T13:00:00Z,15560.502583333335
2020-11-06T14:00:00Z,15559.757981481482
2020-11-06T15:00:00Z,15519.895888888886
2020-11-06T16:00:00Z,15487.290398148145
2020-11-06T17:00:00Z,15464.766814814813
2020-11-06T18:00:00Z,15462.549231481482
2020-11-06T19:00:00Z,15459.985685185186
2020-11-06T20:00:00Z,15466.875638888889
2020-11-06T21:00:00Z,15495.289564814813
2020-11-06T22:00:00Z,15550.817444444445
2020-11-06T23:00:00Z,15601.639009259257
2020-11-07T00:00:00Z,15642.657296296296
2020-11-07T01:00:00Z,15683.42336111111
2020-11-07T02:00:00Z,15683.861027777777
2020-11-07T03:00:00Z,15651.205250000005
2020-11-07T04:00:00Z,15592.814175925929
2020-11-07T05:00:00Z,15553.67078703704
2020-11-07T06:00:00Z,15537.480055555556
2020-11-07T07:00:00Z,15510.864462962963
2020-11-07T08:00:00Z,15496.926481481481
2020-11-07T09:00:00Z,15485.29912962963
2020-11-07T10:00:00Z,15506.11975925926
2020-11-07T11:00:00Z,15528.430731481481
2020-11-07T12:00:00Z,15540.948074074076
2020-11-07T13:00:00Z,15539.639000000001
2020-11-07T14:00:00Z,15468.877240740743
2020-11-07T15:00:00Z,15388.176194444444
2020-11-07T16:00:00Z,15332.873518518516
2020-11-07T17:00:00Z,15275.746416666667
2020-11-07T18:00:00Z,15140.647546296294
2020-11-07T19:00:00Z,14899.458083333337
2020-11-07T20:00:00Z,14727.129814814818
2020-11-07T21:00:00Z,14655.063111111114
2020-11-07T22:00:00Z,14676.71252777778
2020-11-07T23:00:00Z,14736.253379629628
2020-11-08T00:00:00Z,14811.191787037038
2020-11-08T01:00:00Z,14925.443944444443
2020-11-08T02:00:00Z,15021.348870370368
2020-11-08T03:00:00Z,15064.271842592592
2020-11-08T04:00:00Z,15061.11221296296
2020-11-08T05:00:00Z,15059.352055555557
2020-11-08T06:00:00Z,15055.952351851853
2020-11-08T07:00:00Z,15030.605212962962
2020-11-08T08:00:00Z,15004.002425925928
2020-11-08T09:00:00Z,14997.946962962962
2020-11-08T10:00:00Z,15053.272944444441
2020-11-08T11:00:00Z,15133.447305555555
2020-11-08T12:00:00Z,15224.429435185184
2020-11-08T13:00:00Z,15276.360027777775
2020-11-08T14:00:00Z,15328.265287037037
2020-11-08T15:00:00Z,15371.975879629632
2020-11-08T16:00:00Z,15414.390268518517
2020-11-08T17:00:00Z,15498.698870370368
2020-11-08T18:00:00Z,15570.448361111112
2020-11-08T19:00:00Z,15556.70085185185
2020-11-08T20:00:00Z,15493.142842592593
2020-11-08T21:00:00Z,15405.155148148146
2020-11-08T22:00:00Z,15393.718435185183
2020-11-08T23:00:00Z,15427.312740740737
2020-11-09T00:00:00Z,15496.005675925924
2020-11-09T01:00:00Z,15547.808324074073
2020-11-09T02:00:00Z,15555.507620370372
2020-11-09T03:00:00Z,15527.698694444445
2020-11-09T04:00:00Z,15468.542935185185
2020-11-09T05:00:00Z,15439.443574074074
2020-11-09T06:00:00Z,15413.44347222222
2020-11-09T07:00:00Z,15375.112500000001
2020-11-09T08:00:00Z,15361.183796296298
2020-11-09T09:00:00Z,15368.855175925928
2020-11-09T10:00:00Z,15412.558074074075
2020-11-09T11:00:00Z,15559.980157407408
2020-11-09T12:00:00Z,15659.067546296297
2020-11-09T13:00:00Z,15611.890472222221
2020-11-09T14:00:00Z,15405.304962962962
2020-11-09T15:00:00Z,15145.604851851851
2020-11-09T16:00:00Z,14991.330564814816
2020-11-09T17:00:00Z,14992.38925
2020-11-09T18:00:00Z,15110.833972222217
2020-11-09T19:00:00Z,15260.590888888886
2020-11-09T20:00:00Z,15376.269685185187
2020-11-09T21:00:00Z,15436.180074074078
2020-11-09T22:00:00Z,15410.495398148147
2020-11-09T23:00:00Z,15368.481101851852
2020-11-10T00:00:00Z,15327.849231481481
2020-11-10T01:00:00Z,15333.985083333333
2020-11-10T02:00:00Z,15353.061444444442
2020-11-10T03:00:00Z,15366.160138888888
2020-11-10T04:00:00Z,15381.101879629627
2020-11-10T05:00:00Z,15386.162138888889
2020-11-10T06:00:00Z,15364.503731481482
2020-11-10T07:00:00Z,15329.170453703706
2020-11-10T08:00:00Z,15324.464712962965
2020-11-10T09:00:00Z,15348.983842592594
2020-11-10T10:00:00Z,15365.816935185188
2020-11-10T11:00:00Z,15354.8460462963
2020-11-10T12:00:00Z,15329.516185185188
2020-11-10T13:00:00Z,15312.74064814815
2020-11-10T14:00:00Z,15284.519509259257
2020-11-10T15:00:00Z,15238.939351851848
2020-11-10T16:00:00Z,15214.090601851853
2020-11-10T17:00:00Z,15231.867314814814
2020-11-10T18:00:00Z,15264.247185185182
2020-11-10T19:00:00Z,15300.795157407405
2020-11-10T20:00:00Z,15317.250324074077
2020-11-10T21:00:00Z,15345.609472222224
2020-11-10T22:00:00Z,15374.810194444444
2020-11-10T23:00:00Z,15377.424249999996
2020-11-11T00:00:00Z,15408.714749999997
2020-11-11T01:00:00Z,15442.071148148147
2020-11-11T02:00:00Z,15457.57072222222
2020-11-11T03:00:00Z,15455.565574074075
2020-11-11T04:00:00Z,15431.02640740741
2020-11-11T05:00:00Z,15404.945990740742
2020-11-11T06:00:00Z,15382.316509259259
2020-11-11T07:00:00Z,15382.126879629628
2020-11-11T08:00:00Z,15391.524620370372
2020-11-11T09:00:00Z,15414.203611111108
2020-11-11T10:00:00Z,15482.654722222222
2020-11-11T11:00:00Z,15560.314777777778
2020-11-11T12:00:00Z,15634.349111111113
2020-11-11T13:00:00Z,15656.941148148146
2020-11-11T14:00:00Z,15666.930046296295
2020-11-11T15:00:00Z,15682.65601851852
2020-11-11T16:00:00Z,15730.239685185186
2020-11-11T17:00:00Z,15816.138564814813
2020-11-11T18:00:00Z,15876.563935185184
2020-11-11T19:00:00Z,15898.717851851854
2020-11-11T20:00:00Z,15859.632222222222
2020-11-11T21:00:00Z,15827.778166666665
2020-11-11T22:00:00Z,15806.633537037034
2020-11-11T23:00:00Z,15773.070305555555
2020-11-12T00:00:00Z,15712.746092592593
2020-11-12T01:00:00Z,15655.551564814816
2020-11-12T02:00:00Z,15617.692851851853
2020-11-12T03:00:00Z,15612.088222222223
2020-11-12T04:00:00Z,15631.24721296296
2020-11-12T05:00:00Z,15682.015527777776
2020-11-12T06:00:00Z,15752.22635185185
2020-11-12T07:00:00Z,15833.741944444444
2020-11-12T08:00:00Z,15876.681685185185
2020-11-12T09:00:00Z,15955.480861111113
2020-11-12T10:00:00Z,15933.603990740745
2020-11-12T11:00:00Z,15877.825240740742
2020-11-12T12:00:00Z,15849.149916666667
2020-11-12T13:00:00Z,15887.80575925926
2020-11-12T14:00:00Z,15966.123731481484
2020-11-12T15:00:00Z,16074.526111111109
2020-11-12T16:00:00Z,16162.734222222221
2020-11-12T17:00:00Z,16158.087111111112
2020-11-12T18:00:00Z,16142.582499999999
2020-11-12T19:00:00Z,16114.720592592595
2020-11-12T20:00:00Z,16122.104777777779
2020-11-12T21:00:00Z,16147.910287037035
2020-11-12T22:00:00Z,16196.10412037037
2020-11-12T23:00:00Z,16260.924009259257
2020-11-13T00:00:00Z,16347.209268518514
2020-11-13T01:00:00Z,16435.33622222222
2020-11-13T02:00:00Z,16486.727944444447
2020-11-13T03:00:00Z,16507.337046296296
2020-11-13T04:00:00Z,16492.522046296297
2020-11-13T05:00:00Z,16415.065925925926
2020-11-13T06:00:00Z,16344.851861111112
2020-11-13T07:00:00Z,16284.499018518518
2020-11-13T08:00:00Z,16253.852907407409
2020-11-13T09:00:00Z,16263.993564814815
2020-11-13T10:00:00Z,16256.74139814815
2020-11-13T11:00:00Z,16245.315685185187
2020-11-13T12:00:00Z,16237.698175925927
2020-11-13T13:00:00Z,16237.171851851852
2020-11-13T14:00:00Z,16236.590425925924
2020-11-13T15:00:00Z,16199.491768518516
2020-11-13T16:00:00Z,16172.923555555555
2020-11-13T17:00:00Z,16184.069222222222
2020-11-13T18:00:00Z,16220.685166666672
2020-11-13T19:00:00Z,16271.15719444445
2020-11-13T20:00:00Z,16282.703064814816
2020-11-13T21:00:00Z,16289.031037037037
2020-11-13T22:00:00Z,16302.867666666665
2020-11-13T23:00:00Z,16327.087574074072
2020-11-14T00:00:00Z,16339.161416666664
2020-11-14T01:00:00Z,16306.39600925926
2020-11-14T02:00:00Z,16248.389194444446
2020-11-14T03:00:00Z,16195.367388888888
2020-11-14T04:00:00Z,16154.594046296299
2020-11-14T05:00:00Z,16140.033592592596
2020-11-14T06:00:00Z,16145.96987037037
2020-11-14T07:00:00Z,16136.720083333334
2020-11-14T08:00:00Z,16081.141629629628
2020-11-14T09:00:00Z,15957.987250000004
2020-11-14T10:00:00Z,15846.983037037038
2020-11-14T11:00:00Z,15809.744185185185
2020-11-14T12:00:00Z,15830.097342592591
2020-11-14T13:00:00Z,15879.49438888889
2020-11-14T14:00:00Z,15946.160925925922
2020-11-14T15:00:00Z,15986.120925925925
2020-11-14T16:00:00Z,15970.407962962963
2020-11-14T17:00:00Z,15939.270481481484
2020-11-14T18:00:00Z,15910.523527777776
2020-11-14T19:00:00Z,15895.264435185187
2020-11-14T20:00:00Z,15923.586685185184
2020-11-14T21:00:00Z,15967.450333333334
2020-11-14T22:00:00Z,16021.0537037037
2020-11-14T23:00:00Z,16071.456212962958
2020-11-15T00:00:00Z,16096.76987962963
2020-11-15T01:00:00Z,16081.458240740743
2020-11-15T02:00:00Z,16044.946712962963
2020-11-15T03:00:00Z,15992.421138888889
2020-11-15T04:00:00Z,15950.58991666667
2020-11-15T05:00:00Z,15953.454296296297
2020-11-15T06:00:00Z,15993.8755
2020-11-15T07:00:00Z,16037.667185185186
2020-11-15T08:00:00Z,16090.866675925927
2020-11-15T09:00:00Z,16117.159444444444
2020-11-15T10:00:00Z,16099.901537037038
2020-11-15T11:00:00Z,16050.107657407405
2020-11-15T12:00:00Z,16001.700175925927
2020-11-15T13:00:00Z,15995.048898148147
2020-11-15T14:00:00Z,16020.197462962964
2020-11-15T15:00:00Z,16046.300907407409
2020-11-15T16:00:00Z,16049.73353703704
2020-11-15T17:00:00Z,16002.33412037037
2020-11-15T18:00:00Z,15944.252685185187
2020-11-15T19:00:00Z,15887.674027777777
2020-11-15T20:00:00Z,15848.794435185186
2020-11-15T21:00:00Z,15829.957074074075
2020-11-15T22:00:00Z,15851.394462962964
2020-11-15T23:00:00Z,15899.928953703704
2020-11-16T00:00:00Z,15955.891537037038
2020-11-16T01:00:00Z,15989.890787037039
2020-11-16T02:00:00Z,15993.467157407407
2020-11-16T03:00:00Z,16001.480685185184
2020-11-16T04:00:00Z,16021.273731481482
2020-11-16T05:00:00Z,16068.914796296294
2020-11-16T06:00:00Z,16155.50853703703
2020-11-16T07:00:00Z,16243.241009259256
2020-11-16T08:00:00Z,16295.035370370368
2020-11-16T09:00:00Z,16307.033777777777
2020-11-16T10:00:00Z,16338.683768518522
2020-11-16T11:00:00Z,16333.987194444446
2020-11-16T12:00:00Z,16334.491629629629
2020-11-16T13:00:00Z,16333.64173148148
2020-11-16T14:00:00Z,16359.106435185184
2020-11-16T15:00:00Z,16412.731851851848
2020-11-16T16:00:00Z,16499.03825
2020-11-16T17:00:00Z,16613.16953703704
2020-11-16T18:00:00Z,16716.563749999998
2020-11-16T19:00:00Z,16807.869203703704
2020-11-16T20:00:00Z,16873.151166666663
2020-11-16T21:00:00Z,16867.297842592594
2020-11-16T22:00:00Z,16822.928916666668
2020-11-16T23:00:00Z,16767.780712962965
2020-11-17T00:00:00Z,16757.17188888889
2020-11-17T01:00:00Z,16746.751629629634
2020-11-17T02:00:00Z,16727.390944444443
2020-11-17T03:00:00Z,16671.433009259257
2020-11-17T04:00:00Z,16637.839629629627
2020-11-17T05:00:00Z,16618.443296296293
2020-11-17T06:00:00Z,16617.866574074073
2020-11-17T07:00:00Z,16659.729111111115
2020-11-17T08:00:00Z,16700.670574074076
2020-11-17T09:00:00Z,16715.741944444446
2020-11-17T10:00:00Z,16738.717833333332
2020-11-17T11:00:00Z,16829.529407407408
2020-11-17T12:00:00Z,16972.446851851855
2020-11-17T13:00:00Z,17066.073657407407
2020-11-17T14:00:00Z,17152.91875
2020-11-17T15:00:00Z,17256.281981481483
2020-11-17T16:00:00Z,17450.69467592593
2020-11-17T17:00:00Z,17700.772740740744
2020-11-17T18:00:00Z,17850.526814814817
2020-11-17T19:00:00Z,17899.7745
2020-11-17T20:00:00Z,17859.06362962963
2020-11-17T21:00:00Z,17778.132361111107
2020-11-17T22:00:00Z,17697.51642592592
2020-11-17T23:00:00Z,17656.331953703706
2020-11-18T00:00:00Z,17663.107314814817
2020-11-18T01:00:00Z,17705.94423148148
2020-11-18T02:00:00Z,17735.012203703704
2020-11-18T03:00:00Z,17843.621805555555
2020-11-18T04:00:00Z,18073.193250000004
2020-11-18T05:00:00Z,18098.647212962966
2020-11-18T06:00:00Z,18017.06787962963
2020-11-18T07:00:00Z,17961.18801851852
2020-11-18T08:00:00Z,18020.85200925926
2020-11-18T09:00:00Z,18127.64173148148
2020-11-18T10:00:00Z,18238.3595
2020-11-18T11:00:00Z,18301.933814814813
2020-11-18T12:00:00Z,18259.39828703704
2020-11-18T13:00:00Z,18124.745564814813
2020-11-18T14:00:00Z,17911.34110185185
2020-11-18T15:00:00Z,17779.108814814812
2020-11-18T16:00:00Z,17723.497583333334
2020-11-18T17:00:00Z,17760.833601851857
2020-11-18T18:00:00Z,17791.958453703708
2020-11-18T19:00:00Z,17762.931509259262
2020-11-18T20:00:00Z,17700.30400925926
2020-11-18T21:00:00Z,17678.834203703704
2020-11-18T22:00:00Z,17716.780777777778
2020-11-18T23:00:00Z,17768.733870370368
2020-11-19T00:00:00Z,17800.26151851852
2020-11-19T01:00:00Z,17830.630546296296
2020-11-19T02:00:00Z,17882.01961111111
2020-11-19T03:00:00Z,17934.066120370368
2020-11-19T04:00:00Z,17948.63196296296
2020-11-19T05:00:00Z,17941.989055555554
2020-11-19T06:00:00Z,17884.117370370368
2020-11-19T07:00:00Z,17787.354564814814
2020-11-19T08:00:00Z,17653.772620370368
2020-11-19T09:00:00Z,17506.72530555556
2020-11-19T10:00:00Z,17452.076175925926
2020-11-19T11:00:00Z,17519.929611111107
2020-11-19T12:00:00Z,17633.61587037037
2020-11-19T13:00:00Z,17812.497083333332
2020-11-19T14:00:00Z,18008.21135185185
2020-11-19T15:00:00Z,18144.846583333332
2020-11-19T16:00:00Z,18188.717444444443
2020-11-19T17:00:00Z,18143.77962962963
2020-11-19T18:00:00Z,18059.124638888887
2020-11-19T19:00:00Z,17993.49287037037
2020-11-19T20:00:00Z,17984.879416666667
2020-11-19T21:00:00Z,17980.490564814816
2020-11-19T22:00:00Z,17952.070074074076
2020-11-19T23:00:00Z,17891.42312037037
2020-11-20T00:00:00Z,17820.011777777774
2020-11-20T01:00:00Z,17825.21400925926
2020-11-20T02:00:00Z,17880.53412037037
2020-11-20T03:00:00Z,17944.333000000002
2020-11-20T04:00:00Z,18055.615694444445
2020-11-20T05:00:00Z,18144.74225925926
2020-11-20T06:00:00Z,18211.109990740737
2020-11-20T07:00:00Z,18252.6815
2020-11-20T08:00:00Z,18296.50261111111
2020-11-20T09:00:00Z,18302.920314814815
2020-11-20T10:00:00Z,18313.999462962962
2020-11-20T11:00:00Z,18314.864416666664
2020-11-20T12:00:00Z,18298.966768518516
2020-11-20T13:00:00Z,18282.96497222222
2020-11-20T14:00:00Z,18384.52586111111
2020-11-20T15:00:00Z,18548.53298148148
2020-11-20T16:00:00Z,18708.13807407407
2020-11-20T17:00:00Z,18802.750074074076
2020-11-20T18:00:00Z,18786.334611111113
2020-11-20T19:00:00Z,18730.013092592595
2020-11-20T20:00:00Z,18676.909712962966
2020-11-20T21:00:00Z,18632.543629629636
2020-11-20T22:00:00Z,18617.245444444445
2020-11-20T23:00:00Z,18631.152212962963
2020-11-21T00:00:00Z,18717.35289814815
2020-11-21T01:00:00Z,18814.58837037037
2020-11-21T02:00:00Z,18860.136638888885
2020-11-21T03:00:00Z,18825.465453703702
2020-11-21T04:00:00Z,18726.392407407406
2020-11-21T05:00:00Z,18650.228981481483
2020-11-21T06:00:00Z,18611.13536111111
2020-11-21T07:00:00Z,18618.629074074077
2020-11-21T08:00:00Z,18679.610037037037
2020-11-21T09:00:00Z,18700.756972222225
2020-11-21T10:00:00Z,18683.027944444446
2020-11-21T11:00:00Z,18622.275675925925
2020-11-21T12:00:00Z,18591.468064814817
2020-11-21T13:00:00Z,18645.582351851855
2020-11-21T14:00:00Z,18721.783685185186
2020-11-21T15:00:00Z,18800.928027777776
2020-11-21T16:00:00Z,18828.408583333334
2020-11-21T17:00:00Z,18823.440990740743
2020-11-21T18:00:00Z,18799.637768518518
2020-11-21T19:00:00Z,18754.399138888886
2020-11-21T20:00:00Z,18703.620555555553
2020-11-21T21:00:00Z,18664.02853703704
2020-11-21T22:00:00Z,18637.723611111116
2020-11-21T23:00:00Z,18648.372583333334
2020-11-22T00:00:00Z,18629.443712962962
2020-11-22T01:00:00Z,18567.565148148144
2020-11-22T02:00:00Z,18531.315981481483
2020-11-22T03:00:00Z,18520.158018518516
2020-11-22T04:00:00Z,18545.186629629625
2020-11-22T05:00:00Z,18553.516518518514
2020-11-22T06:00:00Z,18533.31469444444
2020-11-22T07:00:00Z,18510.420777777777
2020-11-22T08:00:00Z,18407.892203703705
2020-11-22T09:00:00Z,18334.44762962963
2020-11-22T10:00:00Z,18238.919046296294
2020-11-22T11:00:00Z,18076.874740740735
2020-11-22T12:00:00Z,17982.22511111111
2020-11-22T13:00:00Z,17985.55241666667
2020-11-22T14:00:00Z,18063.578740740744
2020-11-22T15:00:00Z,18188.54589814815
2020-11-22T16:00:00Z,18363.904074074075
2020-11-22T17:00:00Z,18504.29798148148
2020-11-22T18:00:00Z,18594.417259259255
2020-11-22T19:00:00Z,18640.994361111105
2020-11-22T20:00:00Z,18646.673916666663
2020-11-22T21:00:00Z,18644.093749999996
2020-11-22T22:00:00Z,18650.153546296297
2020-11-22T23:00:00Z,18599.32340740741
2020-11-23T00:00:00Z,18432.331953703706
2020-11-23T01:00:00Z,18263.71622222222
2020-11-23T02:00:00Z,18147.561759259257
2020-11-23T03:00:00Z,18160.772425925923
2020-11-23T04:00:00Z,18274.963037037032
2020-11-23T05:00:00Z,18399.575666666664
2020-11-23T06:00:00Z,18507.454796296297
2020-11-23T07:00:00Z,18550.14700925926
2020-11-23T08:00:00Z,18582.72238888889
2020-11-23T09:00:00Z,18626.059898148153
2020-11-23T10:00:00Z,18700.712009259263
2020-11-23T11:00:00Z,18720.329416666664
2020-11-23T12:00:00Z,18707.888601851853
2020-11-23T13:00:00Z,18668.563787037037
2020-11-23T14:00:00Z,18614.71707407408
2020-11-23T15:00:00Z,18490.607212962965
2020-11-23T16:00:00Z,18383.704759259257
2020-11-23T17:00:00Z,18309.133027777774
2020-11-23T18:00:00Z,18285.433277777774
2020-11-23T19:00:00Z,18328.74336111111
2020-11-23T20:00:00Z,18370.5049537037
2020-11-23T21:00:00Z,18407.569564814814
2020-11-23T22:00:00Z,18428.97661111111
2020-11-23T23:00:00Z,18426.19264814815
2020-11-24T00:00:00Z,18406.59162962963
2020-11-24T01:00:00Z,18415.11142592593
2020-11-24T02:00:00Z,18407.344398148143
2020-11-24T03:00:00Z,18393.63747222222
2020-11-24T04:00:00Z,18402.42312962963
2020-11-24T05:00:00Z,18392.98399074074
2020-11-24T06:00:00Z,18394.195194444444
2020-11-24T07:00:00Z,18392.311277777782
2020-11-24T08:00:00Z,18463.173379629632
2020-11-24T09:00:00Z,18666.93907407408
2020-11-24T10:00:00Z,18873.532509259265
2020-11-24T11:00:00Z,19063.924240740747
2020-11-24T12:00:00Z,19210.203694444448
2020-11-24T13:00:00Z,19295.927305555557
2020-11-24T14:00:00Z,19391.588499999998
2020-11-24T15:00:00Z,19458.422805555554
2020-11-24T16:00:00Z,19468.399592592592
2020-11-24T17:00:00Z,19404.044222222223
2020-11-24T18:00:00Z,19328.69347222222
2020-11-24T19:00:00Z,19244.61535185185
2020-11-24T20:00:00Z,19153.416546296292
2020-11-24T21:00:00Z,19039.63746296296
2020-11-24T22:00:00Z,18997.015425925925
2020-11-24T23:00:00Z,19026.595462962963
2020-11-25T00:00:00Z,19099.38638888889
2020-11-25T01:00:00Z,19142.430222222225
2020-11-25T02:00:00Z,19106.06465740741
2020-11-25T03:00:00Z,18990.389175925928
2020-11-25T04:00:00Z,18826.05165740741
2020-11-25T05:00:00Z,18745.88028703704
2020-11-25T06:00:00Z,18754.80515740741
2020-11-25T07:00:00Z,18844.707675925925
2020-11-25T08:00:00Z,18988.174185185184
2020-11-25T09:00:00Z,19122.884453703704
2020-11-25T10:00:00Z,19254.248407407405
2020-11-25T11:00:00Z,19343.133453703704
2020-11-25T12:00:00Z,19392.456805555554
2020-11-25T13:00:00Z,19369.60916666666
2020-11-25T14:00:00Z,19336.71009259259
2020-11-25T15:00:00Z,19265.017583333334
2020-11-25T16:00:00Z,19148.847888888893
2020-11-25T17:00:00Z,19057.475601851856
2020-11-25T18:00:00Z,19003.472601851856
2020-11-25T19:00:00Z,18977.67402777778
2020-11-25T20:00:00Z,18942.630074074073
2020-11-25T21:00:00Z,18894.889027777775
2020-11-25T22:00:00Z,18820.473416666668
2020-11-25T23:00:00Z,18743.31487037037
2020-11-26T00:00:00Z,18730.04361111111
2020-11-26T01:00:00Z,18745.265833333335
2020-11-26T02:00:00Z,18654.52715740741
2020-11-26T03:00:00Z,18373.64723148148
2020-11-26T04:00:00Z,17996.09358333333
2020-11-26T05:00:00Z,17733.217416666666
2020-11-26T06:00:00Z,17659.941027777775
2020-11-26T07:00:00Z,17616.495074074075
2020-11-26T08:00:00Z,17342.221305555555
2020-11-26T09:00:00Z,17041.134500000004
2020-11-26T10:00:00Z,16902.7847962963
2020-11-26T11:00:00Z,16898.498935185187
2020-11-26T12:00:00Z,17056.057083333337
2020-11-26T13:00:00Z,17132.694842592595
2020-11-26T14:00:00Z,17040.44249074074
2020-11-26T15:00:00Z,16912.42311111111
2020-11-26T16:00:00Z,16744.619935185183
2020-11-26T17:00:00Z,16642.47598148148
2020-11-26T18:00:00Z,16553.754666666664
2020-11-26T19:00:00Z,16488.300620370374
2020-11-26T20:00:00Z,16643.52143518519
2020-11-26T21:00:00Z,16865.283101851852
2020-11-26T22:00:00Z,17108.682620370368
2020-11-26T23:00:00Z,17256.902777777777
2020-11-27T00:00:00Z,17372.390722222222
2020-11-27T01:00:00Z,17431.780111111108
2020-11-27T02:00:00Z,17378.448212962965
2020-11-27T03:00:00Z,17264.01407407407
2020-11-27T04:00:00Z,17136.589342592593
2020-11-27T05:00:00Z,17116.099611111113
2020-11-27T06:00:00Z,17176.373342592593
2020-11-27T07:00:00Z,17198.371722222222
2020-11-27T08:00:00Z,17095.752481481482
2020-11-27T09:00:00Z,16879.99549074074
2020-11-27T10:00:00Z,16745.815675925925
2020-11-27T11:00:00Z,16682.526333333335
2020-11-27T12:00:00Z,16777.404962962966
2020-11-27T13:00:00Z,16885.072722222223
2020-11-27T14:00:00Z,16905.582425925928
2020-11-27T15:00:00Z,16776.299
2020-11-27T16:00:00Z,16690.679564814815
2020-11-27T17:00:00Z,16656.067
2020-11-27T18:00:00Z,16692.940925925926
2020-11-27T19:00:00Z,16757.938740740738
2020-11-27T20:00:00Z,16883.86897222222
2020-11-27T21:00:00Z,16997.926657407403
2020-11-27T22:00:00Z,17060.663185185185
2020-11-27T23:00:00Z,17119.753555555555
2020-11-28T00:00:00Z,17165.242861111114
2020-11-28T01:00:00Z,17199.17813888889
2020-11-28T02:00:00Z,17164.973166666667
2020-11-28T03:00:00Z,17094.084824074074
2020-11-28T04:00:00Z,17013.13812962963
2020-11-28T05:00:00Z,16963.148962962965
2020-11-28T06:00:00Z,16960.090592592594
2020-11-28T07:00:00Z,16980.355898148147
2020-11-28T08:00:00Z,16966.099287037036
2020-11-28T09:00:00Z,16937.84098148148
2020-11-28T10:00:00Z,16992.66024074074
2020-11-28T11:00:00Z,17084.305962962964
2020-11-28T12:00:00Z,17168.039879629625
2020-11-28T13:00:00Z,17274.378972222217
2020-11-28T14:00:00Z,17356.766685185186
2020-11-28T15:00:00Z,17464.751453703702
2020-11-28T16:00:00Z,17615.51384259259
2020-11-28T17:00:00Z,17760.57759259259
2020-11-28T18:00:00Z,17851.500509259262
2020-11-28T19:00:00Z,17903.57672222222
2020-11-28T20:00:00Z,17874.22647222222
2020-11-28T21:00:00Z,17830.82298148148
2020-11-28T22:00:00Z,17797.33919444444
2020-11-28T23:00:00Z,17770.79674074074
2020-11-29T00:00:00Z,17732.423370370376
2020-11-29T01:00:00Z,17668.002453703706
2020-11-29T02:00:00Z,17654.781398148145
2020-11-29T03:00:00Z,17720.624240740737
2020-11-29T04:00:00Z,17788.820694444443
2020-11-29T05:00:00Z,17836.53449074074
2020-11-29T06:00:00Z,17827.895509259262
2020-11-29T07:00:00Z,17820.55149074074
2020-11-29T08:00:00Z,17919.368944444443
2020-11-29T09:00:00Z,18048.138425925925
2020-11-29T10:00:00Z,18182.10062962963
2020-11-29T11:00:00Z,18234.34438888889
2020-11-29T12:00:00Z,18200.76687962963
2020-11-29T13:00:00Z,18148.61860185185
2020-11-29T14:00:00Z,18096.005842592593
2020-11-29T15:00:00Z,18086.19709259259
2020-11-29T16:00:00Z,18093.658907407404
2020-11-29T17:00:00Z,18108.28312962963
2020-11-29T18:00:00Z,18124.60660185185
2020-11-29T19:00:00Z,18112.615990740742
2020-11-29T20:00:00Z,18136.2015
2020-11-29T21:00:00Z,18190.658740740742
2020-11-29T22:00:00Z,18220.155481481484
2020-11-29T23:00:00Z,18230.935629629632
2020-11-30T00:00:00Z,18296.719842592593
2020-11-30T01:00:00Z,18403.634935185186
2020-11-30T02:00:00Z,18518.607416666666
2020-11-30T03:00:00Z,18613.06141666667
2020-11-30T04:00:00Z,18643.70452777778
2020-11-30T05:00:00Z,18630.367740740738
2020-11-30T06:00:00Z,18600.854092592588
2020-11-30T07:00:00Z,18600.512185185184
2020-11-30T08:00:00Z,18572.70436111111
2020-11-30T09:00:00Z,18535.88312962963
2020-11-30T10:00:00Z,18506.452259259266
2020-11-30T11:00:00Z,18524.882629629632
2020-11-30T12:00:00Z,18643.671435185188
2020-11-30T13:00:00Z,18883.52418518519
2020-11-30T14:00:00Z,19223.575611111115
2020-11-30T15:00:00Z,19459.06997222222
2020-11-30T16:00:00Z,19513.579759259253
2020-11-30T17:00:00Z,19490.44860185185
2020-11-30T18:00:00Z,19387.808074074073
2020-11-30T19:00:00Z,19310.12910185185
2020-11-30T20:00:00Z,19316.822907407408
2020-11-30T21:00:00Z,19355.004305555554
2020-11-30T22:00:00Z,19434.770731481483
2020-11-30T23:00:00Z,19565.900555555556
2020-12-01T00:00:00Z,19653.53100925926
2020-12-01T01:00:00Z,19695.986666666668
2020-12-01T02:00:00Z,19714.103129629628
2020-12-01T03:00:00Z,19643.026925925926
2020-12-01T04:00:00Z,19520.979759259262
2020-12-01T05:00:00Z,19435.24472222222
2020-12-01T06:00:00Z,19364.894712962963
2020-12-01T07:00:00Z,19382.464453703706
2020-12-01T08:00:00Z,19421.989203703703
2020-12-01T09:00:00Z,19490.31784259259
2020-12-01T10:00:00Z,19608.369120370367
2020-12-01T11:00:00Z,19622.620944444447
2020-12-01T12:00:00Z,19317.965712962963
2020-12-01T13:00:00Z,18946.23847222222
2020-12-01T14:00:00Z,18810.978870370367
2020-12-01T15:00:00Z,18910.79089814815
2020-12-01T16:00:00Z,19053.724611111113
2020-12-01T17:00:00Z,19120.050166666668
2020-12-01T18:00:00Z,19012.010342592595
2020-12-01T19:00:00Z,18951.49112037037
2020-12-01T20:00:00Z,18943.4209537037
2020-12-01T21:00:00Z,18986.88196296296
2020-12-01T22:00:00Z,18995.168240740742
2020-12-01T23:00:00Z,18923.72969444445
2020-12-02T00:00:00Z,18847.270175925925
2020-12-02T01:00:00Z,18801.729685185186
2020-12-02T02:00:00Z,18751.12338888889
2020-12-02T03:00:00Z,18680.84984259259
2020-12-02T04:00:00Z,18593.95550925926
2020-12-02T05:00:00Z,18554.28991666667
2020-12-02T06:00:00Z,18646.80758333333
2020-12-02T07:00:00Z,18853.623574074078
2020-12-02T08:00:00Z,19089.345092592597
2020-12-02T09:00:00Z,19211.235851851852
2020-12-02T10:00:00Z,19239.224555555556
2020-12-02T11:00:00Z,19216.80994444445
2020-12-02T12:00:00Z,19132.42082407408
2020-12-02T13:00:00Z,19092.729074074075
2020-12-02T14:00:00Z,19022.925944444443
2020-12-02T15:00:00Z,18951.92833333333
2020-12-02T16:00:00Z,18883.67541666667
2020-12-02T17:00:00Z,18873.03969444444
2020-12-02T18:00:00Z,18915.859527777775
2020-12-02T19:00:00Z,19007.577037037034
2020-12-02T20:00:00Z,19089.54612962963
2020-12-02T21:00:00Z,19152.630898148152
2020-12-02T22:00:00Z,19178.611444444443
2020-12-02T23:00:00Z,19207.330148148147
2020-12-03T00:00:00Z,19224.675694444442
2020-12-03T01:00:00Z,19181.445564814814
2020-12-03T02:00:00Z,19118.569111111112
2020-12-03T03:00:00Z,19073.260555555556
2020-12-03T04:00:00Z,19047.931453703706
2020-12-03T05:00:00Z,19005.266592592598
2020-12-03T06:00:00Z,18965.922388888896
2020-12-03T07:00:00Z,19010.102731481482
2020-12-03T08:00:00Z,19158.830268518523
2020-12-03T09:00:00Z,19325.587324074077
2020-12-03T10:00:00Z,19438.251712962967
2020-12-03T11:00:00Z,19484.557796296296
2020-12-03T12:00:00Z,19465.53697222222
2020-12-03T13:00:00Z,19410.656444444445
2020-12-03T14:00:00Z,19371.163398148146
2020-12-03T15:00:00Z,19407.28100925926
2020-12-03T16:00:00Z,19434.22604629629
2020-12-03T17:00:00Z,19419.817185185184
2020-12-03T18:00:00Z,19395.256935185185
2020-12-03T19:00:00Z,19390.00925
2020-12-03T20:00:00Z,19395.40284259259
2020-12-03T21:00:00Z,19423.579888888886
2020-12-03T22:00:00Z,19458.67735185185
2020-12-03T23:00:00Z,19477.554111111112
2020-12-04T00:00:00Z,19493.550074074075
2020-12-04T01:00:00Z,19457.784194444448
2020-12-04T02:00:00Z,19378.95549074074
2020-12-04T03:00:00Z,19268.69797222222
2020-12-04T04:00:00Z,19215.321407407406
2020-12-04T05:00:00Z,19188.69899074074
2020-12-04T06:00:00Z,19221.226509259257
2020-12-04T07:00:00Z,19267.010574074076
2020-12-04T08:00:00Z,19332.837370370376
2020-12-04T09:00:00Z,19385.15932407408
2020-12-04T10:00:00Z,19299.882361111115
2020-12-04T11:00:00Z,19100.257046296298
2020-12-04T12:00:00Z,18945.296453703704
2020-12-04T13:00:00Z,18882.73554629629
2020-12-04T14:00:00Z,18918.64925
2020-12-04T15:00:00Z,18959.45685185185
2020-12-04T16:00:00Z,18982.518398148146
2020-12-04T17:00:00Z,18983.420462962957
2020-12-04T18:00:00Z,19005.02633333333
2020-12-04T19:00:00Z,19034.69221296296
2020-12-04T20:00:00Z,19036.2104074074
2020-12-04T21:00:00Z,18968.701055555557
2020-12-04T22:00:00Z,18833.61203703704
2020-12-04T23:00:00Z,18696.37149074074
2020-12-05T00:00:00Z,18641.686851851857
2020-12-05T01:00:00Z,18623.589925925928
2020-12-05T02:00:00Z,18672.932768518524
2020-12-05T03:00:00Z,18743.691555555557
2020-12-05T04:00:00Z,18827.103388888892
2020-12-05T05:00:00Z,18919.47745370371
2020-12-05T06:00:00Z,18990.75502777778
2020-12-05T07:00:00Z,19015.478592592593
2020-12-05T08:00:00Z,19073.165990740745
2020-12-05T09:00:00Z,19128.49155555556
2020-12-05T10:00:00Z,19172.69421296296
2020-12-05T11:00:00Z,19157.276814814813
2020-12-05T12:00:00Z,19120.622240740744
2020-12-05T13:00:00Z,19063.64751851852
2020-12-05T14:00:00Z,19042.824185185185
2020-12-05T15:00:00Z,19061.50813888889
2020-12-05T16:00:00Z,19092.04709259259
2020-12-05T17:00:00Z,19124.837499999998
2020-12-05T18:00:00Z,19142.84029629629
2020-12-05T19:00:00Z,19148.226657407402
2020-12-05T20:00:00Z,19124.638018518515
2020-12-05T21:00:00Z,19078.510611111113
2020-12-05T22:00:00Z,19032.96035185186
2020-12-05T23:00:00Z,19044.80088888889
2020-12-06T00:00:00Z,19129.297694444445
2020-12-06T01:00:00Z,19229.0655
2020-12-06T02:00:00Z,19292.53292592592
2020-12-06T03:00:00Z,19293.48332407407
2020-12-06T04:00:00Z,19259.378527777775
2020-12-06T05:00:00Z,19213.84373148148
2020-12-06T06:00:00Z,19186.619287037032
2020-12-06T07:00:00Z,19190.71774074074
2020-12-06T08:00:00Z,19151.34864814814
2020-12-06T09:00:00Z,19097.195388888886
2020-12-06T10:00:00Z,19043.437185185187
2020-12-06T11:00:00Z,19027.019990740744
2020-12-06T12:00:00Z,19012.463222222224
2020-12-06T13:00:00Z,18989.84001851852
2020-12-06T14:00:00Z,19010.470342592595
2020-12-06T15:00:00Z,19059.989685185184
2020-12-06T16:00:00Z,19112.506203703702
2020-12-06T17:00:00Z,19150.661879629624
2020-12-06T18:00:00Z,19157.109666666667
2020-12-06T19:00:00Z,19156.59392592593
2020-12-06T20:00:00Z,19164.67246296297
2020-12-06T21:00:00Z,19198.117055555562
2020-12-06T22:00:00Z,19205.46626851852
2020-12-06T23:00:00Z,19263.2820462963
2020-12-07T00:00:00Z,19318.305953703704
2020-12-07T01:00:00Z,19350.91062037037
2020-12-07T02:00:00Z,19329.492925925926
2020-12-07T03:00:00Z,19298.89177777778
2020-12-07T04:00:00Z,19283.976111111115
2020-12-07T05:00:00Z,19272.312185185187
2020-12-07T06:00:00Z,19282.150907407402
2020-12-07T07:00:00Z,19316.058194444442
2020-12-07T08:00:00Z,19322.38664814815
2020-12-07T09:00:00Z,19292.41113888889
2020-12-07T10:00:00Z,19239.118740740738
2020-12-07T11:00:00Z,19164.68962037037
2020-12-07T12:00:00Z,19144.506398148147
2020-12-07T13:00:00Z,19151.3875
2020-12-07T14:00:00Z,19176.615138888887
2020-12-07T15:00:00Z,19205.509694444445
2020-12-07T16:00:00Z,19216.508685185185
2020-12-07T17:00:00Z,19207.829194444446
2020-12-07T18:00:00Z,19121.810731481484
2020-12-07T19:00:00Z,19019.328731481484
2020-12-07T20:00:00Z,18963.345749999997
2020-12-07T21:00:00Z,18972.316574074077
2020-12-07T22:00:00Z,19032.39182407407
2020-12-07T23:00:00Z,19110.55508333333
2020-12-08T00:00:00Z,19190.74674074074
2020-12-08T01:00:00Z,19245.949870370372
2020-12-08T02:00:00Z,19260.749092592596
2020-12-08T03:00:00Z,19237.941064814815
2020-12-08T04:00:00Z,19207.895379629626
2020-12-08T05:00:00Z,19220.476018518515
2020-12-08T06:00:00Z,19219.954407407404
2020-12-08T07:00:00Z,19201.640444444445
2020-12-08T08:00:00Z,19145.256657407404
2020-12-08T09:00:00Z,19000.660935185184
2020-12-08T10:00:00Z,18853.090675925927
2020-12-08T11:00:00Z,18737.36764814815
2020-12-08T12:00:00Z,18669.642620370363
2020-12-08T13:00:00Z,18710.217749999996
2020-12-08T14:00:00Z,18782.36324074074
2020-12-08T15:00:00Z,18832.8882037037
2020-12-08T16:00:00Z,18852.739944444445
2020-12-08T17:00:00Z,18874.28976851852
2020-12-08T18:00:00Z,18872.477175925927
2020-12-08T19:00:00Z,18848.558712962964
2020-12-08T20:00:00Z,18796.857564814818
2020-12-08T21:00:00Z,18755.389694444446
2020-12-08T22:00:00Z,18607.02035185185
2020-12-08T23:00:00Z,18425.864842592597
2020-12-09T00:00:00Z,18227.068518518518
2020-12-09T01:00:00Z,18100.287787037036
2020-12-09T02:00:00Z,18081.619129629627
2020-12-09T03:00:00Z,18135.152972222222
2020-12-09T04:00:00Z,18170.190333333332
2020-12-09T05:00:00Z,18184.645537037035
2020-12-09T06:00:00Z,18186.551148148144
2020-12-09T07:00:00Z,18102.6397037037
2020-12-09T08:00:00Z,18002.7249537037
2020-12-09T09:00:00Z,17944.560046296294
2020-12-09T10:00:00Z,17997.405666666662
2020-12-09T11:00:00Z,18119.90412037037
2020-12-09T12:00:00Z,18233.658064814812
2020-12-09T13:00:00Z,18371.070175925925
2020-12-09T14:00:00Z,18476.18569444444
2020-12-09T15:00:00Z,18505.268287037037
2020-12-09T16:00:00Z,18485.320212962968
2020-12-09T17:00:00Z,18414.121944444447
2020-12-09T18:00:00Z,18312.720546296296
2020-12-09T19:00:00Z,18240.732685185183
2020-12-09T20:00:00Z,18228.856759259263
2020-12-09T21:00:00Z,18317.49586111111
2020-12-09T22:00:00Z,18451.05437962963
2020-12-09T23:00:00Z,18563.498305555557
2020-12-10T00:00:00Z,18587.36064814815
2020-12-10T01:00:00Z,18544.240416666667
2020-12-10T02:00:00Z,18468.606583333334
2020-12-10T03:00:00Z,18409.26489814815
2020-12-10T04:00:00Z,18384.05537962963
2020-12-10T05:00:00Z,18370.504074074077
2020-12-10T06:00:00Z,18344.69775925926
2020-12-10T07:00:00Z,18324.152787037037
2020-12-10T08:00:00Z,18344.642703703703
2020-12-10T09:00:00Z,18328.79837962963
2020-12-10T10:00:00Z,18262.53909259259
2020-12-10T11:00:00Z,18189.816916666667
2020-12-10T12:00:00Z,18147.994990740743
2020-12-10T13:00:00Z,18152.469629629628
2020-12-10T14:00:00Z,18132.941731481482
2020-12-10T15:00:00Z,18114.175564814817
2020-12-10T16:00:00Z,18112.209194444444
2020-12-10T17:00:00Z,18140.05475925926
2020-12-10T18:00:00Z,18199.805472222222
2020-12-10T19:00:00Z,18293.162064814813
2020-12-10T20:00:00Z,18372.19775925926
2020-12-10T21:00:00Z,18412.882009259258
2020-12-10T22:00:00Z,18408.96832407407
2020-12-10T23:00:00Z,18355.482296296297
2020-12-11T00:00:00Z,18242.023120370373
2020-12-11T01:00:00Z,18098.38347222222
2020-12-11T02:00:00Z,17956.323564814815
2020-12-11T03:00:00Z,17882.61713888889
2020-12-11T04:00:00Z,17868.2917962963
2020-12-11T05:00:00Z,17871.414120370373
2020-12-11T06:00:00Z,17881.858592592595
2020-12-11T07:00:00Z,17853.892712962966
2020-12-11T08:00:00Z,17837.267564814814
2020-12-11T09:00:00Z,17811.44877777778
2020-12-11T10:00:00Z,17773.32735185185
2020-12-11T11:00:00Z,17706.45972222222
2020-12-11T12:00:00Z,17706.504999999997
2020-12-11T13:00:00Z,17788.175453703705
2020-12-11T14:00:00Z,17929.499592592594
2020-12-11T15:00:00Z,18072.089055555552
2020-12-11T16:00:00Z,18121.690064814815
2020-12-11T17:00:00Z,18103.535592592587
2020-12-11T18:00:00Z,18069.09219444444
2020-12-11T19:00:00Z,18027.406740740742
2020-12-11T20:00:00Z,17996.91413888889
2020-12-11T21:00:00Z,18013.857703703703
2020-12-11T22:00:00Z,18064.78737962963
2020-12-11T23:00:00Z,18093.044157407407
2020-12-12T00:00:00Z,18185.458814814814
2020-12-12T01:00:00Z,18273.391296296297
2020-12-12T02:00:00Z,18349.095527777772
2020-12-12T03:00:00Z,18376.27349074074
2020-12-12T04:00:00Z,18387.978916666663
2020-12-12T05:00:00Z,18381.382166666666
2020-12-12T06:00:00Z,18364.660953703704
2020-12-12T07:00:00Z,18367.59867592593
2020-12-12T08:00:00Z,18377.571194444445
2020-12-12T09:00:00Z,18406.645861111112
2020-12-12T10:00:00Z,18419.429398148146
2020-12-12T11:00:00Z,18451.825462962963
2020-12-12T12:00:00Z,18469.575944444445
2020-12-12T13:00:00Z,18464.09212962963
2020-12-12T14:00:00Z,18434.10462962963
2020-12-12T15:00:00Z,18404.618129629627
2020-12-12T16:00:00Z,18390.288157407405
2020-12-12T17:00:00Z,18416.154416666668
2020-12-12T18:00:00Z,18520.748453703705
2020-12-12T19:00:00Z,18676.879120370373
2020-12-12T20:00:00Z,18808.350435185184
2020-12-12T21:00:00Z,18883.19765740741
2020-12-12T22:00:00Z,18922.102509259264
2020-12-12T23:00:00Z,18915.556027777784
2020-12-13T00:00:00Z,18875.48776851852
2020-12-13T01:00:00Z,18835.523250000002
2020-12-13T02:00:00Z,18812.529175925923
2020-12-13T03:00:00Z,18803.406046296295
2020-12-13T04:00:00Z,18820.197861111108
2020-12-13T05:00:00Z,18844.340296296294
2020-12-13T06:00:00Z,18901.97243518518
2020-12-13T07:00:00Z,19044.127277777774
2020-12-13T08:00:00Z,19198.606462962958
2020-12-13T09:00:00Z,19317.323148148145
2020-12-13T10:00:00Z,19373.408768518522
2020-12-13T11:00:00Z,19387.453666666668
2020-12-13T12:00:00Z,19390.44277777778
2020-12-13T13:00:00Z,19383.89555555556
2020-12-13T14:00:00Z,19362.10478703704
2020-12-13T15:00:00Z,19307.680805555552
2020-12-13T16:00:00Z,19281.802092592592
2020-12-13T17:00:00Z,19265.280870370374
2020-12-13T18:00:00Z,19235.11298148148
2020-12-13T19:00:00Z,19199.37327777778
2020-12-13T20:00:00Z,19157.811629629632
2020-12-13T21:00:00Z,19140.39225925926
2020-12-13T22:00:00Z,19121.66488888889
2020-12-13T23:00:00Z,19122.280916666667
2020-12-14T00:00:00Z,19097.28837037037
2020-12-14T01:00:00Z,19075.171740740738
2020-12-14T02:00:00Z,19125.49511111111
2020-12-14T03:00:00Z,19200.498351851853
2020-12-14T04:00:00Z,19230.815138888887
2020-12-14T05:00:00Z,19196.24251851852
2020-12-14T06:00:00Z,19166.28937962963
2020-12-14T07:00:00Z,19147.82650925926
2020-12-14T08:00:00Z,19170.152796296297
2020-12-14T09:00:00Z,19189.587444444445
2020-12-14T10:00:00Z,19168.821148148152
2020-12-14T11:00:00Z,19132.565370370372
2020-12-14T12:00:00Z,19099.763407407412
2020-12-14T13:00:00Z,19107.145898148152
2020-12-14T14:00:00Z,19148.7080462963
2020-12-14T15:00:00Z,19190.137250000003
2020-12-14T16:00:00Z,19201.030972222226
2020-12-14T17:00:00Z,19182.14462037037
2020-12-14T18:00:00Z,19179.15987962963
2020-12-14T19:00:00Z,19178.574074074077
2020-12-14T20:00:00Z,19191.03900925926
2020-12-14T21:00:00Z,19201.08725
2020-12-14T22:00:00Z,19233.658990740743
2020-12-14T23:00:00Z,19268.444703703706
2020-12-15T00:00:00Z,19329.43141666667
2020-12-15T01:00:00Z,19405.591518518515
2020-12-15T02:00:00Z,19468.797018518515
2020-12-15T03:00:00Z,19512.474768518518
2020-12-15T04:00:00Z,19437.29465740741
2020-12-15T05:00:00Z,19297.86862037037
2020-12-15T06:00:00Z,19178.58306481481
2020-12-15T07:00:00Z,19121.75059259259
2020-12-15T08:00:00Z,19108.92349074074
2020-12-15T09:00:00Z,19128.223824074073
2020-12-15T10:00:00Z,19191.014907407407
2020-12-15T11:00:00Z,19261.082398148148
2020-12-15T12:00:00Z,19314.396999999997
2020-12-15T13:00:00Z,19351.45628703704
2020-12-15T14:00:00Z,19369.266416666665
2020-12-15T15:00:00Z,19397.947018518516
2020-12-15T16:00:00Z,19411.01441666667
2020-12-15T17:00:00Z,19421.143416666666
2020-12-15T18:00:00Z,19462.329407407407
2020-12-15T19:00:00Z,19516.75846296296
2020-12-15T20:00:00Z,19552.559527777776
2020-12-15T21:00:00Z,19536.208842592594
2020-12-15T22:00:00Z,19502.30326851852
2020-12-15T23:00:00Z,19464.41863888889
2020-12-16T00:00:00Z,19422.79739814815
2020-12-16T01:00:00Z,19394.185018518518
2020-12-16T02:00:00Z,19396.025944444442
2020-12-16T03:00:00Z,19389.724351851848
2020-12-16T04:00:00Z,19381.323888888885
2020-12-16T05:00:00Z,19372.027879629622
2020-12-16T06:00:00Z,19385.159490740738
2020-12-16T07:00:00Z,19410.700703703707
2020-12-16T08:00:00Z,19449.25763888889
2020-12-16T09:00:00Z,19491.736277777774
2020-12-16T10:00:00Z,19608.251277777774
2020-12-16T11:00:00Z,19727.390157407408
2020-12-16T12:00:00Z,19819.835314814813
2020-12-16T13:00:00Z,20030.611481481483
2020-12-16T14:00:00Z,20371.790824074076
2020-12-16T15:00:00Z,20701.548722222225
2020-12-16T16:00:00Z,20967.241814814814
2020-12-16T17:00:00Z,21029.323287037038
2020-12-16T18:00:00Z,20941.187833333333
2020-12-16T19:00:00Z,20844.62722222222
2020-12-16T20:00:00Z,20802.33127777778
2020-12-16T21:00:00Z,20930.963472222225
2020-12-16T22:00:00Z,21174.59314814815
2020-12-16T23:00:00Z,21398.741675925925
2020-12-17T00:00:00Z,21538.606574074078
2020-12-17T01:00:00Z,21674.19990740741
2020-12-17T02:00:00Z,21842.719037037037
2020-12-17T03:00:00Z,21944.490925925926
2020-12-17T04:00:00Z,21975.40407407407
2020-12-17T05:00:00Z,22088.452842592593
2020-12-17T06:00:00Z,22204.76394444445
2020-12-17T07:00:00Z,22388.95926851852
2020-12-17T08:00:00Z,22666.998722222226
2020-12-17T09:00:00Z,22842.719805555553
2020-12-17T10:00:00Z,22894.16946296296
2020-12-17T11:00:00Z,22877.6707037037
2020-12-17T12:00:00Z,22959.23287962963
2020-12-17T13:00:00Z,23002.1607962963
2020-12-17T14:00:00Z,23087.26404629629
2020-12-17T15:00:00Z,23221.40940740741
2020-12-17T16:00:00Z,23437.95470370371
2020-12-17T17:00:00Z,23474.869898148147
2020-12-17T18:00:00Z,23431.37875925926
2020-12-17T19:00:00Z,23231.33136111112
2020-12-17T20:00:00Z,22986.537629629634
2020-12-17T21:00:00Z,22794.576583333343
2020-12-17T22:00:00Z,22743.056277777778
2020-12-17T23:00:00Z,22753.302555555554
2020-12-18T00:00:00Z,22766.849305555555
2020-12-18T01:00:00Z,22834.60655555555
2020-12-18T02:00:00Z,22918.869916666667
2020-12-18T03:00:00Z,22946.252092592593
2020-12-18T04:00:00Z,22936.128842592592
2020-12-18T05:00:00Z,22925.43387037037
2020-12-18T06:00:00Z,22943.007805555553
2020-12-18T07:00:00Z,22997.75663888888
2020-12-18T08:00:00Z,23069.59892592592
2020-12-18T09:00:00Z,23153.45219444444
2020-12-18T10:00:00Z,23147.078379629627
2020-12-18T11:00:00Z,23056.420981481482
2020-12-18T12:00:00Z,22956.183935185185
2020-12-18T13:00:00Z,22782.09277777778
2020-12-18T14:00:00Z,22632.921824074074
2020-12-18T15:00:00Z,22520.18798148148
2020-12-18T16:00:00Z,22519.274148148146
2020-12-18T17:00:00Z,22599.047842592594
2020-12-18T18:00:00Z,22708.254185185186
2020-12-18T19:00:00Z,22787.617435185184
2020-12-18T20:00:00Z,22823.107231481477
2020-12-18T21:00:00Z,22862.821148148145
2020-12-18T22:00:00Z,22942.21156481482
2020-12-18T23:00:00Z,23058.19491666667
2020-12-19T00:00:00Z,23116.53575
2020-12-19T01:00:00Z,23140.403398148144
2020-12-19T02:00:00Z,23178.349999999995
2020-12-19T03:00:00Z,23195.288685185184
2020-12-19T04:00:00Z,23179.747287037037
2020-12-19T05:00:00Z,23109.71935185185
2020-12-19T06:00:00Z,22998.28173148148
2020-12-19T07:00:00Z,22899.745398148152
2020-12-19T08:00:00Z,22877.390166666668
2020-12-19T09:00:00Z,22907.686648148152
2020-12-19T10:00:00Z,22969.584731481486
2020-12-19T11:00:00Z,22988.858805555556
2020-12-19T12:00:00Z,23015.563666666665
2020-12-19T13:00:00Z,23084.212416666665
2020-12-19T14:00:00Z,23204.896898148145
2020-12-19T15:00:00Z,23403.240157407407
2020-12-19T16:00:00Z,23707.886518518517
2020-12-19T17:00:00Z,23972.945472222225
2020-12-19T18:00:00Z,24105.716657407407
2020-12-19T19:00:00Z,24095.886638888896
2020-12-19T20:00:00Z,24037.279722222225
2020-12-19T21:00:00Z,24007.53936111111
2020-12-19T22:00:00Z,23993.681620370367
2020-12-19T23:00:00Z,23959.542120370374
2020-12-20T00:00:00Z,23805.991212962963
2020-12-20T01:00:00Z,23620.155379629625
2020-12-20T02:00:00Z,23455.91554629629
2020-12-20T03:00:00Z,23338.75112962963
2020-12-20T04:00:00Z,23309.128129629633
2020-12-20T05:00:00Z,23345.39914814815
2020-12-20T06:00:00Z,23420.167305555562
2020-12-20T07:00:00Z,23525.358500000002
2020-12-20T08:00:00Z,23631.963537037034
2020-12-20T09:00:00Z,23681.58791666666
2020-12-20T10:00:00Z,23623.52268518518
2020-12-20T11:00:00Z,23560.25218518519
2020-12-20T12:00:00Z,23498.755351851854
2020-12-20T13:00:00Z,23493.530574074077
2020-12-20T14:00:00Z,23515.97562962963
2020-12-20T15:00:00Z,23641.997592592594
2020-12-20T16:00:00Z,23725.06425925926
2020-12-20T17:00:00Z,23781.20631481481
2020-12-20T18:00:00Z,23835.667574074072
2020-12-20T19:00:00Z,23903.146907407412
2020-12-20T20:00:00Z,24040.71479629629
2020-12-20T21:00:00Z,23932.50018518518
2020-12-20T22:00:00Z,23732.745194444444
2020-12-20T23:00:00Z,23513.674453703698
2020-12-21T00:00:00Z,23446.764583333334
2020-12-21T01:00:00Z,23507.825037037033
2020-12-21T02:00:00Z,23661.87172222222
2020-12-21T03:00:00Z,23838.320314814813
2020-12-21T04:00:00Z,23956.085759259262
2020-12-21T05:00:00Z,24007.515870370375
2020-12-21T06:00:00Z,24005.836064814823
2020-12-21T07:00:00Z,23996.269592592595
2020-12-21T08:00:00Z,23899.079712962965
2020-12-21T09:00:00Z,23711.71184259259
2020-12-21T10:00:00Z,23206.388638888882
2020-12-21T11:00:00Z,22711.4791574074
2020-12-21T12:00:00Z,22279.87709259259
2020-12-21T13:00:00Z,22201.75501851852
2020-12-21T14:00:00Z,22473.109787037032
2020-12-21T15:00:00Z,22834.59974074074
2020-12-21T16:00:00Z,23157.28460185185
2020-12-21T17:00:00Z,23173.958185185187
2020-12-21T18:00:00Z,23042.14776851852
2020-12-21T19:00:00Z,22877.38492592593
2020-12-21T20:00:00Z,22782.06001851852
2020-12-21T21:00:00Z,22858.9045
2020-12-21T22:00:00Z,23017.84863888889
2020-12-21T23:00:00Z,23035.988805555553
2020-12-22T00:00:00Z,22891.33202777778
2020-12-22T01:00:00Z,22741.03862037037
2020-12-22T02:00:00Z,22717.535888888884
2020-12-22T03:00:00Z,22772.78877777777
2020-12-22T04:00:00Z,22870.648601851848
2020-12-22T05:00:00Z,22861.831861111106
2020-12-22T06:00:00Z,22808.98837962963
2020-12-22T07:00:00Z,22723.033342592593
2020-12-22T08:00:00Z,22659.81474074074
2020-12-22T09:00:00Z,22663.583379629632
2020-12-22T10:00:00Z,22681.646685185184
2020-12-22T11:00:00Z,22828.338268518517
2020-12-22T12:00:00Z,23023.742
2020-12-22T13:00:00Z,23289.721314814815
2020-12-22T14:00:00Z,23494.860083333333
2020-12-22T15:00:00Z,23572.06612962963
2020-12-22T16:00:00Z,23545.556509259262
2020-12-22T17:00:00Z,23466.439583333336
2020-12-22T18:00:00Z,23424.58534259259
2020-12-22T19:00:00Z,23412.331231481483
2020-12-22T20:00:00Z,23428.03692592593
2020-12-22T21:00:00Z,23446.48293518519
2020-12-22T22:00:00Z,23542.758314814815
2020-12-22T23:00:00Z,23694.650787037044
2020-12-23T00:00:00Z,23883.68508333334
2020-12-23T01:00:00Z,23944.17039814815
2020-12-23T02:00:00Z,23876.349305555555
2020-12-23T03:00:00Z,23766.82851851852
2020-12-23T04:00:00Z,23607.58551851852
2020-12-23T05:00:00Z,23496.631805555557
2020-12-23T06:00:00Z,23430.6444537037
2020-12-23T07:00:00Z,23433.370277777776
2020-12-23T08:00:00Z,23455.9784074074
2020-12-23T09:00:00Z,23518.687453703707
2020-12-23T10:00:00Z,23522.023324074078
2020-12-23T11:00:00Z,23384.621657407406
2020-12-23T12:00:00Z,23423.80350925926
2020-12-23T13:00:00Z,23504.262453703705
2020-12-23T14:00:00Z,23653.580768518517
2020-12-23T15:00:00Z,23680.89766666666
2020-12-23T16:00:00Z,23590.75919444444
2020-12-23T17:00:00Z,23527.668296296295
2020-12-23T18:00:00Z,23520.119444444445
2020-12-23T19:00:00Z,23543.534083333332
2020-12-23T20:00:00Z,23540.635601851856
2020-12-23T21:00:00Z,23458.94372222222
2020-12-23T22:00:00Z,23345.92310185185
2020-12-23T23:00:00Z,23241.342203703698
2020-12-24T00:00:00Z,23128.65082407408
2020-12-24T01:00:00Z,23083.050425925932
2020-12-24T02:00:00Z,22968.37390740741
2020-12-24T03:00:00Z,22868.770324074078
2020-12-24T04:00:00Z,22842.505564814823
2020-12-24T05:00:00Z,22891.36374074074
2020-12-24T06:00:00Z,22942.6326388889
2020-12-24T07:00:00Z,23029.880222222226
2020-12-24T08:00:00Z,23194.48940740741
2020-12-24T09:00:00Z,23341.819453703705
2020-12-24T10:00:00Z,23373.490879629626
2020-12-24T11:00:00Z,23329.13286111111
2020-12-24T12:00:00Z,23259.821296296297
2020-12-24T13:00:00Z,23267.88235185186
2020-12-24T14:00:00Z,23276.968296296294
2020-12-24T15:00:00Z,23275.691555555557
2020-12-24T16:00:00Z,23252.461833333335
2020-12-24T17:00:00Z,23274.18886111111
2020-12-24T18:00:00Z,23308.097092592583
2020-12-24T19:00:00Z,23331.381703703704
2020-12-24T20:00:00Z,23399.28126851852
2020-12-24T21:00:00Z,23442.948962962964
2020-12-24T22:00:00Z,23551.66407407407
2020-12-24T23:00:00Z,23671.441490740737
2020-12-25T00:00:00Z,23733.84861111111
2020-12-25T01:00:00Z,23729.883712962957
2020-12-25T02:00:00Z,23638.282425925925
2020-12-25T03:00:00Z,23532.063601851856
2020-12-25T04:00:00Z,23491.187361111108
2020-12-25T05:00:00Z,23509.085435185185
2020-12-25T06:00:00Z,23563.586407407405
2020-12-25T07:00:00Z,23619.324342592594
2020-12-25T08:00:00Z,23664.81987962963
2020-12-25T09:00:00Z,23766.85885185185
2020-12-25T10:00:00Z,23894.447259259254
2020-12-25T11:00:00Z,24175.820944444447
2020-12-25T12:00:00Z,24406.36946296296
2020-12-25T13:00:00Z,24580.401833333337
2020-12-25T14:00:00Z,24516.876351851854
2020-12-25T15:00:00Z,24318.82615740741
2020-12-25T16:00:00Z,24126.19222222222
2020-12-25T17:00:00Z,24046.012814814818
2020-12-25T18:00:00Z,24120.829787037033
2020-12-25T19:00:00Z,24277.525583333336
2020-12-25T20:00:00Z,24426.09487962963
2020-12-25T21:00:00Z,24502.32414814815
2020-12-25T22:00:00Z,24559.97409259259
2020-12-25T23:00:00Z,24636.969324074074
2020-12-26T00:00:00Z,24686.118509259253
2020-12-26T01:00:00Z,24787.51672222222
2020-12-26T02:00:00Z,24864.75724074074
2020-12-26T03:00:00Z,24932.883435185184
2020-12-26T04:00:00Z,24941.689953703706
2020-12-26T05:00:00Z,24876.412175925932
2020-12-26T06:00:00Z,24824.691370370372
2020-12-26T07:00:00Z,24787.44426851852
2020-12-26T08:00:00Z,24813.027564814813
2020-12-26T09:00:00Z,24849.422157407404
2020-12-26T10:00:00Z,24833.937064814814
2020-12-26T11:00:00Z,24818.130981481478
2020-12-26T12:00:00Z,24825.948870370372
2020-12-26T13:00:00Z,24870.472351851848
2020-12-26T14:00:00Z,25053.25567592592
2020-12-26T15:00:00Z,25339.305638888884
2020-12-26T16:00:00Z,25680.33086111111
2020-12-26T17:00:00Z,25918.975185185187
2020-12-26T18:00:00Z,25964.957546296297
2020-12-26T19:00:00Z,25969.847657407412
2020-12-26T20:00:00Z,26114.141435185185
2020-12-26T21:00:00Z,26410.04913888889
2020-12-26T22:00:00Z,26620.762527777773
2020-12-26T23:00:00Z,26700.523277777782
2020-12-27T00:00:00Z,26743.039935185185
2020-12-27T01:00:00Z,26745.83035185185
2020-12-27T02:00:00Z,26724.623074074072
2020-12-27T03:00:00Z,26671.143361111113
2020-12-27T04:00:00Z,26658.081018518522
2020-12-27T05:00:00Z,26731.667453703703
2020-12-27T06:00:00Z,27058.62513888889
2020-12-27T07:00:00Z,27442.02036111111
2020-12-27T08:00:00Z,27690.884120370367
2020-12-27T09:00:00Z,27857.98312037037
2020-12-27T10:00:00Z,27930.012592592597
2020-12-27T11:00:00Z,27897.44490740741
2020-12-27T12:00:00Z,27682.488907407405
2020-12-27T13:00:00Z,27495.09325
2020-12-27T14:00:00Z,27331.720731481484
2020-12-27T15:00:00Z,27265.83799074074
2020-12-27T16:00:00Z,27172.046555555557
2020-12-27T17:00:00Z,26979.115712962957
2020-12-27T18:00:00Z,26856.974231481476
2020-12-27T19:00:00Z,26837.88027777778
2020-12-27T20:00:00Z,26645.758842592593
2020-12-27T21:00:00Z,26432.025462962967
2020-12-27T22:00:00Z,26281.700444444446
2020-12-27T23:00:00Z,26188.262407407412
2020-12-28T00:00:00Z,26344.673342592596
2020-12-28T01:00:00Z,26640.614703703704
2020-12-28T02:00:00Z,26948.504092592597
2020-12-28T03:00:00Z,27217.590814814816
2020-12-28T04:00:00Z,27247.868120370375
2020-12-28T05:00:00Z,27156.172212962963
2020-12-28T06:00:00Z,27055.173
2020-12-28T07:00:00Z,26991.062546296296
2020-12-28T08:00:00Z,26950.110805555556
2020-12-28T09:00:00Z,26884.16149074074
2020-12-28T10:00:00Z,26781.295148148147
2020-12-28T11:00:00Z,26725.268453703702
2020-12-28T12:00:00Z,26796.588138888885
2020-12-28T13:00:00Z,26977.06275
2020-12-28T14:00:00Z,27175.593055555564
2020-12-28T15:00:00Z,27201.248907407407
2020-12-28T16:00:00Z,27146.54362037036
2020-12-28T17:00:00Z,27092.40944444445
2020-12-28T18:00:00Z,27043.149601851852
2020-12-28T19:00:00Z,27008.700101851853
2020-12-28T20:00:00Z,26930.042527777772
2020-12-28T21:00:00Z,26779.155759259258
2020-12-28T22:00:00Z,26706.520490740742
2020-12-28T23:00:00Z,26764.250638888887
2020-12-29T00:00:00Z,26819.06630555555
2020-12-29T01:00:00Z,26847.09150925926
2020-12-29T02:00:00Z,26838.448814814812
2020-12-29T03:00:00Z,26697.126898148144
2020-12-29T04:00:00Z,26529.50318518518
2020-12-29T05:00:00Z,26383.51090740741
2020-12-29T06:00:00Z,26283.810861111113
2020-12-29T07:00:00Z,26257.176231481484
2020-12-29T08:00:00Z,26345.106962962967
2020-12-29T09:00:00Z,26464.96064814815
2020-12-29T10:00:00Z,26607.361592592595
2020-12-29T11:00:00Z,26753.915361111114
2020-12-29T12:00:00Z,26867.73265740741
2020-12-29T13:00:00Z,26933.09624074074
2020-12-29T14:00:00Z,26879.484925925924
2020-12-29T15:00:00Z,26755.422990740743
2020-12-29T16:00:00Z,26574.32253703704
2020-12-29T17:00:00Z,26480.66360185185
2020-12-29T18:00:00Z,26467.66085185185
2020-12-29T19:00:00Z,26601.291268518515
2020-12-29T20:00:00Z,26800.422787037038
2020-12-29T21:00:00Z,26949.916972222225
2020-12-29T22:00:00Z,27053.823101851845
2020-12-29T23:00:00Z,27198.522759259256
2020-12-30T00:00:00Z,27420.340249999994
2020-12-30T01:00:00Z,27628.97239814815
2020-12-30T02:00:00Z,27870.63315740741
2020-12-30T03:00:00Z,28066.008638888892
2020-12-30T04:00:00Z,28146.282759259255
2020-12-30T05:00:00Z,28159.817990740736
2020-12-30T06:00:00Z,28234.245972222216
2020-12-30T07:00:00Z,28343.1366574074
2020-12-30T08:00:00Z,28248.86862037037
2020-12-30T09:00:00Z,28066.41885185185
2020-12-30T10:00:00Z,27871.116157407407
2020-12-30T11:00:00Z,27756.28339814815
2020-12-30T12:00:00Z,27739.906416666665
2020-12-30T13:00:00Z,27765.90747222223
2020-12-30T14:00:00Z,27902.673898148147
2020-12-30T15:00:00Z,28059.15049074074
2020-12-30T16:00:00Z,28183.105138888885
2020-12-30T17:00:00Z,28267.935046296294
2020-12-30T18:00:00Z,28385.467925925925
2020-12-30T19:00:00Z,28590.412083333333
2020-12-30T20:00:00Z,28793.661953703704
2020-12-30T21:00:00Z,28959.34861111111
2020-12-30T22:00:00Z,28981.27328703704
2020-12-30T23:00:00Z,28966.16612037037
2020-12-31T00:00:00Z,29010.270194444445
2020-12-31T01:00:00Z,28985.52855555555
2020-12-31T02:00:00Z,28909.348499999996
2020-12-31T03:00:00Z,28893.41160185185
2020-12-31T04:00:00Z,28934.900305555555
2020-12-31T05:00:00Z,28996.612833333336
2020-12-31T06:00:00Z,29002.744138888887
2020-12-31T07:00:00Z,29045.929870370368
2020-12-31T08:00:00Z,29040.093000000004
2020-12-31T09:00:00Z,29031.760203703703
2020-12-31T10:00:00Z,29061.530203703707
2020-12-31T11:00:00Z,29043.55305555555
2020-12-31T12:00:00Z,28926.408194444444
2020-12-31T13:00:00Z,28731.872962962956
2020-12-31T14:00:00Z,28502.890833333335
2020-12-31T15:00:00Z,28460.097981481482
2020-12-31T16:00:00Z,28431.349055555558
2020-12-31T17:00:00Z,28468.682425925927
2020-12-31T18:00:00Z,28608.157629629626
2020-12-31T19:00:00Z,28787.13947222222
2020-12-31T20:00:00Z,29022.411203703698
2020-12-31T21:00:00Z,29150.983740740736
2020-12-31T22:00:00Z,29217.252296296298
2020-12-31T23:00:00Z,29178.965157407405
2021-01-01T00:00:00Z,29128.055175925925
2021-01-01T01:00:00Z,29210.325796296296
2021-01-01T02:00:00Z,29290.22684259259
2021-01-01T03:00:00Z,29375.212388888885
2021-01-01T04:00:00Z,29391.29164814815
2021-01-01T05:00:00Z,29349.561370370375
2021-01-01T06:00:00Z,29290.048759259258
2021-01-01T07:00:00Z,29220.894768518516
2021-01-01T08:00:00Z,29140.920592592593
2021-01-01T09:00:00Z,29135.664972222225
2021-01-01T10:00:00Z,29192.862185185182
2021-01-01T11:00:00Z,29294.65654629629
2021-01-01T12:00:00Z,29363.398268518515
2021-01-01T13:00:00Z,29448.59031481481
2021-01-01T14:00:00Z,29482.32800925926
2021-01-01T15:00:00Z,29438.123407407413
2021-01-01T16:00:00Z,29390.322120370372
2021-01-01T17:00:00Z,29288.65648148148
2021-01-01T18:00:00Z,29190.17576851852
2021-01-01T19:00:00Z,29109.28700925926
2021-01-01T20:00:00Z,29117.266222222224
2021-01-01T21:00:00Z,29168.293037037034
2021-01-01T22:00:00Z,29255.520638888887
2021-01-01T23:00:00Z,29347.453407407407
2021-01-02T00:00:00Z,29371.742657407416
2021-01-02T01:00:00Z,29405.160324074077
2021-01-02T02:00:00Z,29425.81934259259
2021-01-02T03:00:00Z,29448.050694444446
2021-01-02T04:00:00Z,29464.03331481482
2021-01-02T05:00:00Z,29535.536759259256
2021-01-02T06:00:00Z,29662.210916666663
2021-01-02T07:00:00Z,29802.000425925926
2021-01-02T08:00:00Z,29920.905416666665
2021-01-02T09:00:00Z,29914.969833333325
2021-01-02T10:00:00Z,29858.307027777773
2021-01-02T11:00:00Z,29813.44988888888
2021-01-02T12:00:00Z,30052.564555555553
2021-01-02T13:00:00Z,30688.454861111113
2021-01-02T14:00:00Z,31313.47299074074
2021-01-02T15:00:00Z,31842.767777777783
2021-01-02T16:00:00Z,32341.655379629625
2021-01-02T17:00:00Z,32834.32371296297
2021-01-02T18:00:00Z,33237.06369444445
2021-01-02T19:00:00Z,33465.07324074074
2021-01-02T20:00:00Z,32778.11199074075
2021-01-02T21:00:00Z,32018.544472222227
2021-01-02T22:00:00Z,31599.95000925926
2021-01-02T23:00:00Z,31637.244777777774
2021-01-03T00:00:00Z,32008.276768518514
2021-01-03T01:00:00Z,32393.230175925924
2021-01-03T02:00:00Z,32703.44109259259
2021-01-03T03:00:00Z,32837.5273888889
2021-01-03T04:00:00Z,33027.60415740741
2021-01-03T05:00:00Z,33359.73023148148
2021-01-03T06:00:00Z,33785.10205555555
2021-01-03T07:00:00Z,34287.631046296294
2021-01-03T08:00:00Z,34632.51349074074
2021-01-03T09:00:00Z,34720.332944444446
2021-01-03T10:00:00Z,34526.33568518519
2021-01-03T11:00:00Z,34388.9132962963
2021-01-03T12:00:00Z,34267.358296296305
2021-01-03T13:00:00Z,34137.74501851853
2021-01-03T14:00:00Z,34005.40264814815
2021-01-03T15:00:00Z,33784.69715740741
2021-01-03T16:00:00Z,33309.50851851852
2021-01-03T17:00:00Z,32884.56491666666
2021-01-03T18:00:00Z,32579.780185185184
2021-01-03T19:00:00Z,32473.501685185183
2021-01-03T20:00:00Z,32801.00922222223
2021-01-03T21:00:00Z,33233.947574074075
2021-01-03T22:00:00Z,33473.070870370364
2021-01-03T23:00:00Z,33454.99202777777
2021-01-04T00:00:00Z,33222.91004629629
2021-01-04T01:00:00Z,33077.98833333333
2021-01-04T02:00:00Z,33148.18329629629
2021-01-04T03:00:00Z,33362.41093518518
2021-01-04T04:00:00Z,33496.88210185184
2021-01-04T05:00:00Z,33379.3154074074
2021-01-04T06:00:00Z,33244.868064814815
2021-01-04T07:00:00Z,32822.32482407407
2021-01-04T08:00:00Z,32344.92202777778
2021-01-04T09:00:00Z,31637.627861111105
2021-01-04T10:00:00Z,30790.55825
2021-01-04T11:00:00Z,30256.677675925926
2021-01-04T12:00:00Z,30233.259490740747
2021-01-04T13:00:00Z,30616.370675925922
2021-01-04T14:00:00Z,31308.079851851853
2021-01-04T15:00:00Z,31827.09362962963
2021-01-04T16:00:00Z,31937.34201851852
2021-01-04T17:00:00Z,31666.417564814812
2021-01-04T18:00:00Z,31318.49830555556
2021-01-04T19:00:00Z,31240.809740740737
2021-01-04T20:00:00Z,31258.746342592593
2021-01-04T21:00:00Z,31234.880194444442
2021-01-04T22:00:00Z,31232.937842592586
2021-01-04T23:00:00Z,31451.116490740747
2021-01-05T00:00:00Z,31914.47287962963
2021-01-05T01:00:00Z,32493.277351851848
2021-01-05T02:00:00Z,32800.743018518515
2021-01-05T03:00:00Z,32478.707879629626
2021-01-05T04:00:00Z,31762.630796296293
2021-01-05T05:00:00Z,30914.680111111113
2021-01-05T06:00:00Z,30508.70871296297
2021-01-05T07:00:00Z,30426.54082407407
2021-01-05T08:00:00Z,30649.24276851852
2021-01-05T09:00:00Z,31046.467342592598
2021-01-05T10:00:00Z,31348.971583333332
2021-01-05T11:00:00Z,31647.799749999995
2021-01-05T12:00:00Z,31792.41536111111
2021-01-05T13:00:00Z,31790.858657407403
2021-01-05T14:00:00Z,31963.15884259259
2021-01-05T15:00:00Z,32144.296861111114
2021-01-05T16:00:00Z,32410.41617592593
2021-01-05T17:00:00Z,32700.710990740743
2021-01-05T18:00:00Z,33109.97831481482
2021-01-05T19:00:00Z,33593.914648148144
2021-01-05T20:00:00Z,34060.55614814815
2021-01-05T21:00:00Z,34282.981268518524
2021-01-05T22:00:00Z,34421.95557407408
2021-01-05T23:00:00Z,34409.82321296296
2021-01-06T00:00:00Z,34307.106092592585
2021-01-06T01:00:00Z,34140.868925925926
2021-01-06T02:00:00Z,33998.64739814815
2021-01-06T03:00:00Z,34004.53272222222
2021-01-06T04:00:00Z,34472.86292592593
2021-01-06T05:00:00Z,34990.269305555565
2021-01-06T06:00:00Z,35408.19532407407
2021-01-06T07:00:00Z,35444.23330555555
2021-01-06T08:00:00Z,35192.08142592591
2021-01-06T09:00:00Z,34681.23112962962
2021-01-06T10:00:00Z,34340.63483333332
2021-01-06T11:00:00Z,34379.92747222222
2021-01-06T12:00:00Z,34648.06718518519
2021-01-06T13:00:00Z,34845.053583333334
2021-01-06T14:00:00Z,34772.37517592593
2021-01-06T15:00:00Z,34649.353
2021-01-06T16:00:00Z,34582.98472222222
2021-01-06T17:00:00Z,34707.313111111114
2021-01-06T18:00:00Z,34994.06519444445
2021-01-06T19:00:00Z,35157.3431574074
2021-01-06T20:00:00Z,35539.00947222222
2021-01-06T21:00:00Z,35894.86381481482
2021-01-06T22:00:00Z,36198.47063888888
2021-01-06T23:00:00Z,36586.49581481481
2021-01-07T00:00:00Z,37026.79731481481
2021-01-07T01:00:00Z,37325.84760185185
2021-01-07T02:00:00Z,37446.03912962964
2021-01-07T03:00:00Z,37553.09918518519
2021-01-07T04:00:00Z,37646.72079629631
2021-01-07T05:00:00Z,37713.34723148148
2021-01-07T06:00:00Z,37637.929370370366
2021-01-07T07:00:00Z,37375.92354629629
2021-01-07T08:00:00Z,37183.895722222216
2021-01-07T09:00:00Z,37195.00280555555
2021-01-07T10:00:00Z,37210.60660185185
2021-01-07T11:00:00Z,37432.842722222216
2021-01-07T12:00:00Z,37736.797249999996
2021-01-07T13:00:00Z,38083.936611111116
2021-01-07T14:00:00Z,38429.41597222222
2021-01-07T15:00:00Z,38803.02174999999
2021-01-07T16:00:00Z,39148.59775925926
2021-01-07T17:00:00Z,39570.712601851854
2021-01-07T18:00:00Z,39525.50238888888
2021-01-07T19:00:00Z,39363.80812037036
2021-01-07T20:00:00Z,39189.116490740744
2021-01-07T21:00:00Z,39290.66458333334
2021-01-07T22:00:00Z,39548.51952777779
2021-01-07T23:00:00Z,39711.70196296297
2021-01-08T00:00:00Z,39545.544574074076
2021-01-08T01:00:00Z,39156.4270462963
2021-01-08T02:00:00Z,38332.101444444444
2021-01-08T03:00:00Z,37851.24675925925
2021-01-08T04:00:00Z,37845.28924074074
2021-01-08T05:00:00Z,37953.464925925924
2021-01-08T06:00:00Z,38211.856611111114
2021-01-08T07:00:00Z,38524.57212037037
2021-01-08T08:00:00Z,38746.89422222222
2021-01-08T09:00:00Z,39067.608555555555
2021-01-08T10:00:00Z,39754.91550925925
2021-01-08T11:00:00Z,40673.89875
2021-01-08T12:00:00Z,41489.08985185185
2021-01-08T13:00:00Z,41941.021157407406
2021-01-08T14:00:00Z,42056.40585185185
2021-01-08T15:00:00Z,41792.55223148148
2021-01-08T16:00:00Z,41547.994009259266
2021-01-08T17:00:00Z,41296.136037037046
2021-01-08T18:00:00Z,40786.29015740741
2021-01-08T19:00:00Z,40369.43188888889
2021-01-08T20:00:00Z,39716.79417592593
2021-01-08T21:00:00Z,39436.54011111111
2021-01-08T22:00:00Z,39657.95077777778
2021-01-08T23:00:00Z,40127.82662962963
2021-01-09T00:00:00Z,40484.737435185176
2021-01-09T01:00:00Z,40556.74658333332
2021-01-09T02:00:00Z,40377.87681481481
2021-01-09T03:00:00Z,40216.87738888888
2021-01-09T04:00:00Z,40152.88858333334
2021-01-09T05:00:00Z,39890.73821296297
2021-01-09T06:00:00Z,39463.170037037045
2021-01-09T07:00:00Z,39228.395444444446
2021-01-09T08:00:00Z,39394.5575925926
2021-01-09T09:00:00Z,39835.014824074075
2021-01-09T10:00:00Z,40288.670351851855
2021-01-09T11:00:00Z,40625.06759259259
2021-01-09T12:00:00Z,40883.29346296296
2021-01-09T13:00:00Z,41114.67710185185
2021-01-09T14:00:00Z,41207.106129629625
2021-01-09T15:00:00Z,41098.972046296294
2021-01-09T16:00:00Z,40730.735
2021-01-09T17:00:00Z,40442.470620370375
2021-01-09T18:00:00Z,40377.76412037037
2021-01-09T19:00:00Z,40495.55612037038
2021-01-09T20:00:00Z,40661.588870370375
2021-01-09T21:00:00Z,40801.15794444444
2021-01-09T22:00:00Z,40762.55014814815
2021-01-09T23:00:00Z,40572.49845370371
2021-01-10T00:00:00Z,40477.797046296306
2021-01-10T01:00:00Z,40658.83108333334
2021-01-10T02:00:00Z,40936.58376851852
2021-01-10T03:00:00Z,40986.01616666667
2021-01-10T04:00:00Z,40823.77768518519
2021-01-10T05:00:00Z,40609.478092592595
2021-01-10T06:00:00Z,40619.59280555555
2021-01-10T07:00:00Z,40797.939314814816
2021-01-10T08:00:00Z,40959.83861111111
2021-01-10T09:00:00Z,41009.52850000001
2021-01-10T10:00:00Z,40863.96413888889
2021-01-10T11:00:00Z,40276.36525925926
2021-01-10T12:00:00Z,39699.0264074074
2021-01-10T13:00:00Z,39381.646925925925
2021-01-10T14:00:00Z,39265.59262037038
2021-01-10T15:00:00Z,39362.38902777779
2021-01-10T16:00:00Z,39369.89348148149
2021-01-10T17:00:00Z,39119.8489074074
2021-01-10T18:00:00Z,38606.01285185185
2021-01-10T19:00:00Z,37885.53835185186
2021-01-10T20:00:00Z,37375.36230555556
2021-01-10T21:00:00Z,37275.30714814814
2021-01-10T22:00:00Z,37598.247351851845
2021-01-10T23:00:00Z,37972.321824074075
2021-01-11T00:00:00Z,37921.489175925926
2021-01-11T01:00:00Z,37603.54853703704
2021-01-11T02:00:00Z,36967.15702777777
2021-01-11T03:00:00Z,36110.84778703703
2021-01-11T04:00:00Z,35394.00552777778
2021-01-11T05:00:00Z,34790.4187962963
2021-01-11T06:00:00Z,33812.35837037038
2021-01-11T07:00:00Z,33223.00237037038
2021-01-11T08:00:00Z,33462.72251851853
2021-01-11T09:00:00Z,34340.59491666667
2021-01-11T10:00:00Z,35218.46462962963
2021-01-11T11:00:00Z,35318.421555555564
2021-01-11T12:00:00Z,34903.94736111111
2021-01-11T13:00:00Z,33933.49151851852
2021-01-11T14:00:00Z,33156.95992592592
2021-01-11T15:00:00Z,32219.71386111111
2021-01-11T16:00:00Z,31515.00729629629
2021-01-11T17:00:00Z,31455.102629629633
2021-01-11T18:00:00Z,31750.714759259263
2021-01-11T19:00:00Z,32096.68536111112
2021-01-11T20:00:00Z,32610.213268518524
2021-01-11T21:00:00Z,33263.43549074075
2021-01-11T22:00:00Z,34013.47827777778
2021-01-11T23:00:00Z,34915.53988888889
2021-01-12T00:00:00Z,35463.98552777778
2021-01-12T01:00:00Z,35443.83176851852
2021-01-12T02:00:00Z,35089.8074074074
2021-01-12T03:00:00Z,34849.96102777777
2021-01-12T04:00:00Z,34911.16887037037
2021-01-12T05:00:00Z,35331.24998148148
2021-01-12T06:00:00Z,35834.163120370366
2021-01-12T07:00:00Z,36327.80709259259
2021-01-12T08:00:00Z,36457.18751851851
2021-01-12T09:00:00Z,36361.265759259266
2021-01-12T10:00:00Z,35900.94502777778
2021-01-12T11:00:00Z,35475.25946296297
2021-01-12T12:00:00Z,35105.445166666665
2021-01-12T13:00:00Z,34354.31476851852
2021-01-12T14:00:00Z,33598.23971296296
2021-01-12T15:00:00Z,33154.15557407407
2021-01-12T16:00:00Z,33465.843499999995
2021-01-12T17:00:00Z,34169.101842592594
2021-01-12T18:00:00Z,34847.338074074076
2021-01-12T19:00:00Z,35125.76692592592
2021-01-12T20:00:00Z,34959.83707407408
2021-01-12T21:00:00Z,34750.09449074074
2021-01-12T22:00:00Z,34333.056861111116
2021-01-12T23:00:00Z,34023.105416666665
2021-01-13T00:00:00Z,33363.46727777778
2021-01-13T01:00:00Z,32870.958277777776
2021-01-13T02:00:00Z,32599.712722222215
2021-01-13T03:00:00Z,32810.643129629636
2021-01-13T04:00:00Z,33070.533564814825
2021-01-13T05:00:00Z,33259.86289814815
2021-01-13T06:00:00Z,33462.39793518518
2021-01-13T07:00:00Z,33999.27170370371
2021-01-13T08:00:00Z,34522.8755
2021-01-13T09:00:00Z,34795.22125925926
2021-01-13T10:00:00Z,34956.784101851845
2021-01-13T11:00:00Z,34857.19088888889
2021-01-13T12:00:00Z,34649.87927777778
2021-01-13T13:00:00Z,34509.80325925926
2021-01-13T14:00:00Z,34363.592657407404
2021-01-13T15:00:00Z,34393.55211111111
2021-01-13T16:00:00Z,34534.80838888889
2021-01-13T17:00:00Z,34710.90937037037
2021-01-13T18:00:00Z,35118.905351851856
2021-01-13T19:00:00Z,35634.15734259258
2021-01-13T20:00:00Z,36152.928138888885
2021-01-13T21:00:00Z,36811.66048148148
2021-01-13T22:00:00Z,37340.70285185185
2021-01-13T23:00:00Z,37707.560629629625
2021-01-14T00:00:00Z,37966.71657407407
2021-01-14T01:00:00Z,37991.42731481481
2021-01-14T02:00:00Z,37876.15993518519
2021-01-14T03:00:00Z,37584.02672222223
2021-01-14T04:00:00Z,37407.95631481483
2021-01-14T05:00:00Z,37381.24665740741
2021-01-14T06:00:00Z,37550.83147222222
2021-01-14T07:00:00Z,37885.3686111111
2021-01-14T08:00:00Z,38248.028249999996
2021-01-14T09:00:00Z,38379.4252962963
2021-01-14T10:00:00Z,38477.11139814815
2021-01-14T11:00:00Z,38498.06768518518
2021-01-14T12:00:00Z,38470.92775925926
2021-01-14T13:00:00Z,38636.01862962963
2021-01-14T14:00:00Z,39043.84423148148
2021-01-14T15:00:00Z,39477.4136574074
2021-01-14T16:00:00Z,39686.909250000004
2021-01-14T17:00:00Z,39699.102287037036
2021-01-14T18:00:00Z,39570.39466666667
2021-01-14T19:00:00Z,39605.24662962963
2021-01-14T20:00:00Z,39584.814750000005
2021-01-14T21:00:00Z,39350.19233333334
2021-01-14T22:00:00Z,39067.625648148154
2021-01-14T23:00:00Z,38904.58216666667
2021-01-15T00:00:00Z,38994.325
2021-01-15T01:00:00Z,39117.20167592592
2021-01-15T02:00:00Z,39218.87057407407
2021-01-15T03:00:00Z,39090.85238888888
2021-01-15T04:00:00Z,38789.815749999994
2021-01-15T05:00:00Z,38293.40824074073
2021-01-15T06:00:00Z,37893.90146296296
2021-01-15T07:00:00Z,37819.85377777778
2021-01-15T08:00:00Z,37935.16270370371
2021-01-15T09:00:00Z,38234.02049074074
2021-01-15T10:00:00Z,38443.73830555555
2021-01-15T11:00:00Z,38431.606416666655
2021-01-15T12:00:00Z,38188.55338888889
2021-01-15T13:00:00Z,37850.31477777777
2021-01-15T14:00:00Z,37359.84562962963
2021-01-15T15:00:00Z,36526.832444444444
2021-01-15T16:00:00Z,35885.56802777777
2021-01-15T17:00:00Z,35500.59840740741
2021-01-15T18:00:00Z,35283.51022222223
2021-01-15T19:00:00Z,35111.4120462963
2021-01-15T20:00:00Z,35088.02011111111
2021-01-15T21:00:00Z,35388.89713888889
2021-01-15T22:00:00Z,35938.52364814815
2021-01-15T23:00:00Z,36520.217740740736
2021-01-16T00:00:00Z,37034.557916666665
2021-01-16T01:00:00Z,37314.92721296297
2021-01-16T02:00:00Z,37142.70981481482
2021-01-16T03:00:00Z,36843.8549074074
2021-01-16T04:00:00Z,36575.44506481481
2021-01-16T05:00:00Z,36248.48320370369
2021-01-16T06:00:00Z,36041.92076851852
2021-01-16T07:00:00Z,36075.834351851845
2021-01-16T08:00:00Z,36532.893749999996
2021-01-16T09:00:00Z,37118.927037037036
2021-01-16T10:00:00Z,37570.51861111111
2021-01-16T11:00:00Z,37833.76675
2021-01-16T12:00:00Z,37824.76176851852
2021-01-16T13:00:00Z,37631.698398148146
2021-01-16T14:00:00Z,37403.48023148148
2021-01-16T15:00:00Z,37307.85700925925
2021-01-16T16:00:00Z,37266.244407407394
2021-01-16T17:00:00Z,37157.90368518518
2021-01-16T18:00:00Z,36880.55062037036
2021-01-16T19:00:00Z,36541.97925925926
2021-01-16T20:00:00Z,36387.88147222222
2021-01-16T21:00:00Z,36182.01672222222
2021-01-16T22:00:00Z,36052.57286111112
2021-01-16T23:00:00Z,35930.59387037037
2021-01-17T00:00:00Z,35982.5118888889
2021-01-17T01:00:00Z,36235.770027777784
2021-01-17T02:00:00Z,36441.77109259259
2021-01-17T03:00:00Z,36479.688981481486
2021-01-17T04:00:00Z,36275.76499074075
2021-01-17T05:00:00Z,35919.6237962963
2021-01-17T06:00:00Z,35546.114250000006
2021-01-17T07:00:00Z,35095.46397222223
2021-01-17T08:00:00Z,34703.164833333336
2021-01-17T09:00:00Z,34286.22956481482
2021-01-17T10:00:00Z,34187.218240740745
2021-01-17T11:00:00Z,34457.489944444445
2021-01-17T12:00:00Z,34831.4210925926
2021-01-17T13:00:00Z,35048.88414814815
2021-01-17T14:00:00Z,35033.59546296296
2021-01-17T15:00:00Z,35194.13722222222
2021-01-17T16:00:00Z,35521.838388888886
2021-01-17T17:00:00Z,35857.174629629626
2021-01-17T18:00:00Z,36004.87667592592
2021-01-17T19:00:00Z,35951.12537962963
2021-01-17T20:00:00Z,35947.0185925926
2021-01-17T21:00:00Z,36147.65747222222
2021-01-17T22:00:00Z,36322.720287037046
2021-01-17T23:00:00Z,36293.67319444445
2021-01-18T00:00:00Z,36149.69265740741
2021-01-18T01:00:00Z,36041.41119444445
2021-01-18T02:00:00Z,35919.48226851851
2021-01-18T03:00:00Z,35615.67362962963
2021-01-18T04:00:00Z,35262.59367592593
2021-01-18T05:00:00Z,35053.60278703703
2021-01-18T06:00:00Z,34984.62200925926
2021-01-18T07:00:00Z,35293.164490740746
2021-01-18T08:00:00Z,35755.74691666668
2021-01-18T09:00:00Z,36276.46441666667
2021-01-18T10:00:00Z,36556.03864814815
2021-01-18T11:00:00Z,36650.69127777777
2021-01-18T12:00:00Z,36796.109379629626
2021-01-18T13:00:00Z,36904.129527777775
2021-01-18T14:00:00Z,36879.07314814814
2021-01-18T15:00:00Z,36725.14276851852
2021-01-18T16:00:00Z,36472.44178703704
2021-01-18T17:00:00Z,36104.4730462963
2021-01-18T18:00:00Z,35798.555509259255
2021-01-18T19:00:00Z,35671.45872222222
2021-01-18T20:00:00Z,35748.03766666666
2021-01-18T21:00:00Z,35956.49251851852
2021-01-18T22:00:00Z,36226.79125925926
2021-01-18T23:00:00Z,36490.64834259259
2021-01-19T00:00:00Z,36697.96512037037
2021-01-19T01:00:00Z,36883.43211111111
2021-01-19T02:00:00Z,36984.32284259259
2021-01-19T03:00:00Z,36909.90475925926
2021-01-19T04:00:00Z,36695.24741666666
2021-01-19T05:00:00Z,36446.77483333333
2021-01-19T06:00:00Z,36380.525
2021-01-19T07:00:00Z,36622.105749999995
2021-01-19T08:00:00Z,36980.909842592584
2021-01-19T09:00:00Z,37237.175046296295
2021-01-19T10:00:00Z,37328.364388888884
2021-01-19T11:00:00Z,37354.413916666665
2021-01-19T12:00:00Z,37217.09422222223
2021-01-19T13:00:00Z,37123.64450925927
2021-01-19T14:00:00Z,37043.23850925927
2021-01-19T15:00:00Z,37103.38255555556
2021-01-19T16:00:00Z,37244.553148148145
2021-01-19T17:00:00Z,37319.011231481476
2021-01-19T18:00:00Z,37106.074185185185
2021-01-19T19:00:00Z,36697.04441666667
2021-01-19T20:00:00Z,36360.76860185185
2021-01-19T21:00:00Z,36210.83251851852
2021-01-19T22:00:00Z,36291.33924074074
2021-01-19T23:00:00Z,36232.426694444446
2021-01-20T00:00:00Z,36200.89598148147
2021-01-20T01:00:00Z,36125.02217592592
2021-01-20T02:00:00Z,36068.13363888888
2021-01-20T03:00:00Z,35732.774592592585
2021-01-20T04:00:00Z,35363.90178703704
2021-01-20T05:00:00Z,35157.10403703704
2021-01-20T06:00:00Z,35086.36915740741
2021-01-20T07:00:00Z,35253.444074074076
2021-01-20T08:00:00Z,35408.433824074076
2021-01-20T09:00:00Z,35309.455129629634
2021-01-20T10:00:00Z,35040.479314814824
2021-01-20T11:00:00Z,34652.952759259264
2021-01-20T12:00:00Z,34434.255787037044
2021-01-20T13:00:00Z,34480.82988888889
2021-01-20T14:00:00Z,34652.7665
2021-01-20T15:00:00Z,34619.61481481481
2021-01-20T16:00:00Z,34583.29698148148
2021-01-20T17:00:00Z,34610.994249999996
2021-01-20T18:00:00Z,34838.61202777777
2021-01-20T19:00:00Z,35112.839851851844
2021-01-20T20:00:00Z,35229.499749999995
2021-01-20T21:00:00Z,35181.395888888896
2021-01-20T22:00:00Z,35076.45845370371
2021-01-20T23:00:00Z,35153.19712962963
2021-01-21T00:00:00Z,35275.535759259255
2021-01-21T01:00:00Z,35227.987185185186
2021-01-21T02:00:00Z,34987.652574074076
2021-01-21T03:00:00Z,34695.84616666666
2021-01-21T04:00:00Z,34389.23835185186
2021-01-21T05:00:00Z,34272.19194444444
2021-01-21T06:00:00Z,34325.703351851844
2021-01-21T07:00:00Z,34454.59137962962
2021-01-21T08:00:00Z,34162.15695370371
2021-01-21T09:00:00Z,33535.29842592593
2021-01-21T10:00:00Z,32878.08623148148
2021-01-21T11:00:00Z,32269.273361111114
2021-01-21T12:00:00Z,31992.858333333337
2021-01-21T13:00:00Z,31908.22899074075
2021-01-21T14:00:00Z,31597.660268518524
2021-01-21T15:00:00Z,31282.091916666668
2021-01-21T16:00:00Z,30946.088388888893
2021-01-21T17:00:00Z,31008.662092592596
2021-01-21T18:00:00Z,31277.957851851854
2021-01-21T19:00:00Z,31797.194120370372
2021-01-21T20:00:00Z,32110.759175925923
2021-01-21T21:00:00Z,31987.94362962963
2021-01-21T22:00:00Z,31532.658546296298
2021-01-21T23:00:00Z,31008.684342592594
2021-01-22T00:00:00Z,30254.45228703703
2021-01-22T01:00:00Z,29748.115009259258
2021-01-22T02:00:00Z,29727.256842592597
2021-01-22T03:00:00Z,30118.406527777785
2021-01-22T04:00:00Z,30630.551231481484
2021-01-22T05:00:00Z,31252.51225
2021-01-22T06:00:00Z,31672.885277777776
2021-01-22T07:00:00Z,31647.249129629625
2021-01-22T08:00:00Z,31561.90318518518
2021-01-22T09:00:00Z,31447.716851851845
2021-01-22T10:00:00Z,31414.264712962962
2021-01-22T11:00:00Z,31531.031333333336
2021-01-22T12:00:00Z,31621.56600925926
2021-01-22T13:00:00Z,31854.54557407407
2021-01-22T14:00:00Z,32217.67521296296
2021-01-22T15:00:00Z,32547.679453703702
2021-01-22T16:00:00Z,32711.048759259265
2021-01-22T17:00:00Z,32689.56191666667
2021-01-22T18:00:00Z,32866.85528703704
2021-01-22T19:00:00Z,33244.91973148149
2021-01-22T20:00:00Z,33622.39123148147
2021-01-22T21:00:00Z,33773.43927777777
2021-01-22T22:00:00Z,33566.74512037036
2021-01-22T23:00:00Z,33259.57821296296
2021-01-23T00:00:00Z,32930.42596296297
2021-01-23T01:00:00Z,32708.933814814813
2021-01-23T02:00:00Z,32470.003740740736
2021-01-23T03:00:00Z,32304.83393518518
2021-01-23T04:00:00Z,32289.292574074072
2021-01-23T05:00:00Z,32612.068499999998
2021-01-23T06:00:00Z,32905.054009259264
2021-01-23T07:00:00Z,33093.34417592592
2021-01-23T08:00:00Z,33134.65285185185
2021-01-23T09:00:00Z,32951.44187962963
2021-01-23T10:00:00Z,32675.517018518516
2021-01-23T11:00:00Z,32207.70819444444
2021-01-23T12:00:00Z,31755.776879629633
2021-01-23T13:00:00Z,31521.803083333336
2021-01-23T14:00:00Z,31469.295111111114
2021-01-23T15:00:00Z,31581.157490740738
2021-01-23T16:00:00Z,31801.539898148145
2021-01-23T17:00:00Z,32055.3727962963
2021-01-23T18:00:00Z,32241.558935185185
2021-01-23T19:00:00Z,32379.663425925926
2021-01-23T20:00:00Z,32402.756629629625
2021-01-23T21:00:00Z,32406.731027777772
2021-01-23T22:00:00Z,32320.494351851852
2021-01-23T23:00:00Z,32211.611194444442
2021-01-24T00:00:00Z,32055.155435185192
2021-01-24T01:00:00Z,31919.896268518525
2021-01-24T02:00:00Z,31905.474638888893
2021-01-24T03:00:00Z,32080.411898148148
2021-01-24T04:00:00Z,32434.321166666672
2021-01-24T05:00:00Z,32786.9695925926
2021-01-24T06:00:00Z,32984.58319444445
2021-01-24T07:00:00Z,33025.690425925925
2021-01-24T08:00:00Z,32930.31333333333
2021-01-24T09:00:00Z,32807.094842592596
2021-01-24T10:00:00Z,32726.56352777778
2021-01-24T11:00:00Z,32738.122240740737
2021-01-24T12:00:00Z,32666.313472222228
2021-01-24T13:00:00Z,32502.764555555554
2021-01-24T14:00:00Z,32267.651018518518
2021-01-24T15:00:00Z,32032.98837962963
2021-01-24T16:00:00Z,31822.922546296304
2021-01-24T17:00:00Z,31717.60935185185
2021-01-24T18:00:00Z,31694.20815740741
2021-01-24T19:00:00Z,31565.847648148145
2021-01-24T20:00:00Z,31508.00223148148
2021-01-24T21:00:00Z,31574.68598148148
2021-01-24T22:00:00Z,31799.751333333337
2021-01-24T23:00:00Z,32095.378129629633
2021-01-25T00:00:00Z,32415.980722222226
2021-01-25T01:00:00Z,32736.485712962964
2021-01-25T02:00:00Z,32948.277462962964
2021-01-25T03:00:00Z,33269.31050925926
2021-01-25T04:00:00Z,33517.72472222222
2021-01-25T05:00:00Z,33640.63199074074
2021-01-25T06:00:00Z,33677.112925925925
2021-01-25T07:00:00Z,33609.24084259259
2021-01-25T08:00:00Z,33547.030694444446
2021-01-25T09:00:00Z,33365.08395370372
2021-01-25T10:00:00Z,33198.25700925926
2021-01-25T11:00:00Z,33095.02388888889
2021-01-25T12:00:00Z,33380.68337962963
2021-01-25T13:00:00Z,33944.75075925927
2021-01-25T14:00:00Z,34468.883574074076
2021-01-25T15:00:00Z,34765.46048148148
2021-01-25T16:00:00Z,34640.421092592595
2021-01-25T17:00:00Z,34286.83398148148
2021-01-25T18:00:00Z,33892.948111111116
2021-01-25T19:00:00Z,33547.57059259259
2021-01-25T20:00:00Z,33341.49747222222
2021-01-25T21:00:00Z,33036.126435185186
2021-01-25T22:00:00Z,32669.296083333335
2021-01-25T23:00:00Z,32295.388916666663
2021-01-26T00:00:00Z,32114.57908333333
2021-01-26T01:00:00Z,32203.163842592596
2021-01-26T02:00:00Z,32303.345351851855
2021-01-26T03:00:00Z,32113.28833333333
2021-01-26T04:00:00Z,31909.916435185183
2021-01-26T05:00:00Z,31806.801074074076
2021-01-26T06:00:00Z,31716.490490740736
2021-01-26T07:00:00Z,31652.92951851852
2021-01-26T08:00:00Z,31653.828148148154
2021-01-26T09:00:00Z,31698.19174074074
2021-01-26T10:00:00Z,31896.443851851847
2021-01-26T11:00:00Z,31992.59427777778
2021-01-26T12:00:00Z,31832.559500000003
2021-01-26T13:00:00Z,31681.33021296296
2021-01-26T14:00:00Z,31458.2612962963
2021-01-26T15:00:00Z,31437.0385925926
2021-01-26T16:00:00Z,31607.1045
2021-01-26T17:00:00Z,31904.46302777778
2021-01-26T18:00:00Z,32201.10303703703
2021-01-26T19:00:00Z,32375.170629629632
2021-01-26T20:00:00Z,32356.525796296297
2021-01-26T21:00:00Z,32232.44026851852
2021-01-26T22:00:00Z,32324.09002777778
2021-01-26T23:00:00Z,32468.151472222224
2021-01-27T00:00:00Z,32559.311601851852
2021-01-27T01:00:00Z,32475.93214814815
2021-01-27T02:00:00Z,32209.535111111112
2021-01-27T03:00:00Z,31935.92097222223
2021-01-27T04:00:00Z,31780.566620370373
2021-01-27T05:00:00Z,31635.96424074074
2021-01-27T06:00:00Z,31577.04376851852
2021-01-27T07:00:00Z,31595.844092592597
2021-01-27T08:00:00Z,31486.390592592594
2021-01-27T09:00:00Z,31339.770231481485
2021-01-27T10:00:00Z,31243.83785185186
2021-01-27T11:00:00Z,31018.86651851852
2021-01-27T12:00:00Z,30812.303814814815
2021-01-27T13:00:00Z,30511.21832407408
2021-01-27T14:00:00Z,30025.391296296304
2021-01-27T15:00:00Z,29819.604296296297
2021-01-27T16:00:00Z,29919.022666666668
2021-01-27T17:00:00Z,30205.04049074074
2021-01-27T18:00:00Z,30233.320953703704
2021-01-27T19:00:00Z,30350.711407407405
2021-01-27T20:00:00Z,30769.91325
2021-01-27T21:00:00Z,31141.68293518518
2021-01-27T22:00:00Z,31226.59634259259
2021-01-27T23:00:00Z,30974.57614814815
2021-01-28T00:00:00Z,30716.208611111117
2021-01-28T01:00:00Z,30663.53115740741
2021-01-28T02:00:00Z,30801.41576851852
2021-01-28T03:00:00Z,31113.108916666668
2021-01-28T04:00:00Z,31380.262759259258
2021-01-28T05:00:00Z,31659.251500000002
2021-01-28T06:00:00Z,31805.777111111118
2021-01-28T07:00:00Z,31710.918185185194
2021-01-28T08:00:00Z,31465.388555555557
2021-01-28T09:00:00Z,31319.39310185185
2021-01-28T10:00:00Z,31319.74235185185
2021-01-28T11:00:00Z,31401.482453703706
2021-01-28T12:00:00Z,31486.422398148152
2021-01-28T13:00:00Z,31612.020277777778
2021-01-28T14:00:00Z,31770.4064074074
2021-01-28T15:00:00Z,31942.418601851852
2021-01-28T16:00:00Z,32210.525212962966
2021-01-28T17:00:00Z,32417.251555555562
2021-01-28T18:00:00Z,32636.962898148147
2021-01-28T19:00:00Z,32777.912314814814
2021-01-28T20:00:00Z,32830.23151851851
2021-01-28T21:00:00Z,33001.017111111105
2021-01-28T22:00:00Z,33288.9017962963
2021-01-28T23:00:00Z,33554.469759259264
2021-01-29T00:00:00Z,33933.49949074074
2021-01-29T01:00:00Z,34188.027898148146
2021-01-29T02:00:00Z,34328.15563888889
2021-01-29T03:00:00Z,34271.738333333335
2021-01-29T04:00:00Z,33892.487574074075
2021-01-29T05:00:00Z,33416.33966666667
2021-01-29T06:00:00Z,32871.51054629629
2021-01-29T07:00:00Z,32399.445824074064
2021-01-29T08:00:00Z,33304.12828703704
2021-01-29T09:00:00Z,35038.92000925926
2021-01-29T10:00:00Z,36716.75727777779
2021-01-29T11:00:00Z,37799.4530925926
2021-01-29T12:00:00Z,38356.22450925926
2021-01-29T13:00:00Z,38707.77113888889
2021-01-29T14:00:00Z,38554.07816666666
2021-01-29T15:00:00Z,38124.548805555554
2021-01-29T16:00:00Z,37353.29132407407
2021-01-29T17:00:00Z,36453.440185185194
2021-01-29T18:00:00Z,35591.217879629636
2021-01-29T19:00:00Z,34704.22485185187
2021-01-29T20:00:00Z,34138.00377777778
2021-01-29T21:00:00Z,33934.720935185185
2021-01-29T22:00:00Z,33991.16552777778
2021-01-29T23:00:00Z,34077.73076851852
2021-01-30T00:00:00Z,34122.99759259259
2021-01-30T01:00:00Z,34095.126796296296
2021-01-30T02:00:00Z,33977.8075462963
2021-01-30T03:00:00Z,33675.25682407408
2021-01-30T04:00:00Z,33405.52372222223
2021-01-30T05:00:00Z,33256.28545370371
2021-01-30T06:00:00Z,33347.39362962964
2021-01-30T07:00:00Z,33624.172287037036
2021-01-30T08:00:00Z,33868.89348148149
2021-01-30T09:00:00Z,34119.21051851852
2021-01-30T10:00:00Z,34311.118916666666
2021-01-30T11:00:00Z,34233.8340462963
2021-01-30T12:00:00Z,34041.48886111112
2021-01-30T13:00:00Z,33976.60310185185
2021-01-30T14:00:00Z,34044.625111111105
2021-01-30T15:00:00Z,34192.079648148145
2021-01-30T16:00:00Z,34214.66362962963
2021-01-30T17:00:00Z,34218.544499999996
2021-01-30T18:00:00Z,34255.689314814816
2021-01-30T19:00:00Z,34315.53836111111
2021-01-30T20:00:00Z,34322.120629629644
2021-01-30T21:00:00Z,34428.84053703705
2021-01-30T22:00:00Z,34547.50501851852
2021-01-30T23:00:00Z,34569.077259259255
2021-01-31T00:00:00Z,34439.795629629625
2021-01-31T01:00:00Z,34276.11235185185
2021-01-31T02:00:00Z,34034.84183333334
2021-01-31T03:00:00Z,33876.06489814815
2021-01-31T04:00:00Z,33841.41373148147
2021-01-31T05:00:00Z,33806.46074074073
2021-01-31T06:00:00Z,33746.092962962946
2021-01-31T07:00:00Z,33648.32302777777
2021-01-31T08:00:00Z,33558.37973148148
2021-01-31T09:00:00Z,33429.448388888886
2021-01-31T10:00:00Z,33420.22550925926
2021-01-31T11:00:00Z,33458.67178703704
2021-01-31T12:00:00Z,33649.25549074074
2021-01-31T13:00:00Z,33780.073712962956
2021-01-31T14:00:00Z,33724.59598148148
2021-01-31T15:00:00Z,33420.50364814815
2021-01-31T16:00:00Z,33062.94757407408
2021-01-31T17:00:00Z,32629.617601851856
2021-01-31T18:00:00Z,32331.716324074067
2021-01-31T19:00:00Z,32310.38497222222
2021-01-31T20:00:00Z,32483.784824074075
2021-01-31T21:00:00Z,32633.789824074076
2021-01-31T22:00:00Z,32804.20839814814
2021-01-31T23:00:00Z,32973.613249999995
2021-02-01T00:00:00Z,32956.308675925924
2021-02-01T01:00:00Z,33088.28082407408
2021-02-01T02:00:00Z,33336.50439814815
2021-02-01T03:00:00Z,33595.8460462963
2021-02-01T04:00:00Z,33763.152101851854
2021-02-01T05:00:00Z,33855.164435185194
2021-02-01T06:00:00Z,33817.24122222223
2021-02-01T07:00:00Z,33814.778398148155
2021-02-01T08:00:00Z,34032.485953703705
2021-02-01T09:00:00Z,34297.12424999999
2021-02-01T10:00:00Z,34451.075629629624
2021-02-01T11:00:00Z,34452.3203425926
2021-02-01T12:00:00Z,34232.192712962955
2021-02-01T13:00:00Z,33942.78292592592
2021-02-01T14:00:00Z,33653.970944444445
2021-02-01T15:00:00Z,33345.67709259259
2021-02-01T16:00:00Z,33196.685611111105
2021-02-01T17:00:00Z,33347.707074074075
2021-02-01T18:00:00Z,33576.80064814816
2021-02-01T19:00:00Z,33799.58200925926
2021-02-01T20:00:00Z,33912.22765740741
2021-02-01T21:00:00Z,33879.71522222223
2021-02-01T22:00:00Z,33760.641833333335
2021-02-01T23:00:00Z,33619.75282407407
2021-02-02T00:00:00Z,33589.63885185184
2021-02-02T01:00:00Z,33643.28762962962
2021-02-02T02:00:00Z,33704.201175925926
2021-02-02T03:00:00Z,33698.78876851852
2021-02-02T04:00:00Z,33741.925083333335
2021-02-02T05:00:00Z,33850.710185185184
2021-02-02T06:00:00Z,34072.38942592592
2021-02-02T07:00:00Z,34276.56650925926
2021-02-02T08:00:00Z,34519.47295370371
2021-02-02T09:00:00Z,34913.575009259264
2021-02-02T10:00:00Z,35248.39014814815
2021-02-02T11:00:00Z,35310.823935185195
2021-02-02T12:00:00Z,35176.230527777785
2021-02-02T13:00:00Z,34988.0691388889
2021-02-02T14:00:00Z,34855.988083333345
2021-02-02T15:00:00Z,34780.74510185185
2021-02-02T16:00:00Z,34810.13663888888
2021-02-02T17:00:00Z,34852.7234537037
2021-02-02T18:00:00Z,35023.784583333334
2021-02-02T19:00:00Z,35361.67986111111
2021-02-02T20:00:00Z,35721.40659259259
2021-02-02T21:00:00Z,35938.37463888889
2021-02-02T22:00:00Z,35952.7809074074
2021-02-02T23:00:00Z,35815.71047222222
2021-02-03T00:00:00Z,35846.02385185185
2021-02-03T01:00:00Z,35918.079638888885
2021-02-03T02:00:00Z,36004.75276851852
2021-02-03T03:00:00Z,36189.82432407407
2021-02-03T04:00:00Z,36447.794694444434
2021-02-03T05:00:00Z,36652.21901851852
2021-02-03T06:00:00Z,36755.97632407408
2021-02-03T07:00:00Z,36683.8468425926
2021-02-03T08:00:00Z,36456.342851851856
2021-02-03T09:00:00Z,36158.396592592595
2021-02-03T10:00:00Z,35951.097583333336
2021-02-03T11:00:00Z,35858.69148148148
2021-02-03T12:00:00Z,35934.338009259256
2021-02-03T13:00:00Z,36185.184157407406
2021-02-03T14:00:00Z,36456.13971296296
2021-02-03T15:00:00Z,36754.05682407408
2021-02-03T16:00:00Z,37058.728925925934
2021-02-03T17:00:00Z,37298.643944444455
2021-02-03T18:00:00Z,37415.107157407416
2021-02-03T19:00:00Z,37321.671898148146
2021-02-03T20:00:00Z,37201.87048148148
2021-02-03T21:00:00Z,37171.49567592592
2021-02-03T22:00:00Z,37234.17313888888
2021-02-03T23:00:00Z,37434.36408333333
2021-02-04T00:00:00Z,37774.888990740736
2021-02-04T01:00:00Z,38130.09952777778
2021-02-04T02:00:00Z,38303.503638888884
2021-02-04T03:00:00Z,38163.61617592592
2021-02-04T04:00:00Z,37928.81339814815
2021-02-04T05:00:00Z,37709.374546296305
2021-02-04T06:00:00Z,37751.43689814815
2021-02-04T07:00:00Z,37851.687416666675
2021-02-04T08:00:00Z,37787.13402777778
2021-02-04T09:00:00Z,37660.30625
2021-02-04T10:00:00Z,37560.50219444444
2021-02-04T11:00:00Z,37460.60143518518
2021-02-04T12:00:00Z,37472.56648148147
2021-02-04T13:00:00Z,37519.32431481482
2021-02-04T14:00:00Z,37340.89548148148
2021-02-04T15:00:00Z,37001.62310185185
2021-02-04T16:00:00Z,36759.83842592592
2021-02-04T17:00:00Z,36674.509620370365
2021-02-04T18:00:00Z,36813.490694444445
2021-02-04T19:00:00Z,37115.26775
2021-02-04T20:00:00Z,37449.71430555556
2021-02-04T21:00:00Z,37714.29749074074
2021-02-04T22:00:00Z,37735.80428703705
2021-02-04T23:00:00Z,37503.44647222223
2021-02-05T00:00:00Z,37204.21962962964
2021-02-05T01:00:00Z,36871.05261111112
2021-02-05T02:00:00Z,36732.881953703705
2021-02-05T03:00:00Z,36859.388509259246
2021-02-05T04:00:00Z,37087.93151851851
2021-02-05T05:00:00Z,37238.43624999999
2021-02-05T06:00:00Z,37353.389435185185
2021-02-05T07:00:00Z,37509.167111111106
2021-02-05T08:00:00Z,37688.54088888889
2021-02-05T09:00:00Z,37696.79510185186
2021-02-05T10:00:00Z,37618.37183333333
2021-02-05T11:00:00Z,37590.18545370369
2021-02-05T12:00:00Z,37693.96325925926
2021-02-05T13:00:00Z,37982.957629629636
2021-02-05T14:00:00Z,38225.71592592593
2021-02-05T15:00:00Z,38304.71885185186
2021-02-05T16:00:00Z,38197.17217592592
2021-02-05T17:00:00Z,38041.1034074074
2021-02-05T18:00:00Z,37770.98393518518
2021-02-05T19:00:00Z,37588.00032407407
2021-02-05T20:00:00Z,37541.58762962962
2021-02-05T21:00:00Z,37626.58947222222
2021-02-05T22:00:00Z,37756.32316666667
2021-02-05T23:00:00Z,37988.008111111114
2021-02-06T00:00:00Z,38356.32355555555
2021-02-06T01:00:00Z,38743.277648148156
2021-02-06T02:00:00Z,39189.361416666674
2021-02-06T03:00:00Z,39520.74647222223
2021-02-06T04:00:00Z,39633.41115740741
2021-02-06T05:00:00Z,39527.29326851853
2021-02-06T06:00:00Z,39400.93532407408
2021-02-06T07:00:00Z,39350.45901851853
2021-02-06T08:00:00Z,39400.26720370371
2021-02-06T09:00:00Z,39613.026370370375
2021-02-06T10:00:00Z,39887.54348148149
2021-02-06T11:00:00Z,40175.02608333334
2021-02-06T12:00:00Z,40294.31528703704
2021-02-06T13:00:00Z,40319.419083333334
2021-02-06T14:00:00Z,40337.28883333333
2021-02-06T15:00:00Z,40547.778805555565
2021-02-06T16:00:00Z,40749.07474074074
2021-02-06T17:00:00Z,40742.78451851852
2021-02-06T18:00:00Z,40599.4259537037
2021-02-06T19:00:00Z,40383.06001851851
2021-02-06T20:00:00Z,40205.82771296296
2021-02-06T21:00:00Z,40086.441148148144
2021-02-06T22:00:00Z,40008.49007407408
2021-02-06T23:00:00Z,39739.90578703704
2021-02-07T00:00:00Z,39522.56803703704
2021-02-07T01:00:00Z,39116.04169444445
2021-02-07T02:00:00Z,38768.34752777778
2021-02-07T03:00:00Z,38576.42870370371
2021-02-07T04:00:00Z,38396.910722222216
2021-02-07T05:00:00Z,38336.07606481481
2021-02-07T06:00:00Z,38337.22893518519
2021-02-07T07:00:00Z,38546.54562962963
2021-02-07T08:00:00Z,38963.36382407408
2021-02-07T09:00:00Z,39399.506555555556
2021-02-07T10:00:00Z,39641.80373148148
2021-02-07T11:00:00Z,39593.06243518519
2021-02-07T12:00:00Z,39322.49183333333
2021-02-07T13:00:00Z,38970.252111111105
2021-02-07T14:00:00Z,38570.533749999995
2021-02-07T15:00:00Z,38167.34390740741
2021-02-07T16:00:00Z,37943.385981481486
2021-02-07T17:00:00Z,37804.412879629635
2021-02-07T18:00:00Z,37883.0882962963
2021-02-07T19:00:00Z,37987.321138888896
2021-02-07T20:00:00Z,38195.213509259265
2021-02-07T21:00:00Z,38425.02616666668
2021-02-07T22:00:00Z,38677.11541666667
2021-02-07T23:00:00Z,38884.62737037037
2021-02-08T00:00:00Z,38964.74228703704
2021-02-08T01:00:00Z,38896.51161111111
2021-02-08T02:00:00Z,38669.45018518518
2021-02-08T03:00:00Z,38366.89760185185
2021-02-08T04:00:00Z,38267.3756574074
2021-02-08T05:00:00Z,38361.071333333326
2021-02-08T06:00:00Z,38654.90627777778
2021-02-08T07:00:00Z,39031.97625
2021-02-08T08:00:00Z,39305.79393518518
2021-02-08T09:00:00Z,39367.57727777777
2021-02-08T10:00:00Z,39414.91708333333
2021-02-08T11:00:00Z,39463.58573148148
2021-02-08T12:00:00Z,40668.557194444445
2021-02-08T13:00:00Z,42199.55295370371
2021-02-08T14:00:00Z,43668.79811111112
2021-02-08T15:00:00Z,44565.55628703704
2021-02-08T16:00:00Z,44648.73125000001
2021-02-08T17:00:00Z,44271.90212037038
2021-02-08T18:00:00Z,43617.44872222223
2021-02-08T19:00:00Z,43148.94395370371
2021-02-08T20:00:00Z,43266.0535
2021-02-08T21:00:00Z,43874.1545925926
2021-02-08T22:00:00Z,44565.826935185185
2021-02-08T23:00:00Z,45533.371314814816
2021-02-09T00:00:00Z,46477.88191666667
2021-02-09T01:00:00Z,46996.42094444445
2021-02-09T02:00:00Z,46929.15462962963
2021-02-09T03:00:00Z,46761.795740740745
2021-02-09T04:00:00Z,46738.69017592593
2021-02-09T05:00:00Z,46899.00168518518
2021-02-09T06:00:00Z,47450.33656481481
2021-02-09T07:00:00Z,47860.536537037035
2021-02-09T08:00:00Z,47936.33741666667
2021-02-09T09:00:00Z,47521.464185185185
2021-02-09T10:00:00Z,46679.95085185185
2021-02-09T11:00:00Z,46103.840629629645
2021-02-09T12:00:00Z,45575.43545370371
2021-02-09T13:00:00Z,45531.679287037034
2021-02-09T14:00:00Z,45855.391296296286
2021-02-09T15:00:00Z,46358.16500925927
2021-02-09T16:00:00Z,46708.74572222224
2021-02-09T17:00:00Z,46813.89888888889
2021-02-09T18:00:00Z,46910.651092592605
2021-02-09T19:00:00Z,47036.21813888889
2021-02-09T20:00:00Z,47192.044037037034
2021-02-09T21:00:00Z,47341.88212037037
2021-02-09T22:00:00Z,47305.11471296296
2021-02-09T23:00:00Z,47044.696166666654
2021-02-10T00:00:00Z,46744.45852777777
2021-02-10T01:00:00Z,46439.99391666666
2021-02-10T02:00:00Z,46253.9964537037
2021-02-10T03:00:00Z,46164.09389814814
2021-02-10T04:00:00Z,46080.909722222226
2021-02-10T05:00:00Z,46045.0250462963
2021-02-10T06:00:00Z,46162.39413888889
2021-02-10T07:00:00Z,46380.262500000004
2021-02-10T08:00:00Z,46627.4105462963
2021-02-10T09:00:00Z,46774.23289814815
2021-02-10T10:00:00Z,46824.0163425926
2021-02-10T11:00:00Z,46798.53144444444
2021-02-10T12:00:00Z,46502.88211111111
2021-02-10T13:00:00Z,46076.820962962964
2021-02-10T14:00:00Z,45482.539796296296
2021-02-10T15:00:00Z,44791.027037037034
2021-02-10T16:00:00Z,44375.8093425926
2021-02-10T17:00:00Z,44327.94081481482
2021-02-10T18:00:00Z,44571.35520370371
2021-02-10T19:00:00Z,44915.370898148154
2021-02-10T20:00:00Z,44985.41783333333
2021-02-10T21:00:00Z,44987.05666666668
2021-02-10T22:00:00Z,45028.19466666667
2021-02-10T23:00:00Z,45015.737546296295
2021-02-11T00:00:00Z,44805.561416666664
2021-02-11T01:00:00Z,44476.61292592593
2021-02-11T02:00:00Z,44358.057907407405
2021-02-11T03:00:00Z,44647.02955555555
2021-02-11T04:00:00Z,44908.8250648148
2021-02-11T05:00:00Z,44996.50797222222
2021-02-11T06:00:00Z,44876.902611111116
2021-02-11T07:00:00Z,44743.34839814815
2021-02-11T08:00:00Z,44781.335509259254
2021-02-11T09:00:00Z,45057.840731481476
2021-02-11T10:00:00Z,45634.05639814815
2021-02-11T11:00:00Z,46134.00371296296
2021-02-11T12:00:00Z,46566.13837962964
2021-02-11T13:00:00Z,47096.56865740741
2021-02-11T14:00:00Z,47686.33482407408
2021-02-11T15:00:00Z,48201.49447222222
2021-02-11T16:00:00Z,48362.968018518506
2021-02-11T17:00:00Z,48170.94749074074
2021-02-11T18:00:00Z,47920.12850000001
2021-02-11T19:00:00Z,47784.5940925926
2021-02-11T20:00:00Z,47564.09750925925
2021-02-11T21:00:00Z,47257.52513888888
2021-02-11T22:00:00Z,47205.07065740741
2021-02-11T23:00:00Z,47426.80433333333
2021-02-12T00:00:00Z,47781.85558333333
2021-02-12T01:00:00Z,48214.273935185185
2021-02-12T02:00:00Z,48368.626796296296
2021-02-12T03:00:00Z,48220.7535462963
2021-02-12T04:00:00Z,47844.681000000004
2021-02-12T05:00:00Z,47449.01941666665
2021-02-12T06:00:00Z,47230.60513888887
2021-02-12T07:00:00Z,47172.53457407407
2021-02-12T08:00:00Z,47152.39114814814
2021-02-12T09:00:00Z,47197.566620370366
2021-02-12T10:00:00Z,47275.660314814806
2021-02-12T11:00:00Z,47433.21149074074
2021-02-12T12:00:00Z,47621.01313888888
2021-02-12T13:00:00Z,47818.81003703703
2021-02-12T14:00:00Z,47581.028194444436
2021-02-12T15:00:00Z,47273.633601851856
2021-02-12T16:00:00Z,47179.59612962962
2021-02-12T17:00:00Z,47351.26674074074
2021-02-12T18:00:00Z,47504.78950925926
2021-02-12T19:00:00Z,47530.13975925926
2021-02-12T20:00:00Z,47548.80397222223
2021-02-12T21:00:00Z,47675.18352777779
2021-02-12T22:00:00Z,47867.918249999995
2021-02-12T23:00:00Z,47864.01714814815
2021-02-13T00:00:00Z,47748.630851851856
2021-02-13T01:00:00Z,47653.339129629625
2021-02-13T02:00:00Z,47696.71593518518
2021-02-13T03:00:00Z,47822.78182407407
2021-02-13T04:00:00Z,47955.261231481476
2021-02-13T05:00:00Z,48034.02136111111
2021-02-13T06:00:00Z,48015.65194444445
2021-02-13T07:00:00Z,47725.82677777778
2021-02-13T08:00:00Z,47472.49662962963
2021-02-13T09:00:00Z,47258.705555555556
2021-02-13T10:00:00Z,46986.26374074074
2021-02-13T11:00:00Z,46712.72236111112
2021-02-13T12:00:00Z,46587.73301851852
2021-02-13T13:00:00Z,46646.54278703703
2021-02-13T14:00:00Z,46807.98019444445
2021-02-13T15:00:00Z,46995.634722222225
2021-02-13T16:00:00Z,47138.07836111112
2021-02-13T17:00:00Z,47134.46239814814
2021-02-13T18:00:00Z,47031.83146296296
2021-02-13T19:00:00Z,46926.03
2021-02-13T20:00:00Z,46889.88843518519
2021-02-13T21:00:00Z,46974.03751851853
2021-02-13T22:00:00Z,47084.959
2021-02-13T23:00:00Z,47194.50477777779
2021-02-14T00:00:00Z,47390.18393518519
2021-02-14T01:00:00Z,47557.24766666666
2021-02-14T02:00:00Z,47645.765777777764
2021-02-14T03:00:00Z,47602.8490648148
2021-02-14T04:00:00Z,47568.15835185184
2021-02-14T05:00:00Z,47966.04347222223
2021-02-14T06:00:00Z,48498.840490740746
2021-02-14T07:00:00Z,48949.42612037037
2021-02-14T08:00:00Z,49134.56481481481
2021-02-14T09:00:00Z,49223.88937037037
2021-02-14T10:00:00Z,49249.033935185194
2021-02-14T11:00:00Z,49253.062037037045
2021-02-14T12:00:00Z,49343.83490740741
2021-02-14T13:00:00Z,49251.24911111111
2021-02-14T14:00:00Z,49081.949990740744
2021-02-14T15:00:00Z,48831.76862962964
2021-02-14T16:00:00Z,48756.04468518519
2021-02-14T17:00:00Z,48714.520500000006
2021-02-14T18:00:00Z,48722.687750000005
2021-02-14T19:00:00Z,48721.40083333334
2021-02-14T20:00:00Z,48778.453870370366
2021-02-14T21:00:00Z,48849.246175925924
2021-02-14T22:00:00Z,48967.64674074075
2021-02-14T23:00:00Z,48944.8474537037
2021-02-15T00:00:00Z,48882.6858611111
2021-02-15T01:00:00Z,48599.91474074073
2021-02-15T02:00:00Z,47935.24326851851
2021-02-15T03:00:00Z,47272.80185185184
2021-02-15T04:00:00Z,46744.436824074066
2021-02-15T05:00:00Z,46472.70140740741
2021-02-15T06:00:00Z,46462.342592592584
2021-02-15T07:00:00Z,46694.21662037037
2021-02-15T08:00:00Z,47103.49635185185
2021-02-15T09:00:00Z,47467.16458333334
2021-02-15T10:00:00Z,47779.62686111112
2021-02-15T11:00:00Z,47949.04271296296
2021-02-15T12:00:00Z,48060.71226851852
2021-02-15T13:00:00Z,48118.81185185185
2021-02-15T14:00:00Z,48008.8680925926
2021-02-15T15:00:00Z,47939.91376851852
2021-02-15T16:00:00Z,48074.87974074075
2021-02-15T17:00:00Z,48345.44508333333
2021-02-15T18:00:00Z,48550.00674074073
2021-02-15T19:00:00Z,48699.343111111106
2021-02-15T20:00:00Z,48743.242009259266
2021-02-15T21:00:00Z,48613.859814814816
2021-02-15T22:00:00Z,48454.71946296296
2021-02-15T23:00:00Z,48201.14578703703
2021-02-16T00:00:00Z,47909.18281481482
2021-02-16T01:00:00Z,47855.45575925927
2021-02-16T02:00:00Z,48016.5942962963
2021-02-16T03:00:00Z,48606.99168518518
2021-02-16T04:00:00Z,49200.96392592593
2021-02-16T05:00:00Z,49547.29674074075
2021-02-16T06:00:00Z,49554.374092592596
2021-02-16T07:00:00Z,49407.91376851852
2021-02-16T08:00:00Z,49304.6278888889
2021-02-16T09:00:00Z,49277.09068518518
2021-02-16T10:00:00Z,49217.11069444445
2021-02-16T11:00:00Z,49090.21097222221
2021-02-16T12:00:00Z,49170.03003703704
2021-02-16T13:00:00Z,49156.621685185186
2021-02-16T14:00:00Z,49211.56793518518
2021-02-16T15:00:00Z,49164.238648148144
2021-02-16T16:00:00Z,48821.123768518526
2021-02-16T17:00:00Z,48433.483166666665
2021-02-16T18:00:00Z,48246.8684351852
2021-02-16T19:00:00Z,48264.27961111112
2021-02-16T20:00:00Z,48465.32153703704
2021-02-16T21:00:00Z,48611.839518518515
2021-02-16T22:00:00Z,48824.08703703704
2021-02-16T23:00:00Z,49045.8130925926
2021-02-17T00:00:00Z,49190.08478703703
2021-02-17T01:00:00Z,49305.04866666666
2021-02-17T02:00:00Z,49477.52398148148
2021-02-17T03:00:00Z,49653.70935185186
2021-02-17T04:00:00Z,49701.48018518519
2021-02-17T05:00:00Z,49733.68123148147
2021-02-17T06:00:00Z,50007.769453703695
2021-02-17T07:00:00Z,50558.799268518516
2021-02-17T08:00:00Z,51099.47022222222
2021-02-17T09:00:00Z,51547.70607407406
2021-02-17T10:00:00Z,51706.796250000014
2021-02-17T11:00:00Z,51676.64942592594
2021-02-17T12:00:00Z,51480.27573148147
2021-02-17T13:00:00Z,51284.08952777777
2021-02-17T14:00:00Z,51181.40176851852
2021-02-17T15:00:00Z,51148.04860185186
2021-02-17T16:00:00Z,51173.61544444445
2021-02-17T17:00:00Z,51246.97241666668
2021-02-17T18:00:00Z,51347.26281481483
2021-02-17T19:00:00Z,51645.45626851852
2021-02-17T20:00:00Z,52025.12931481481
2021-02-17T21:00:00Z,52382.34353703703
2021-02-17T22:00:00Z,52524.32449074074
2021-02-17T23:00:00Z,52484.16020370371
2021-02-18T00:00:00Z,52407.35765740742
2021-02-18T01:00:00Z,52310.1185462963
2021-02-18T02:00:00Z,52300.538833333354
2021-02-18T03:00:00Z,52234.00411111111
2021-02-18T04:00:00Z,52189.58461111111
2021-02-18T05:00:00Z,52166.63732407407
2021-02-18T06:00:00Z,52094.137259259274
2021-02-18T07:00:00Z,52005.003333333334
2021-02-18T08:00:00Z,51854.29431481481
2021-02-18T09:00:00Z,51737.2712962963
2021-02-18T10:00:00Z,51637.65831481481
2021-02-18T11:00:00Z,51486.820787037024
2021-02-18T12:00:00Z,51376.061046296294
2021-02-18T13:00:00Z,51426.6408425926
2021-02-18T14:00:00Z,51720.48072222222
2021-02-18T15:00:00Z,51859.01174074074
2021-02-18T16:00:00Z,51980.209509259264
2021-02-18T17:00:00Z,51972.467083333344
2021-02-18T18:00:00Z,51928.23065740741
2021-02-18T19:00:00Z,51864.65182407407
2021-02-18T20:00:00Z,51908.24280555555
2021-02-18T21:00:00Z,51989.96106481482
2021-02-18T22:00:00Z,52016.227777777785
2021-02-18T23:00:00Z,51901.6278425926
2021-02-19T00:00:00Z,51690.37872222223
2021-02-19T01:00:00Z,51442.89471296297
2021-02-19T02:00:00Z,51235.523824074065
2021-02-19T03:00:00Z,51114.8563148148
2021-02-19T04:00:00Z,51041.832861111114
2021-02-19T05:00:00Z,51127.05739814815
2021-02-19T06:00:00Z,51341.003092592604
2021-02-19T07:00:00Z,51585.29105555555
2021-02-19T08:00:00Z,51905.59087962963
2021-02-19T09:00:00Z,52312.774750000004
2021-02-19T10:00:00Z,52674.53395370371
2021-02-19T11:00:00Z,52905.90116666667
2021-02-19T12:00:00Z,52924.48646296295
2021-02-19T13:00:00Z,52893.04777777778
2021-02-19T14:00:00Z,52901.80729629629
2021-02-19T15:00:00Z,53242.37147222223
2021-02-19T16:00:00Z,53831.8637962963
2021-02-19T17:00:00Z,54519.76765740741
2021-02-19T18:00:00Z,55207.94897222222
2021-02-19T19:00:00Z,55572.50458333333
2021-02-19T20:00:00Z,55737.81955555556
2021-02-19T21:00:00Z,55817.532620370366
2021-02-19T22:00:00Z,55806.006083333334
2021-02-19T23:00:00Z,55898.972898148146
2021-02-20T00:00:00Z,56096.6246111111
2021-02-20T01:00:00Z,56299.527277777765
2021-02-20T02:00:00Z,56411.73767592591
2021-02-20T03:00:00Z,56279.4813148148
2021-02-20T04:00:00Z,56071.03005555555
2021-02-20T05:00:00Z,55836.47429629631
2021-02-20T06:00:00Z,55763.86828703704
2021-02-20T07:00:00Z,55589.62767592594
2021-02-20T08:00:00Z,55383.15556481483
2021-02-20T09:00:00Z,55211.98987962963
2021-02-20T10:00:00Z,55312.77295370371
2021-02-20T11:00:00Z,55707.61366666667
2021-02-20T12:00:00Z,56438.25502777777
2021-02-20T13:00:00Z,57150.871907407396
2021-02-20T14:00:00Z,57331.15982407407
2021-02-20T15:00:00Z,57059.11751851853
2021-02-20T16:00:00Z,56761.78850925926
2021-02-20T17:00:00Z,56725.12617592593
2021-02-20T18:00:00Z,56916.939462962946
2021-02-20T19:00:00Z,57103.35607407407
2021-02-20T20:00:00Z,57104.9524814815
2021-02-20T21:00:00Z,56914.42955555557
2021-02-20T22:00:00Z,56366.6835925926
2021-02-20T23:00:00Z,55898.06415740741
2021-02-21T00:00:00Z,55600.90600925926
2021-02-21T01:00:00Z,55685.68958333333
2021-02-21T02:00:00Z,55971.74977777778
2021-02-21T03:00:00Z,56303.37576851852
2021-02-21T04:00:00Z,56601.4377962963
2021-02-21T05:00:00Z,56748.71522222223
2021-02-21T06:00:00Z,56764.04314814814
2021-02-21T07:00:00Z,56568.111037037044
2021-02-21T08:00:00Z,56446.2483425926
2021-02-21T09:00:00Z,56502.89668518518
2021-02-21T10:00:00Z,56892.124416666666
2021-02-21T11:00:00Z,57288.601435185185
2021-02-21T12:00:00Z,57421.33731481482
2021-02-21T13:00:00Z,57395.2508888889
2021-02-21T14:00:00Z,57369.339601851854
2021-02-21T15:00:00Z,57389.19742592593
2021-02-21T16:00:00Z,57544.079277777775
2021-02-21T17:00:00Z,57650.65060185185
2021-02-21T18:00:00Z,57882.80466666666
2021-02-21T19:00:00Z,58098.53353703703
2021-02-21T20:00:00Z,58131.92039814815
2021-02-21T21:00:00Z,57916.9386111111
2021-02-21T22:00:00Z,57605.297342592596
2021-02-21T23:00:00Z,57392.0803888889
2021-02-22T00:00:00Z,56968.2686851852
2021-02-22T01:00:00Z,56698.23553703704
2021-02-22T02:00:00Z,56575.518092592596
2021-02-22T03:00:00Z,56318.22430555555
2021-02-22T04:00:00Z,56020.02439814814
2021-02-22T05:00:00Z,55739.96096296296
2021-02-22T06:00:00Z,55649.69464814814
2021-02-22T07:00:00Z,55859.6630462963
2021-02-22T08:00:00Z,55879.130629629646
2021-02-22T09:00:00Z,55509.315129629635
2021-02-22T10:00:00Z,55011.00157407407
2021-02-22T11:00:00Z,54527.93084259259
2021-02-22T12:00:00Z,54022.75993518519
2021-02-22T13:00:00Z,53092.02749074072
2021-02-22T14:00:00Z,52648.06216666667
2021-02-22T15:00:00Z,52548.31113888888
2021-02-22T16:00:00Z,52737.47862962962
2021-02-22T17:00:00Z,52632.23938888888
2021-02-22T18:00:00Z,52634.72374074073
2021-02-22T19:00:00Z,52884.31539814814
2021-02-22T20:00:00Z,53362.06914814814
2021-02-22T21:00:00Z,54153.98644444443
2021-02-22T22:00:00Z,54594.76161111111
2021-02-22T23:00:00Z,54714.264842592595
2021-02-23T00:00:00Z,54370.37256481481
2021-02-23T01:00:00Z,53597.307435185176
2021-02-23T02:00:00Z,52410.90713888888
2021-02-23T03:00:00Z,51517.58926851852
2021-02-23T04:00:00Z,50768.55950925926
2021-02-23T05:00:00Z,50116.49393518517
2021-02-23T06:00:00Z,49520.558
2021-02-23T07:00:00Z,49126.34696296294
2021-02-23T08:00:00Z,48102.49549999999
2021-02-23T09:00:00Z,47390.52100925925
2021-02-23T10:00:00Z,46901.00970370371
2021-02-23T11:00:00Z,46439.93821296297
2021-02-23T12:00:00Z,46823.4881111111
2021-02-23T13:00:00Z,47555.80523148148
2021-02-23T14:00:00Z,47839.931694444436
2021-02-23T15:00:00Z,48149.01550925927
2021-02-23T16:00:00Z,47969.32280555556
2021-02-23T17:00:00Z,47605.857981481495
2021-02-23T18:00:00Z,47152.6000925926
2021-02-23T19:00:00Z,46367.08037037038
2021-02-23T20:00:00Z,46323.570861111104
2021-02-23T21:00:00Z,46817.31974999999
2021-02-23T22:00:00Z,47755.01297222221
2021-02-23T23:00:00Z,48665.248166666664
2021-02-24T00:00:00Z,49101.30218518517
2021-02-24T01:00:00Z,49650.194333333326
2021-02-24T02:00:00Z,50156.71360185186
2021-02-24T03:00:00Z,50778.290935185185
2021-02-24T04:00:00Z,51153.651537037025
2021-02-24T05:00:00Z,51113.06200925925
2021-02-24T06:00:00Z,50795.152444444444
2021-02-24T07:00:00Z,50406.41502777776
2021-02-24T08:00:00Z,50311.454648148145
2021-02-24T09:00:00Z,50492.10951851853
2021-02-24T10:00:00Z,50546.65040740741
2021-02-24T11:00:00Z,50521.82168518519
2021-02-24T12:00:00Z,50532.05002777778
2021-02-24T13:00:00Z,50234.59463888889
2021-02-24T14:00:00Z,49820.59924074074
2021-02-24T15:00:00Z,49542.682083333326
2021-02-24T16:00:00Z,49338.36334259259
2021-02-24T17:00:00Z,49474.93298148148
2021-02-24T18:00:00Z,49598.14610185185
2021-02-24T19:00:00Z,49472.70808333333
2021-02-24T20:00:00Z,49258.955638888896
2021-02-24T21:00:00Z,48948.091518518515
2021-02-24T22:00:00Z,48744.04874074075
2021-02-24T23:00:00Z,48926.34394444444
2021-02-25T00:00:00Z,49539.60501851852
2021-02-25T01:00:00Z,50237.29646296296
2021-02-25T02:00:00Z,50787.277685185174
2021-02-25T03:00:00Z,50921.74704629629
2021-02-25T04:00:00Z,50590.42047222223
2021-02-25T05:00:00Z,50332.29016666667
2021-02-25T06:00:00Z,50257.11219444445
2021-02-25T07:00:00Z,50345.187453703715
2021-02-25T08:00:00Z,50251.560083333345
2021-02-25T09:00:00Z,49797.99200925926
2021-02-25T10:00:00Z,49426.12972222222
2021-02-25T11:00:00Z,49472.20499074073
2021-02-25T12:00:00Z,50174.42705555555
2021-02-25T13:00:00Z,51014.624935185195
2021-02-25T14:00:00Z,51472.63501851852
2021-02-25T15:00:00Z,51490.849453703704
2021-02-25T16:00:00Z,51197.430055555546
2021-02-25T17:00:00Z,50536.84253703704
2021-02-25T18:00:00Z,49868.38312962963
2021-02-25T19:00:00Z,49355.64157407408
2021-02-25T20:00:00Z,49022.56486111111
2021-02-25T21:00:00Z,48554.29244444444
2021-02-25T22:00:00Z,48128.322916666664
2021-02-25T23:00:00Z,47501.05482407407
2021-02-26T00:00:00Z,46889.77387037037
2021-02-26T01:00:00Z,46359.037898148155
2021-02-26T02:00:00Z,46307.56786111113
2021-02-26T03:00:00Z,46596.074175925925
2021-02-26T04:00:00Z,46894.010092592594
2021-02-26T05:00:00Z,46615.73636111111
2021-02-26T06:00:00Z,46171.691277777776
2021-02-26T07:00:00Z,45477.43905555556
2021-02-26T08:00:00Z,45134.635768518514
2021-02-26T09:00:00Z,45337.78714814814
2021-02-26T10:00:00Z,45898.550009259256
2021-02-26T11:00:00Z,46411.359527777786
2021-02-26T12:00:00Z,46788.92357407408
2021-02-26T13:00:00Z,46707.7907962963
2021-02-26T14:00:00Z,46684.235962962965
2021-02-26T15:00:00Z,46968.89303703704
2021-02-26T16:00:00Z,47559.82049074074
2021-02-26T17:00:00Z,48015.18170370371
2021-02-26T18:00:00Z,48062.34160185184
2021-02-26T19:00:00Z,47699.098601851845
2021-02-26T20:00:00Z,47023.77798148148
2021-02-26T21:00:00Z,46233.893240740734
2021-02-26T22:00:00Z,45556.57134259259
2021-02-26T23:00:00Z,45399.32703703704
2021-02-27T00:00:00Z,45984.713379629626
2021-02-27T01:00:00Z,46915.41842592593
2021-02-27T02:00:00Z,47604.66673148148
2021-02-27T03:00:00Z,47889.411611111114
2021-02-27T04:00:00Z,47919.426203703704
2021-02-27T05:00:00Z,47903.16455555556
2021-02-27T06:00:00Z,47832.108481481475
2021-02-27T07:00:00Z,47620.764749999995
2021-02-27T08:00:00Z,47189.843833333325
2021-02-27T09:00:00Z,46764.366250000014
2021-02-27T10:00:00Z,46532.88156481482
2021-02-27T11:00:00Z,46654.53527777778
2021-02-27T12:00:00Z,46984.30637962963
2021-02-27T13:00:00Z,47332.524990740734
2021-02-27T14:00:00Z,47444.802657407396
2021-02-27T15:00:00Z,47208.28912962964
2021-02-27T16:00:00Z,46947.330518518516
2021-02-27T17:00:00Z,46834.10838888888
2021-02-27T18:00:00Z,46912.3315
2021-02-27T19:00:00Z,47149.32817592592
2021-02-27T20:00:00Z,47276.818
2021-02-27T21:00:00Z,47209.909555555554
2021-02-27T22:00:00Z,46743.03837037036
2021-02-27T23:00:00Z,46258.74687962962
2021-02-28T00:00:00Z,46006.626416666666
2021-02-28T01:00:00Z,46040.85737037038
2021-02-28T02:00:00Z,45913.75858333334
2021-02-28T03:00:00Z,45425.845361111125
2021-02-28T04:00:00Z,44753.269212962965
2021-02-28T05:00:00Z,44323.38954629629
2021-02-28T06:00:00Z,44114.892555555554
2021-02-28T07:00:00Z,44105.60669444444
2021-02-28T08:00:00Z,44308.15264814815
2021-02-28T09:00:00Z,44641.17532407407
2021-02-28T10:00:00Z,45011.065851851854
2021-02-28T11:00:00Z,45296.05493518518
2021-02-28T12:00:00Z,45287.027472222224
2021-02-28T13:00:00Z,44928.615203703695
2021-02-28T14:00:00Z,44588.57692592593
2021-02-28T15:00:00Z,44039.33449074074
2021-02-28T16:00:00Z,43597.500972222224
2021-02-28T17:00:00Z,43197.75892592593
2021-02-28T18:00:00Z,43112.72712962963
2021-02-28T19:00:00Z,43491.19757407407
2021-02-28T20:00:00Z,44174.47160185186
2021-02-28T21:00:00Z,44917.930203703705
2021-02-28T22:00:00Z,45434.650138888894
2021-02-28T23:00:00Z,45651.29832407407
2021-03-01T00:00:00Z,45964.45756481481
2021-03-01T01:00:00Z,46279.22407407407
2021-03-01T02:00:00Z,46607.24781481482
2021-03-01T03:00:00Z,46764.1194537037
2021-03-01T04:00:00Z,46788.335259259264
2021-03-01T05:00:00Z,46657.54662962963
2021-03-01T06:00:00Z,46374.109379629626
2021-03-01T07:00:00Z,46204.13587962964
2021-03-01T08:00:00Z,46385.91935185186
2021-03-01T09:00:00Z,46858.732453703706
2021-03-01T10:00:00Z,47435.36658333333
2021-03-01T11:00:00Z,47898.26306481482
2021-03-01T12:00:00Z,48189.46274074074
2021-03-01T13:00:00Z,48275.64100925926
2021-03-01T14:00:00Z,48307.31944444444
2021-03-01T15:00:00Z,48649.91954629629
2021-03-01T16:00:00Z,49068.730731481475
2021-03-01T17:00:00Z,49243.750870370364
2021-03-01T18:00:00Z,49118.502083333326
2021-03-01T19:00:00Z,48761.885861111106
2021-03-01T20:00:00Z,48516.983268518525
2021-03-01T21:00:00Z,48519.574981481484
2021-03-01T22:00:00Z,48763.633388888884
2021-03-01T23:00:00Z,49195.52931481481
2021-03-02T00:00:00Z,49534.63921296296
2021-03-02T01:00:00Z,49702.09874999998
2021-03-02T02:00:00Z,49662.69301851853
2021-03-02T03:00:00Z,49437.357120370376
2021-03-02T04:00:00Z,49237.27533333333
2021-03-02T05:00:00Z,48980.58424999999
2021-03-02T06:00:00Z,48755.950129629615
2021-03-02T07:00:00Z,48515.140879629624
2021-03-02T08:00:00Z,48477.938916666666
2021-03-02T09:00:00Z,48674.92206481481
2021-03-02T10:00:00Z,48826.90035185185
2021-03-02T11:00:00Z,48926.03235185185
2021-03-02T12:00:00Z,48923.26560185186
2021-03-02T13:00:00Z,48944.16734259259
2021-03-02T14:00:00Z,48960.2787962963
2021-03-02T15:00:00Z,48900.026703703705
2021-03-02T16:00:00Z,48450.78445370371
2021-03-02T17:00:00Z,47985.36168518519
2021-03-02T18:00:00Z,47604.95256481482
2021-03-02T19:00:00Z,47363.43982407408
2021-03-02T20:00:00Z,47293.245962962974
2021-03-02T21:00:00Z,47274.27500925926
2021-03-02T22:00:00Z,47419.16483333334
2021-03-02T23:00:00Z,47815.86637962964
2021-03-03T00:00:00Z,48283.8167962963
2021-03-03T01:00:00Z,48742.637342592585
2021-03-03T02:00:00Z,48968.378814814816
2021-03-03T03:00:00Z,49018.861481481465
2021-03-03T04:00:00Z,49088.422361111094
2021-03-03T05:00:00Z,49158.172314814816
2021-03-03T06:00:00Z,49367.298055555555
2021-03-03T07:00:00Z,49641.00789814815
2021-03-03T08:00:00Z,50215.87900925926
2021-03-03T09:00:00Z,50978.79939814815
2021-03-03T10:00:00Z,51626.596388888895
2021-03-03T11:00:00Z,52044.329453703715
2021-03-03T12:00:00Z,52441.13946296297
2021-03-03T13:00:00Z,52453.777444444444
2021-03-03T14:00:00Z,52000.58067592592
2021-03-03T15:00:00Z,51352.928925925924
2021-03-03T16:00:00Z,50909.60588888889
2021-03-03T17:00:00Z,50857.13039814815
2021-03-03T18:00:00Z,51017.09510185185
2021-03-03T19:00:00Z,51073.69425925927
2021-03-03T20:00:00Z,50899.58424999999
2021-03-03T21:00:00Z,50766.11580555554
2021-03-03T22:00:00Z,50629.669999999984
2021-03-03T23:00:00Z,50490.62580555555
2021-03-04T00:00:00Z,50525.43905555555
2021-03-04T01:00:00Z,50840.36402777777
2021-03-04T02:00:00Z,51054.57602777777
2021-03-04T03:00:00Z,50740.532879629616
2021-03-04T04:00:00Z,49969.67045370371
2021-03-04T05:00:00Z,49357.32103703704
2021-03-04T06:00:00Z,49042.57741666667
2021-03-04T07:00:00Z,49122.47772222222
2021-03-04T08:00:00Z,49507.5104537037
2021-03-04T09:00:00Z,49592.936916666666
2021-03-04T10:00:00Z,49496.3125
2021-03-04T11:00:00Z,49330.10419444445
2021-03-04T12:00:00Z,49239.85127777778
2021-03-04T13:00:00Z,49344.708138888884
2021-03-04T14:00:00Z,49441.08501851852
2021-03-04T15:00:00Z,49488.48945370371
2021-03-04T16:00:00Z,49557.96175925926
2021-03-04T17:00:00Z,49274.05959259259
2021-03-04T18:00:00Z,48572.7854537037
2021-03-04T19:00:00Z,47911.74118518519
2021-03-04T20:00:00Z,47591.86239814814
2021-03-04T21:00:00Z,47556.247277777766
2021-03-04T22:00:00Z,47760.484787037036
2021-03-04T23:00:00Z,48023.51491666667
2021-03-05T00:00:00Z,47784.37175925926
2021-03-05T01:00:00Z,47261.45878703704
2021-03-05T02:00:00Z,46836.78845370371
2021-03-05T03:00:00Z,46735.88839814814
2021-03-05T04:00:00Z,46723.42407407406
2021-03-05T05:00:00Z,46836.97014814813
2021-03-05T06:00:00Z,47031.56350925926
2021-03-05T07:00:00Z,47253.61115740741
2021-03-05T08:00:00Z,47198.005453703714
2021-03-05T09:00:00Z,47078.85808333335
2021-03-05T10:00:00Z,46971.264879629634
2021-03-05T11:00:00Z,47090.69911111111
2021-03-05T12:00:00Z,47367.76571296296
2021-03-05T13:00:00Z,47760.53079629629
2021-03-05T14:00:00Z,48111.85582407407
2021-03-05T15:00:00Z,48250.60930555556
2021-03-05T16:00:00Z,48146.57466666666
2021-03-05T17:00:00Z,48051.768796296295
2021-03-05T18:00:00Z,48146.72837962963
2021-03-05T19:00:00Z,48607.04886111111
2021-03-05T20:00:00Z,49113.345898148145
2021-03-05T21:00:00Z,49413.289638888884
2021-03-05T22:00:00Z,49472.001018518524
2021-03-05T23:00:00Z,49272.75716666668
2021-03-06T00:00:00Z,49036.71542592593
2021-03-06T01:00:00Z,48806.78445370371
2021-03-06T02:00:00Z,48666.304212962976
2021-03-06T03:00:00Z,48588.264444444445
2021-03-06T04:00:00Z,48510.31824074074
2021-03-06T05:00:00Z,48450.28624074074
2021-03-06T06:00:00Z,48545.491675925914
2021-03-06T07:00:00Z,48695.272814814794
2021-03-06T08:00:00Z,48777.243500000004
2021-03-06T09:00:00Z,48670.90962037037
2021-03-06T10:00:00Z,48385.18014814815
2021-03-06T11:00:00Z,48130.82118518519
2021-03-06T12:00:00Z,47839.0202037037
2021-03-06T13:00:00Z,47525.82587962962
2021-03-06T14:00:00Z,47343.02077777777
2021-03-06T15:00:00Z,47209.795648148145
2021-03-06T16:00:00Z,47309.996796296306
2021-03-06T17:00:00Z,47655.12809259259
2021-03-06T18:00:00Z,48123.80030555555
2021-03-06T19:00:00Z,48485.30429629629
2021-03-06T20:00:00Z,48700.78741666668
2021-03-06T21:00:00Z,48777.11548148148
2021-03-06T22:00:00Z,48882.524249999995
2021-03-06T23:00:00Z,48980.51863888889
2021-03-07T00:00:00Z,49140.34874074074
2021-03-07T01:00:00Z,49258.01862962963
2021-03-07T02:00:00Z,49435.18736111111
2021-03-07T03:00:00Z,49603.3792962963
2021-03-07T04:00:00Z,49677.99539814814
2021-03-07T05:00:00Z,49636.418111111125
2021-03-07T06:00:00Z,49566.33362037039
2021-03-07T07:00:00Z,49695.10569444445
2021-03-07T08:00:00Z,50019.16114814815
2021-03-07T09:00:00Z,50537.575842592596
2021-03-07T10:00:00Z,50887.4854074074
2021-03-07T11:00:00Z,51037.0280462963
2021-03-07T12:00:00Z,51037.440759259254
2021-03-07T13:00:00Z,50978.56719444445
2021-03-07T14:00:00Z,50878.63088888888
2021-03-07T15:00:00Z,50744.67712962962
2021-03-07T16:00:00Z,50767.74451851851
2021-03-07T17:00:00Z,50884.030629629626
2021-03-07T18:00:00Z,50832.71387962963
2021-03-07T19:00:00Z,50653.984481481486
2021-03-07T20:00:00Z,50336.22878703704
2021-03-07T21:00:00Z,50075.73735185185
2021-03-07T22:00:00Z,50070.019537037035
2021-03-07T23:00:00Z,50357.246888888905
2021-03-08T00:00:00Z,50891.90432407408
2021-03-08T01:00:00Z,51423.66237962964
2021-03-08T02:00:00Z,51529.625509259255
2021-03-08T03:00:00Z,51273.299685185186
2021-03-08T04:00:00Z,50838.74557407408
2021-03-08T05:00:00Z,50583.58162962963
2021-03-08T06:00:00Z,50402.86037037038
2021-03-08T07:00:00Z,50144.05300925926
2021-03-08T08:00:00Z,49876.47856481482
2021-03-08T09:00:00Z,49696.82153703705
2021-03-08T10:00:00Z,49723.305546296295
2021-03-08T11:00:00Z,49983.57858333334
2021-03-08T12:00:00Z,50232.25977777777
2021-03-08T13:00:00Z,50595.99564814815
2021-03-08T14:00:00Z,50853.73408333332
2021-03-08T15:00:00Z,51082.81932407408
2021-03-08T16:00:00Z,51097.53412037038
2021-03-08T17:00:00Z,51016.62505555557
2021-03-08T18:00:00Z,50912.79467592593
2021-03-08T19:00:00Z,50994.00490740741
2021-03-08T20:00:00Z,51316.62271296297
2021-03-08T21:00:00Z,51709.009722222225
2021-03-08T22:00:00Z,51933.7057962963
2021-03-08T23:00:00Z,52188.86684259259
2021-03-09T00:00:00Z,52297.88512962963
2021-03-09T01:00:00Z,52768.18875925926
2021-03-09T02:00:00Z,53343.28080555555
2021-03-09T03:00:00Z,53905.16087962963
2021-03-09T04:00:00Z,54203.44048148146
2021-03-09T05:00:00Z,54392.33332407407
2021-03-09T06:00:00Z,54371.308287037034
2021-03-09T07:00:00Z,54144.19461111111
2021-03-09T08:00:00Z,53998.967000000004
2021-03-09T09:00:00Z,53974.14737037039
2021-03-09T10:00:00Z,54075.55851851852
2021-03-09T11:00:00Z,54215.482092592596
2021-03-09T12:00:00Z,54161.61218518517
2021-03-09T13:00:00Z,54308.45544444444
2021-03-09T14:00:00Z,54462.95051851851
2021-03-09T15:00:00Z,54489.46860185185
2021-03-09T16:00:00Z,54384.97894444445
2021-03-09T17:00:00Z,54118.2082962963
2021-03-09T18:00:00Z,53907.23752777777
2021-03-09T19:00:00Z,53860.973231481476
2021-03-09T20:00:00Z,54008.3670648148
2021-03-09T21:00:00Z,54203.838564814825
2021-03-09T22:00:00Z,54506.18724074074
2021-03-09T23:00:00Z,54804.28400000001
2021-03-10T00:00:00Z,55211.10503703705
2021-03-10T01:00:00Z,55323.17950925926
2021-03-10T02:00:00Z,54969.580638888874
2021-03-10T03:00:00Z,54266.324055555546
2021-03-10T04:00:00Z,53639.19939814814
2021-03-10T05:00:00Z,53314.252185185185
2021-03-10T06:00:00Z,53338.71599074074
2021-03-10T07:00:00Z,53636.41537962962
2021-03-10T08:00:00Z,54115.02752777777
2021-03-10T09:00:00Z,54725.65725925926
2021-03-10T10:00:00Z,55111.39074074073
2021-03-10T11:00:00Z,55245.58612962963
2021-03-10T12:00:00Z,55283.04090740741
2021-03-10T13:00:00Z,55622.689296296296
2021-03-10T14:00:00Z,56065.95303703704
2021-03-10T15:00:00Z,56487.975750000005
2021-03-10T16:00:00Z,56912.01531481481
2021-03-10T17:00:00Z,57164.45106481481
2021-03-10T18:00:00Z,57224.26930555556
2021-03-10T19:00:00Z,57125.376425925926
2021-03-10T20:00:00Z,56815.3604074074
2021-03-10T21:00:00Z,56684.85940740741
2021-03-10T22:00:00Z,56715.567768518544
2021-03-10T23:00:00Z,56523.038824074065
2021-03-11T00:00:00Z,56128.54040740741
2021-03-11T01:00:00Z,55740.90982407407
2021-03-11T02:00:00Z,55677.27378703704
2021-03-11T03:00:00Z,55773.93366666666
2021-03-11T04:00:00Z,55861.23385185186
2021-03-11T05:00:00Z,55687.66756481482
2021-03-11T06:00:00Z,55488.26396296298
2021-03-11T07:00:00Z,55215.816388888896
2021-03-11T08:00:00Z,54919.410481481485
2021-03-11T09:00:00Z,54598.25022222222
2021-03-11T10:00:00Z,54668.314703703705
2021-03-11T11:00:00Z,55207.20382407409
2021-03-11T12:00:00Z,55888.85845370372
2021-03-11T13:00:00Z,56607.77975000001
2021-03-11T14:00:00Z,57053.34813888889
2021-03-11T15:00:00Z,57092.035842592595
2021-03-11T16:00:00Z,57045.84799074075
2021-03-11T17:00:00Z,56972.57200000001
2021-03-11T18:00:00Z,57147.06115740739
2021-03-11T19:00:00Z,57218.84123148146
2021-03-11T20:00:00Z,57362.10562962963
2021-03-11T21:00:00Z,57517.6292037037
2021-03-11T22:00:00Z,57754.673250000014
2021-03-11T23:00:00Z,57944.59671296298
2021-03-12T00:00:00Z,57889.122074074075
2021-03-12T01:00:00Z,57548.91152777777
2021-03-12T02:00:00Z,57154.04300925925
2021-03-12T03:00:00Z,56916.32474074074
2021-03-12T04:00:00Z,56745.8941851852
2021-03-12T05:00:00Z,56784.14409259261
2021-03-12T06:00:00Z,56877.9275462963
2021-03-12T07:00:00Z,56869.34397222222
2021-03-12T08:00:00Z,56748.08728703703
2021-03-12T09:00:00Z,56572.576425925916
2021-03-12T10:00:00Z,56504.16410185185
2021-03-12T11:00:00Z,56471.64936111111
2021-03-12T12:00:00Z,56430.318583333334
2021-03-12T13:00:00Z,56169.54091666668
2021-03-12T14:00:00Z,55996.47062962964
2021-03-12T15:00:00Z,56178.764416666665
2021-03-12T16:00:00Z,56687.99780555555
2021-03-12T17:00:00Z,57169.525583333336
2021-03-12T18:00:00Z,57486.65805555556
2021-03-12T19:00:00Z,57474.16928703704
2021-03-12T20:00:00Z,57229.56453703704
2021-03-12T21:00:00Z,57010.456675925925
2021-03-12T22:00:00Z,56956.618490740744
2021-03-12T23:00:00Z,57053.77305555556
2021-03-13T00:00:00Z,57030.12185185185
2021-03-13T01:00:00Z,56813.626453703706
2021-03-13T02:00:00Z,56547.6045462963
2021-03-13T03:00:00Z,56422.69942592593
2021-03-13T04:00:00Z,56503.02877777778
2021-03-13T05:00:00Z,56637.58070370371
2021-03-13T06:00:00Z,56791.683509259274
2021-03-13T07:00:00Z,57028.80166666666
2021-03-13T08:00:00Z,57284.40810185185
2021-03-13T09:00:00Z,57538.253629629624
2021-03-13T10:00:00Z,58236.602583333326
2021-03-13T11:00:00Z,59164.92805555556
2021-03-13T12:00:00Z,60004.0991388889
2021-03-13T13:00:00Z,60492.87295370371
2021-03-13T14:00:00Z,60533.60492592592
2021-03-13T15:00:00Z,60299.36011111111
2021-03-13T16:00:00Z,60065.467842592596
2021-03-13T17:00:00Z,60063.96347222222
2021-03-13T18:00:00Z,60202.373842592584
2021-03-13T19:00:00Z,60507.34799074073
2021-03-13T20:00:00Z,61035.08555555555
2021-03-13T21:00:00Z,61386.30414814814
2021-03-13T22:00:00Z,61512.35650925926
2021-03-13T23:00:00Z,61460.1855925926
2021-03-14T00:00:00Z,61372.46122222223
2021-03-14T01:00:00Z,61271.17053703704
2021-03-14T02:00:00Z,61175.194935185194
2021-03-14T03:00:00Z,61180.659759259266
2021-03-14T04:00:00Z,61199.94423148149
2021-03-14T05:00:00Z,61175.209249999985
2021-03-14T06:00:00Z,61085.65441666666
2021-03-14T07:00:00Z,60831.50779629629
2021-03-14T08:00:00Z,60653.092675925924
2021-03-14T09:00:00Z,60621.082222222234
2021-03-14T10:00:00Z,60516.98075000001
2021-03-14T11:00:00Z,60392.77065740741
2021-03-14T12:00:00Z,60299.386370370376
2021-03-14T13:00:00Z,60144.302370370366
2021-03-14T14:00:00Z,60010.57813888889
2021-03-14T15:00:00Z,59813.81362037037
2021-03-14T16:00:00Z,59599.21952777777
2021-03-14T17:00:00Z,59493.943611111106
2021-03-14T18:00:00Z,59628.4124074074
2021-03-14T19:00:00Z,59812.290888888885
2021-03-14T20:00:00Z,60057.93533333333
2021-03-14T21:00:00Z,60188.32388888887
2021-03-14T22:00:00Z,60259.61908333333
2021-03-14T23:00:00Z,59918.52402777777
2021-03-15T00:00:00Z,59552.97706481482
2021-03-15T01:00:00Z,59462.50790740741
2021-03-15T02:00:00Z,59625.02526851852
2021-03-15T03:00:00Z,59994.94837037037
2021-03-15T04:00:00Z,60132.35005555555
2021-03-15T05:00:00Z,59842.42514814815
2021-03-15T06:00:00Z,59290.2295462963
2021-03-15T07:00:00Z,58503.05232407408
2021-03-15T08:00:00Z,57813.866398148144
2021-03-15T09:00:00Z,56810.18063888889
2021-03-15T10:00:00Z,56052.12310185187
2021-03-15T11:00:00Z,55593.343796296314
2021-03-15T12:00:00Z,55582.61496296298
2021-03-15T13:00:00Z,55979.89541666667
2021-03-15T14:00:00Z,56227.63535185185
2021-03-15T15:00:00Z,56315.35968518519
2021-03-15T16:00:00Z,56277.98455555556
2021-03-15T17:00:00Z,56162.78877777779
2021-03-15T18:00:00Z,56094.00744444444
2021-03-15T19:00:00Z,56209.95333333333
2021-03-15T20:00:00Z,56353.362361111096
2021-03-15T21:00:00Z,56573.245407407405
2021-03-15T22:00:00Z,56566.46835185186
2021-03-15T23:00:00Z,56260.5174537037
2021-03-16T00:00:00Z,55388.80263888889
2021-03-16T01:00:00Z,54557.27805555556
2021-03-16T02:00:00Z,54059.33214814813
2021-03-16T03:00:00Z,53862.43963888887
2021-03-16T04:00:00Z,53932.22308333332
2021-03-16T05:00:00Z,53956.7634537037
2021-03-16T06:00:00Z,54245.774925925936
2021-03-16T07:00:00Z,54686.235268518525
2021-03-16T08:00:00Z,55330.33637037037
2021-03-16T09:00:00Z,55881.930574074075
2021-03-16T10:00:00Z,56173.9873425926
2021-03-16T11:00:00Z,56102.234509259266
2021-03-16T12:00:00Z,55729.5269537037
2021-03-16T13:00:00Z,55382.55589814814
2021-03-16T14:00:00Z,55282.80984259259
2021-03-16T15:00:00Z,55452.26359259259
2021-03-16T16:00:00Z,55654.94598148148
2021-03-16T17:00:00Z,55649.896555555555
2021-03-16T18:00:00Z,55517.92030555556
2021-03-16T19:00:00Z,55489.947731481494
2021-03-16T20:00:00Z,55764.878490740746
2021-03-16T21:00:00Z,56186.04858333333
2021-03-16T22:00:00Z,56488.2235
2021-03-16T23:00:00Z,56776.188944444446
2021-03-17T00:00:00Z,56871.24600000001
2021-03-17T01:00:00Z,56772.0264537037
2021-03-17T02:00:00Z,56428.40502777777
2021-03-17T03:00:00Z,55938.55979629629
2021-03-17T04:00:00Z,55551.55214814815
2021-03-17T05:00:00Z,55471.90051851852
2021-03-17T06:00:00Z,55712.607055555556
2021-03-17T07:00:00Z,55913.28497222223
2021-03-17T08:00:00Z,55973.43227777778
2021-03-17T09:00:00Z,55606.29322222222
2021-03-17T10:00:00Z,55185.36949074074
2021-03-17T11:00:00Z,54814.12382407408
2021-03-17T12:00:00Z,54724.609574074064
2021-03-17T13:00:00Z,54817.493796296294
2021-03-17T14:00:00Z,54798.617564814806
2021-03-17T15:00:00Z,54812.27030555555
2021-03-17T16:00:00Z,54929.29674074075
2021-03-17T17:00:00Z,55200.35946296297
2021-03-17T18:00:00Z,56106.43525925927
2021-03-17T19:00:00Z,57223.30800925926
2021-03-17T20:00:00Z,58101.33010185185
2021-03-17T21:00:00Z,58719.52390740741
2021-03-17T22:00:00Z,58930.81631481481
2021-03-17T23:00:00Z,59088.5939537037
2021-03-18T00:00:00Z,59199.31312037038
2021-03-18T01:00:00Z,59286.71883333335
2021-03-18T02:00:00Z,59305.384342592595
2021-03-18T03:00:00Z,59163.857925925935
2021-03-18T04:00:00Z,59000.37362962962
2021-03-18T05:00:00Z,58913.82144444444
2021-03-18T06:00:00Z,58900.33535185185
2021-03-18T07:00:00Z,58754.68410185185
2021-03-18T08:00:00Z,58431.25694444446
2021-03-18T09:00:00Z,58205.26662962963
2021-03-18T10:00:00Z,58169.50460185184
2021-03-18T11:00:00Z,58179.161324074084
2021-03-18T12:00:00Z,58155.45546296297
2021-03-18T13:00:00Z,58008.28532407407
2021-03-18T14:00:00Z,57856.142574074074
2021-03-18T15:00:00Z,58260.52062962963
2021-03-18T16:00:00Z,58782.267981481484
2021-03-18T17:00:00Z,59270.88547222221
2021-03-18T18:00:00Z,59212.55246296296
2021-03-18T19:00:00Z,58536.76199074074
2021-03-18T20:00:00Z,57779.76421296296
2021-03-18T21:00:00Z,57376.425851851855
2021-03-18T22:00:00Z,57291.16412037037
2021-03-18T23:00:00Z,57384.040555555555
2021-03-19T00:00:00Z,57260.00143518518
2021-03-19T01:00:00Z,57172.64336111111
2021-03-19T02:00:00Z,57145.057009259246
2021-03-19T03:00:00Z,57331.06325000001
2021-03-19T04:00:00Z,57620.53881481482
2021-03-19T05:00:00Z,58003.11602777779
2021-03-19T06:00:00Z,58267.20452777779
2021-03-19T07:00:00Z,58273.942953703714
2021-03-19T08:00:00Z,58272.97357407407
2021-03-19T09:00:00Z,58276.64407407407
2021-03-19T10:00:00Z,58420.62717592593
2021-03-19T11:00:00Z,58658.47840740741
2021-03-19T12:00:00Z,58867.38481481482
2021-03-19T13:00:00Z,58815.48826851852
2021-03-19T14:00:00Z,58740.66278703703
2021-03-19T15:00:00Z,58771.725037037024
2021-03-19T16:00:00Z,58858.638462962954
2021-03-19T17:00:00Z,58956.74670370369
2021-03-19T18:00:00Z,58964.88709259258
2021-03-19T19:00:00Z,58936.44389814814
2021-03-19T20:00:00Z,58764.39680555556
2021-03-19T21:00:00Z,58638.73433333335
2021-03-19T22:00:00Z,58529.26347222223
2021-03-19T23:00:00Z,58343.71239814814
2021-03-20T00:00:00Z,58320.30191666668
2021-03-20T01:00:00Z,58425.850435185195
2021-03-20T02:00:00Z,58551.26749074075
2021-03-20T03:00:00Z,58580.74728703705
2021-03-20T04:00:00Z,58465.60417592592
2021-03-20T05:00:00Z,58286.49789814816
2021-03-20T06:00:00Z,58200.38172222222
2021-03-20T07:00:00Z,58237.54566666667
2021-03-20T08:00:00Z,58411.893796296295
2021-03-20T09:00:00Z,58633.318740740746
2021-03-20T10:00:00Z,58781.051537037034
2021-03-20T11:00:00Z,58998.25932407406
2021-03-20T12:00:00Z,59184.9549537037
2021-03-20T13:00:00Z,59277.28150925925
2021-03-20T14:00:00Z,59361.915907407405
2021-03-20T15:00:00Z,59380.803620370374
2021-03-20T16:00:00Z,59309.79309259259
2021-03-20T17:00:00Z,59230.9163148148
2021-03-20T18:00:00Z,59167.2475185185
2021-03-20T19:00:00Z,59173.40662037036
2021-03-20T20:00:00Z,59003.5649259259
2021-03-20T21:00:00Z,58816.11276851851
2021-03-20T22:00:00Z,58596.39604629631
2021-03-20T23:00:00Z,58325.82174074076
2021-03-21T00:00:00Z,58180.48746296298
2021-03-21T01:00:00Z,58090.735990740744
2021-03-21T02:00:00Z,57900.56697222223
2021-03-21T03:00:00Z,57741.76710185185
2021-03-21T04:00:00Z,57370.06246296295
2021-03-21T05:00:00Z,57070.70739814814
2021-03-21T06:00:00Z,56883.54989814813
2021-03-21T07:00:00Z,56819.95083333333
2021-03-21T08:00:00Z,56897.88141666665
2021-03-21T09:00:00Z,56654.70599074074
2021-03-21T10:00:00Z,56322.778833333345
2021-03-21T11:00:00Z,56055.312398148155
2021-03-21T12:00:00Z,55947.3041574074
2021-03-21T13:00:00Z,56235.03883333333
2021-03-21T14:00:00Z,56708.12567592593
2021-03-21T15:00:00Z,57154.97026851851
2021-03-21T16:00:00Z,57435.10002777776
2021-03-21T17:00:00Z,57530.8745
2021-03-21T18:00:00Z,57550.108259259265
2021-03-21T19:00:00Z,57587.50575000001
2021-03-21T20:00:00Z,57710.18350000001
2021-03-21T21:00:00Z,57936.70357407408
2021-03-21T22:00:00Z,58004.402777777774
2021-03-21T23:00:00Z,57859.103685185175
2021-03-22T00:00:00Z,57369.28608333332
2021-03-22T01:00:00Z,56834.848750000005
2021-03-22T02:00:00Z,56568.95041666668
2021-03-22T03:00:00Z,56746.49641666667
2021-03-22T04:00:00Z,57159.225222222216
2021-03-22T05:00:00Z,57539.241870370366
2021-03-22T06:00:00Z,57772.533861111115
2021-03-22T07:00:00Z,57817.571120370376
2021-03-22T08:00:00Z,57651.38787962964
2021-03-22T09:00:00Z,57466.99990740739
2021-03-22T10:00:00Z,57498.57966666665
2021-03-22T11:00:00Z,57623.935074074056
2021-03-22T12:00:00Z,57623.300787037035
2021-03-22T13:00:00Z,57411.509879629615
2021-03-22T14:00:00Z,57128.41266666666
2021-03-22T15:00:00Z,56945.275916666666
2021-03-22T16:00:00Z,56810.6269074074
2021-03-22T17:00:00Z,56822.85777777779
2021-03-22T18:00:00Z,56721.57046296296
2021-03-22T19:00:00Z,56301.95060185186
2021-03-22T20:00:00Z,55484.194157407415
2021-03-22T21:00:00Z,54658.30571296298
2021-03-22T22:00:00Z,54141.33524074074
2021-03-22T23:00:00Z,53847.76883333333
2021-03-23T00:00:00Z,53935.851990740724
2021-03-23T01:00:00Z,54314.476398148145
2021-03-23T02:00:00Z,54602.98851851851
2021-03-23T03:00:00Z,54766.61818518519
2021-03-23T04:00:00Z,54699.651037037045
2021-03-23T05:00:00Z,54276.71394444443
2021-03-23T06:00:00Z,53714.906796296294
2021-03-23T07:00:00Z,53500.556000000004
2021-03-23T08:00:00Z,53653.793000000005
2021-03-23T09:00:00Z,54088.193212962964
2021-03-23T10:00:00Z,54528.790601851855
2021-03-23T11:00:00Z,54663.27588888889
2021-03-23T12:00:00Z,54841.53138888889
2021-03-23T13:00:00Z,55070.13694444444
2021-03-23T14:00:00Z,55276.401324074075
2021-03-23T15:00:00Z,55388.51912037035
2021-03-23T16:00:00Z,55488.37349074073
2021-03-23T17:00:00Z,55633.31308333331
2021-03-23T18:00:00Z,55677.16910185184
2021-03-23T19:00:00Z,55520.35447222222
2021-03-23T20:00:00Z,55086.9638425926
2021-03-23T21:00:00Z,54684.99011111112
2021-03-23T22:00:00Z,54368.19317592593
2021-03-23T23:00:00Z,54205.01082407407
2021-03-24T00:00:00Z,53965.54133333333
2021-03-24T01:00:00Z,53945.03812037036
2021-03-24T02:00:00Z,54058.837944444436
2021-03-24T03:00:00Z,54228.26768518519
2021-03-24T04:00:00Z,54282.92025
2021-03-24T05:00:00Z,54229.99597222222
2021-03-24T06:00:00Z,54309.06002777778
2021-03-24T07:00:00Z,54725.148222222226
2021-03-24T08:00:00Z,55492.56147222224
2021-03-24T09:00:00Z,56257.258620370376
2021-03-24T10:00:00Z,56773.09655555555
2021-03-24T11:00:00Z,57001.01571296297
2021-03-24T12:00:00Z,57114.6874537037
2021-03-24T13:00:00Z,57122.58157407407
2021-03-24T14:00:00Z,56991.35688888889
2021-03-24T15:00:00Z,56716.28778703705
2021-03-24T16:00:00Z,56268.72897222222
2021-03-24T17:00:00Z,55973.60996296295
2021-03-24T18:00:00Z,55620.063074074074
2021-03-24T19:00:00Z,55149.12034259259
2021-03-24T20:00:00Z,54509.41934259259
2021-03-24T21:00:00Z,53843.046462962964
2021-03-24T22:00:00Z,53030.11393518519
2021-03-24T23:00:00Z,52290.71481481482
2021-03-25T00:00:00Z,51902.40435185187
2021-03-25T01:00:00Z,51627.90469444444
2021-03-25T02:00:00Z,51630.794120370374
2021-03-25T03:00:00Z,51723.465824074075
2021-03-25T04:00:00Z,51896.77373148148
2021-03-25T05:00:00Z,52208.76264814814
2021-03-25T06:00:00Z,52595.72941666666
2021-03-25T07:00:00Z,52714.396981481485
2021-03-25T08:00:00Z,52721.70219444445
2021-03-25T09:00:00Z,52762.28022222223
2021-03-25T10:00:00Z,52868.54067592593
2021-03-25T11:00:00Z,52751.41774074073
2021-03-25T12:00:00Z,52161.89487037037
2021-03-25T13:00:00Z,51605.36352777778
2021-03-25T14:00:00Z,51165.159842592584
2021-03-25T15:00:00Z,50894.28009259259
2021-03-25T16:00:00Z,50864.60272222222
2021-03-25T17:00:00Z,51052.025555555556
2021-03-25T18:00:00Z,51518.612027777766
2021-03-25T19:00:00Z,52000.02099074074
2021-03-25T20:00:00Z,52271.2483888889
2021-03-25T21:00:00Z,52441.22647222222
2021-03-25T22:00:00Z,52321.620046296295
2021-03-25T23:00:00Z,51962.22262037037
2021-03-26T00:00:00Z,51777.80375
2021-03-26T01:00:00Z,51834.957620370355
2021-03-26T02:00:00Z,51887.57299074074
2021-03-26T03:00:00Z,52091.80319444445
2021-03-26T04:00:00Z,52373.198435185186
2021-03-26T05:00:00Z,52695.96812037037
2021-03-26T06:00:00Z,52882.65638888889
2021-03-26T07:00:00Z,53203.36025925926
2021-03-26T08:00:00Z,53463.18949074074
2021-03-26T09:00:00Z,53620.36999074075
2021-03-26T10:00:00Z,53659.98765740741
2021-03-26T11:00:00Z,53389.72400000001
2021-03-26T12:00:00Z,53129.305629629634
2021-03-26T13:00:00Z,53049.24424074074
2021-03-26T14:00:00Z,53168.551870370364
2021-03-26T15:00:00Z,53318.553527777774
2021-03-26T16:00:00Z,53550.20313888889
2021-03-26T17:00:00Z,53776.76874074074
2021-03-26T18:00:00Z,53904.75332407408
2021-03-26T19:00:00Z,53964.96501851854
2021-03-26T20:00:00Z,54001.82534259261
2021-03-26T21:00:00Z,54226.08355555555
2021-03-26T22:00:00Z,54456.22650925926
2021-03-26T23:00:00Z,54802.4236111111
2021-03-27T00:00:00Z,55009.60625925926
2021-03-27T01:00:00Z,55057.221324074075
2021-03-27T02:00:00Z,55010.13388888889
2021-03-27T03:00:00Z,54920.1486111111
2021-03-27T04:00:00Z,54914.76812962963
2021-03-27T05:00:00Z,55022.847638888896
2021-03-27T06:00:00Z,55120.511777777785
2021-03-27T07:00:00Z,55138.92197222224
2021-03-27T08:00:00Z,55081.50987962963
2021-03-27T09:00:00Z,55026.461055555556
2021-03-27T10:00:00Z,54904.613148148135
2021-03-27T11:00:00Z,54701.95614814814
2021-03-27T12:00:00Z,54444.74831481482
2021-03-27T13:00:00Z,54374.21260185185
2021-03-27T14:00:00Z,54433.56293518519
2021-03-27T15:00:00Z,54650.397
2021-03-27T16:00:00Z,55233.98088888888
2021-03-27T17:00:00Z,55854.67084259258
2021-03-27T18:00:00Z,56221.0689074074
2021-03-27T19:00:00Z,56286.56512962963
2021-03-27T20:00:00Z,56171.50603703704
2021-03-27T21:00:00Z,56206.54658333334
2021-03-27T22:00:00Z,56342.5657037037
2021-03-27T23:00:00Z,56322.465962962946
2021-03-28T00:00:00Z,56221.1109074074
2021-03-28T01:00:00Z,56113.82087037037
2021-03-28T02:00:00Z,55988.24836111112
2021-03-28T03:00:00Z,55958.54864814816
2021-03-28T04:00:00Z,56039.416833333344
2021-03-28T05:00:00Z,56172.441249999996
2021-03-28T06:00:00Z,56191.21122222221
2021-03-28T07:00:00Z,56193.53656481481
2021-03-28T08:00:00Z,56213.70712962963
2021-03-28T09:00:00Z,56206.784546296294
2021-03-28T10:00:00Z,56184.37575925925
2021-03-28T11:00:00Z,56044.96848148148
2021-03-28T12:00:00Z,55795.20203703704
2021-03-28T13:00:00Z,55632.275962962965
2021-03-28T14:00:00Z,55592.471138888905
2021-03-28T15:00:00Z,55818.77260185185
2021-03-28T16:00:00Z,56107.003777777776
2021-03-28T17:00:00Z,56240.9006111111
2021-03-28T18:00:00Z,55982.936629629636
2021-03-28T19:00:00Z,55553.52446296296
2021-03-28T20:00:00Z,55063.96912962964
2021-03-28T21:00:00Z,54810.47642592593
2021-03-28T22:00:00Z,54926.05017592593
2021-03-28T23:00:00Z,55274.18510185185
2021-03-29T00:00:00Z,55523.17768518518
2021-03-29T01:00:00Z,55540.90019444444
2021-03-29T02:00:00Z,55443.8325925926
2021-03-29T03:00:00Z,55344.48390740742
2021-03-29T04:00:00Z,55301.67000925927
2021-03-29T05:00:00Z,55208.086425925925
2021-03-29T06:00:00Z,55198.42373148148
2021-03-29T07:00:00Z,55404.034703703706
2021-03-29T08:00:00Z,56059.324509259255
2021-03-29T09:00:00Z,57057.14523148147
2021-03-29T10:00:00Z,57981.02310185184
2021-03-29T11:00:00Z,58501.60511111111
2021-03-29T12:00:00Z,58634.92799074075
2021-03-29T13:00:00Z,58509.58677777778
2021-03-29T14:00:00Z,58373.11512037038
2021-03-29T15:00:00Z,58154.7400462963
2021-03-29T16:00:00Z,57900.44095370369
2021-03-29T17:00:00Z,57763.767
2021-03-29T18:00:00Z,57713.89399074074
2021-03-29T19:00:00Z,57704.879268518525
2021-03-29T20:00:00Z,57557.89976851854
2021-03-29T21:00:00Z,57443.971175925944
2021-03-29T22:00:00Z,57451.154638888904
2021-03-29T23:00:00Z,57522.11095370372
2021-03-30T00:00:00Z,57573.19549074074
2021-03-30T01:00:00Z,57522.76898148147
2021-03-30T02:00:00Z,57397.95367592591
2021-03-30T03:00:00Z,57234.7455185185
2021-03-30T04:00:00Z,57233.07452777776
2021-03-30T05:00:00Z,57365.604398148156
2021-03-30T06:00:00Z,57669.08147222223
2021-03-30T07:00:00Z,57993.32614814814
2021-03-30T08:00:00Z,58170.84611111111
2021-03-30T09:00:00Z,58463.43010185185
2021-03-30T10:00:00Z,58763.84339814814
2021-03-30T11:00:00Z,59132.40992592593
2021-03-30T12:00:00Z,59381.15412962963
2021-03-30T13:00:00Z,59391.9175
2021-03-30T14:00:00Z,59241.22512962963
2021-03-30T15:00:00Z,58939.953046296294
2021-03-30T16:00:00Z,58713.35641666667
2021-03-30T17:00:00Z,58605.273222222226
2021-03-30T18:00:00Z,58651.80947222223
2021-03-30T19:00:00Z,58828.48105555557
2021-03-30T20:00:00Z,58888.99760185186
2021-03-30T21:00:00Z,58870.76055555556
2021-03-30T22:00:00Z,58784.83331481481
2021-03-30T23:00:00Z,58728.38933333335
2021-03-31T00:00:00Z,58803.87180555556
2021-03-31T01:00:00Z,58901.10947222224
2021-03-31T02:00:00Z,58904.39601851852
2021-03-31T03:00:00Z,58804.22406481482
2021-03-31T04:00:00Z,58711.001435185164
2021-03-31T05:00:00Z,58666.49436111111
2021-03-31T06:00:00Z,58968.67444444444
2021-03-31T07:00:00Z,58937.832324074065
2021-03-31T08:00:00Z,58634.294333333346
2021-03-31T09:00:00Z,58189.692472222225
2021-03-31T10:00:00Z,57770.923462962965
2021-03-31T11:00:00Z,57635.18411111112
2021-03-31T12:00:00Z,57724.4229814815
2021-03-31T13:00:00Z,58041.11641666666
2021-03-31T14:00:00Z,58390.05278703702
2021-03-31T15:00:00Z,58859.88246296297
2021-03-31T16:00:00Z,59175.70233333334
2021-03-31T17:00:00Z,59383.72998148148
2021-03-31T18:00:00Z,59478.42752777777
2021-03-31T19:00:00Z,59278.50617592592
2021-03-31T20:00:00Z,59074.16288888888
2021-03-31T21:00:00Z,58916.71082407407
2021-03-31T22:00:00Z,58776.00724074075
2021-03-31T23:00:00Z,58716.44120370372
2021-04-01T00:00:00Z,58831.848796296304
2021-04-01T01:00:00Z,59016.36136111111
2021-04-01T02:00:00Z,59169.27210185185
2021-04-01T03:00:00Z,59234.83862037037
2021-04-01T04:00:00Z,59159.18445370372
2021-04-01T05:00:00Z,59004.36923148149
2021-04-01T06:00:00Z,58836.77076851852
2021-04-01T07:00:00Z,58750.13254629629
2021-04-01T08:00:00Z,58738.97987037038
2021-04-01T09:00:00Z,58778.11772222223
2021-04-01T10:00:00Z,58753.65770370371
2021-04-01T11:00:00Z,58672.04131481482
2021-04-01T12:00:00Z,58630.07810185186
2021-04-01T13:00:00Z,58697.17862962963
2021-04-01T14:00:00Z,58846.58655555555
2021-04-01T15:00:00Z,58985.77038888889
2021-04-01T16:00:00Z,58997.17903703704
2021-04-01T17:00:00Z,58841.37385185186
2021-04-01T18:00:00Z,58689.2178888889
2021-04-01T19:00:00Z,58668.86268518519
2021-04-01T20:00:00Z,58739.30788888889
2021-04-01T21:00:00Z,58800.757277777775
2021-04-01T22:00:00Z,58882.548361111105
2021-04-01T23:00:00Z,58874.91712962962
2021-04-02T00:00:00Z,58799.11987962963
2021-04-02T01:00:00Z,58765.52583333334
2021-04-02T02:00:00Z,59004.579601851874
2021-04-02T03:00:00Z,59420.592120370384
2021-04-02T04:00:00Z,59742.20510185186
2021-04-02T05:00:00Z,59853.47592592594
2021-04-02T06:00:00Z,59787.518833333335
2021-04-02T07:00:00Z,59650.465703703696
2021-04-02T08:00:00Z,59544.8611111111
2021-04-02T09:00:00Z,59534.72603703703
2021-04-02T10:00:00Z,59580.967509259244
2021-04-02T11:00:00Z,59616.255694444444
2021-04-02T12:00:00Z,59604.66425925924
2021-04-02T13:00:00Z,59468.90124999997
2021-04-02T14:00:00Z,59347.22618518517
2021-04-02T15:00:00Z,59316.848962962955
2021-04-02T16:00:00Z,59293.15093518517
2021-04-02T17:00:00Z,59258.1946574074
2021-04-02T18:00:00Z,59176.766296296286
2021-04-02T19:00:00Z,59023.42207407407
2021-04-02T20:00:00Z,58822.163564814815
2021-04-02T21:00:00Z,58678.80460185185
2021-04-02T22:00:00Z,58643.99787037037
2021-04-02T23:00:00Z,58738.730564814796
2021-04-03T00:00:00Z,59003.777990740724
2021-04-03T01:00:00Z,59239.0793611111
2021-04-03T02:00:00Z,59419.78110185185
2021-04-03T03:00:00Z,59454.116101851854
2021-04-03T04:00:00Z,59452.10049074073
2021-04-03T05:00:00Z,59454.75312962962
2021-04-03T06:00:00Z,59463.19403703703
2021-04-03T07:00:00Z,59434.36168518519
2021-04-03T08:00:00Z,59306.24206481482
2021-04-03T09:00:00Z,59257.420212962956
2021-04-03T10:00:00Z,59258.91185185185
2021-04-03T11:00:00Z,59287.816379629636
2021-04-03T12:00:00Z,59299.164638888884
2021-04-03T13:00:00Z,59330.00257407408
2021-04-03T14:00:00Z,59292.722787037026
2021-04-03T15:00:00Z,59132.11680555556
2021-04-03T16:00:00Z,58919.71419444445
2021-04-03T17:00:00Z,58577.02778703705
2021-04-03T18:00:00Z,58342.17498148149
2021-04-03T19:00:00Z,58281.66197222221
2021-04-03T20:00:00Z,58195.93819444444
2021-04-03T21:00:00Z,57979.59257407407
2021-04-03T22:00:00Z,57684.43914814815
2021-04-03T23:00:00Z,57303.819537037045
2021-04-04T00:00:00Z,56889.431879629636
2021-04-04T01:00:00Z,56650.78911111111
2021-04-04T02:00:00Z,56722.020888888896
2021-04-04T03:00:00Z,57027.38999074075
2021-04-04T04:00:00Z,57379.013490740756
2021-04-04T05:00:00Z,57598.02177777778
2021-04-04T06:00:00Z,57649.74612962963
2021-04-04T07:00:00Z,57654.18349074074
2021-04-04T08:00:00Z,57605.70485185186
2021-04-04T09:00:00Z,57620.331620370365
2021-04-04T10:00:00Z,57672.50541666666
2021-04-04T11:00:00Z,57602.10086111111
2021-04-04T12:00:00Z,57610.71267592593
2021-04-04T13:00:00Z,57776.720907407405
2021-04-04T14:00:00Z,58010.805518518515
2021-04-04T15:00:00Z,58150.79269444444
2021-04-04T16:00:00Z,58186.51737962962
2021-04-04T17:00:00Z,58190.647222222215
2021-04-04T18:00:00Z,58185.57617592593
2021-04-04T19:00:00Z,58137.067212962975
2021-04-04T20:00:00Z,58082.009240740736
2021-04-04T21:00:00Z,58059.89156481482
2021-04-04T22:00:00Z,58080.66572222222
2021-04-04T23:00:00Z,58142.90780555555
2021-04-05T00:00:00Z,58114.487814814805
2021-04-05T01:00:00Z,57993.77502777777
2021-04-05T02:00:00Z,57795.03195370371
2021-04-05T03:00:00Z,57576.14311111111
2021-04-05T04:00:00Z,57365.3284537037
2021-04-05T05:00:00Z,57114.47509259259
2021-04-05T06:00:00Z,56971.514249999986
2021-04-05T07:00:00Z,56971.405231481476
2021-04-05T08:00:00Z,57031.51257407406
2021-04-05T09:00:00Z,57214.4395
2021-04-05T10:00:00Z,57446.09003703704
2021-04-05T11:00:00Z,57673.29473148149
2021-04-05T12:00:00Z,57896.46061111111
2021-04-05T13:00:00Z,58096.911250000005
2021-04-05T14:00:00Z,58545.65112962963
2021-04-05T15:00:00Z,58987.748685185186
2021-04-05T16:00:00Z,59284.842759259256
2021-04-05T17:00:00Z,59355.866212962974
2021-04-05T18:00:00Z,59246.301277777784
2021-04-05T19:00:00Z,59134.20806481482
2021-04-05T20:00:00Z,58997.3704074074
2021-04-05T21:00:00Z,58850.03939814813
2021-04-05T22:00:00Z,58776.96750925926
2021-04-05T23:00:00Z,58847.214685185194
2021-04-06T00:00:00Z,59055.116648148156
2021-04-06T01:00:00Z,59119.95830555555
2021-04-06T02:00:00Z,59038.219000000005
2021-04-06T03:00:00Z,58836.978833333334
2021-04-06T04:00:00Z,58697.02728703703
2021-04-06T05:00:00Z,58679.87906481483
2021-04-06T06:00:00Z,58734.6201574074
2021-04-06T07:00:00Z,58716.493907407414
2021-04-06T08:00:00Z,58616.873064814805
2021-04-06T09:00:00Z,58554.54644444443
2021-04-06T10:00:00Z,58466.16216666667
2021-04-06T11:00:00Z,58442.53058333333
2021-04-06T12:00:00Z,58429.66682407408
2021-04-06T13:00:00Z,58416.67678703703
2021-04-06T14:00:00Z,58259.97323148147
2021-04-06T15:00:00Z,58024.34488888888
2021-04-06T16:00:00Z,57883.49600000001
2021-04-06T17:00:00Z,57916.17292592594
2021-04-06T18:00:00Z,58063.67960185187
2021-04-06T19:00:00Z,58209.60567592593
2021-04-06T20:00:00Z,58290.15474074075
2021-04-06T21:00:00Z,58202.82456481482
2021-04-06T22:00:00Z,58051.291453703714
2021-04-06T23:00:00Z,57942.94681481481
2021-04-07T00:00:00Z,57808.0472037037
2021-04-07T01:00:00Z,57650.69362037037
2021-04-07T02:00:00Z,57585.834722222215
2021-04-07T03:00:00Z,57641.250499999995
2021-04-07T04:00:00Z,57690.32826851852
2021-04-07T05:00:00Z,57894.62695370371
2021-04-07T06:00:00Z,58047.898888888885
2021-04-07T07:00:00Z,58086.57236111111
2021-04-07T08:00:00Z,57997.614509259256
2021-04-07T09:00:00Z,57768.384685185185
2021-04-07T10:00:00Z,57352.63432407406
2021-04-07T11:00:00Z,56786.786462962955
2021-04-07T12:00:00Z,56337.07390740741
2021-04-07T13:00:00Z,56198.85427777778
2021-04-07T14:00:00Z,56290.287101851856
2021-04-07T15:00:00Z,56399.44499074074
2021-04-07T16:00:00Z,56462.97737962964
2021-04-07T17:00:00Z,56322.38883333333
2021-04-07T18:00:00Z,56066.246333333336
2021-04-07T19:00:00Z,55901.29671296296
2021-04-07T20:00:00Z,55898.95109259258
2021-04-07T21:00:00Z,56007.94708333333
2021-04-07T22:00:00Z,56203.70308333332
2021-04-07T23:00:00Z,56226.46932407407
2021-04-08T00:00:00Z,56271.30370370371
2021-04-08T01:00:00Z,56352.62760185186
2021-04-08T02:00:00Z,56453.510509259264
2021-04-08T03:00:00Z,56555.53872222223
2021-04-08T04:00:00Z,56717.50747222223
2021-04-08T05:00:00Z,56853.48577777777
2021-04-08T06:00:00Z,57023.89787037037
2021-04-08T07:00:00Z,57132.26881481482
2021-04-08T08:00:00Z,57129.1552037037
2021-04-08T09:00:00Z,56984.311055555554
2021-04-08T10:00:00Z,56820.5715185185
2021-04-08T11:00:00Z,56620.223240740735
2021-04-08T12:00:00Z,56761.78238888888
2021-04-08T13:00:00Z,57079.300009259256
2021-04-08T14:00:00Z,57484.929138888874
2021-04-08T15:00:00Z,57808.158703703695
2021-04-08T16:00:00Z,57960.77268518519
2021-04-08T17:00:00Z,57987.22722222223
2021-04-08T18:00:00Z,57989.45150925927
2021-04-08T19:00:00Z,57936.876231481496
2021-04-08T20:00:00Z,57845.09481481482
2021-04-08T21:00:00Z,57749.78986111111
2021-04-08T22:00:00Z,57743.12860185184
2021-04-08T23:00:00Z,57856.49925925924
2021-04-09T00:00:00Z,58070.306666666664
2021-04-09T01:00:00Z,58179.89162037036
2021-04-09T02:00:00Z,58152.131138888886
2021-04-09T03:00:00Z,58074.06612037037
2021-04-09T04:00:00Z,58067.82708333333
2021-04-09T05:00:00Z,58058.24452777777
2021-04-09T06:00:00Z,57997.90328703704
2021-04-09T07:00:00Z,57970.289064814824
2021-04-09T08:00:00Z,57887.251083333336
2021-04-09T09:00:00Z,57851.481999999996
2021-04-09T10:00:00Z,58054.05973148148
2021-04-09T11:00:00Z,58330.090305555554
2021-04-09T12:00:00Z,58565.258870370366
2021-04-09T13:00:00Z,58648.532407407394
2021-04-09T14:00:00Z,58585.629638888895
2021-04-09T15:00:00Z,58438.1689074074
2021-04-09T16:00:00Z,58285.611555555566
2021-04-09T17:00:00Z,58238.23215740741
2021-04-09T18:00:00Z,58261.94427777778
2021-04-09T19:00:00Z,58324.19310185186
2021-04-09T20:00:00Z,58361.83783333333
2021-04-09T21:00:00Z,58365.983629629634
2021-04-09T22:00:00Z,58274.07721296297
2021-04-09T23:00:00Z,58163.503185185196
2021-04-10T00:00:00Z,58071.396555555555
2021-04-10T01:00:00Z,58118.84198148147
2021-04-10T02:00:00Z,58331.58280555555
2021-04-10T03:00:00Z,58725.4667962963
2021-04-10T04:00:00Z,59646.64749074075
2021-04-10T05:00:00Z,60574.593879629625
2021-04-10T06:00:00Z,61161.36062962963
2021-04-10T07:00:00Z,61263.68518518519
2021-04-10T08:00:00Z,61057.18333333334
2021-04-10T09:00:00Z,60867.9629351852
2021-04-10T10:00:00Z,60749.60076851852
2021-04-10T11:00:00Z,60667.1587037037
2021-04-10T12:00:00Z,60449.659592592594
2021-04-10T13:00:00Z,60324.761342592596
2021-04-10T14:00:00Z,60272.09268518519
2021-04-10T15:00:00Z,60251.80548148148
2021-04-10T16:00:00Z,60227.48270370371
2021-04-10T17:00:00Z,60132.26960185185
2021-04-10T18:00:00Z,60017.333620370366
2021-04-10T19:00:00Z,59799.1942037037
2021-04-10T20:00:00Z,59291.58697222222
2021-04-10T21:00:00Z,58905.84849074073
2021-04-10T22:00:00Z,58693.838083333336
2021-04-10T23:00:00Z,58920.471805555564
2021-04-11T00:00:00Z,59436.224824074074
2021-04-11T01:00:00Z,60082.23622222224
2021-04-11T02:00:00Z,60576.47367592592
2021-04-11T03:00:00Z,60739.056629629624
2021-04-11T04:00:00Z,60550.68439814814
2021-04-11T05:00:00Z,60137.98617592593
2021-04-11T06:00:00Z,59773.42151851851
2021-04-11T07:00:00Z,59549.54030555554
2021-04-11T08:00:00Z,59567.74473148148
2021-04-11T09:00:00Z,59609.48025925925
2021-04-11T10:00:00Z,59606.73276851851
2021-04-11T11:00:00Z,59600.11917592593
2021-04-11T12:00:00Z,59600.41311111111
2021-04-11T13:00:00Z,59512.81996296297
2021-04-11T14:00:00Z,59452.64815740741
2021-04-11T15:00:00Z,59453.34637037038
2021-04-11T16:00:00Z,59474.37643518518
2021-04-11T17:00:00Z,59597.744083333324
2021-04-11T18:00:00Z,59734.644759259245
2021-04-11T19:00:00Z,59793.74873148149
2021-04-11T20:00:00Z,59783.52141666668
2021-04-11T21:00:00Z,59702.40232407407
2021-04-11T22:00:00Z,59762.660796296295
2021-04-11T23:00:00Z,59880.148601851855
2021-04-12T00:00:00Z,59937.8462962963
2021-04-12T01:00:00Z,59931.45586111111
2021-04-12T02:00:00Z,59825.9140462963
2021-04-12T03:00:00Z,59915.46431481481
2021-04-12T04:00:00Z,60039.86313888888
2021-04-12T05:00:00Z,60174.626527777764
2021-04-12T06:00:00Z,60432.77509259258
2021-04-12T07:00:00Z,60660.622703703695
2021-04-12T08:00:00Z,60815.122175925935
2021-04-12T09:00:00Z,60643.199259259265
2021-04-12T10:00:00Z,60253.718
2021-04-12T11:00:00Z,59995.92457407408
2021-04-12T12:00:00Z,59999.45023148149
2021-04-12T13:00:00Z,60147.92484259259
2021-04-12T14:00:00Z,60159.68846296296
2021-04-12T15:00:00Z,60084.66785185187
2021-04-12T16:00:00Z,59965.419962962966
2021-04-12T17:00:00Z,59823.3668425926
2021-04-12T18:00:00Z,59779.796148148154
2021-04-12T19:00:00Z,59824.50135185185
2021-04-12T20:00:00Z,59900.91408333333
2021-04-12T21:00:00Z,59967.558833333336
2021-04-12T22:00:00Z,60016.361731481484
2021-04-12T23:00:00Z,59984.086824074075
2021-04-13T00:00:00Z,60093.6582037037
2021-04-13T01:00:00Z,60322.37900925926
2021-04-13T02:00:00Z,60625.132592592585
2021-04-13T03:00:00Z,60743.248481481474
2021-04-13T04:00:00Z,60738.521222222225
2021-04-13T05:00:00Z,60698.07439814816
2021-04-13T06:00:00Z,60693.4649537037
2021-04-13T07:00:00Z,60823.913833333325
2021-04-13T08:00:00Z,61464.11452777777
2021-04-13T09:00:00Z,62322.64952777777
2021-04-13T10:00:00Z,63013.39001851851
2021-04-13T11:00:00Z,63391.129712962975
2021-04-13T12:00:00Z,63473.45388888888
2021-04-13T13:00:00Z,63343.74858333333
2021-04-13T14:00:00Z,63196.58825925926
2021-04-13T15:00:00Z,63205.86765740741
2021-04-13T16:00:00Z,63241.04198148148
2021-04-13T17:00:00Z,63343.70749074073
2021-04-13T18:00:00Z,63202.39074074073
2021-04-13T19:00:00Z,63061.84952777776
2021-04-13T20:00:00Z,63014.60138888888
2021-04-13T21:00:00Z,63047.63825925925
2021-04-13T22:00:00Z,63159.14437037037
2021-04-13T23:00:00Z,63346.008546296296
2021-04-14T00:00:00Z,63462.52239814814
2021-04-14T01:00:00Z,63540.47551851853
2021-04-14T02:00:00Z,63490.79314814816
2021-04-14T03:00:00Z,63535.79456481482
2021-04-14T04:00:00Z,63804.664462962966
2021-04-14T05:00:00Z,64084.13787962964
2021-04-14T06:00:00Z,64431.33717592594
2021-04-14T07:00:00Z,64606.01128703705
2021-04-14T08:00:00Z,64570.50181481481
2021-04-14T09:00:00Z,64330.197268518525
2021-04-14T10:00:00Z,64128.639842592595
2021-04-14T11:00:00Z,64162.135129629634
2021-04-14T12:00:00Z,64150.49769444446
2021-04-14T13:00:00Z,64055.918620370365
2021-04-14T14:00:00Z,63648.4565
2021-04-14T15:00:00Z,63193.633027777774
2021-04-14T16:00:00Z,63016.68021296299
2021-04-14T17:00:00Z,62705.9785462963
2021-04-14T18:00:00Z,62334.599009259255
2021-04-14T19:00:00Z,61987.98356481481
2021-04-14T20:00:00Z,61873.48612962963
2021-04-14T21:00:00Z,62090.6123888889
2021-04-14T22:00:00Z,62454.94975
2021-04-14T23:00:00Z,62812.438888888886
2021-04-15T00:00:00Z,62962.45561111112
2021-04-15T01:00:00Z,62937.210027777786
2021-04-15T02:00:00Z,62873.811787037055
2021-04-15T03:00:00Z,62901.23895370372
2021-04-15T04:00:00Z,62969.40853703705
2021-04-15T05:00:00Z,63071.01755555556
2021-04-15T06:00:00Z,63095.95724074073
2021-04-15T07:00:00Z,63038.4214814815
2021-04-15T08:00:00Z,62877.97144444446
2021-04-15T09:00:00Z,62705.03858333334
2021-04-15T10:00:00Z,62442.23502777778
2021-04-15T11:00:00Z,62259.71616666667
2021-04-15T12:00:00Z,62268.23218518519
2021-04-15T13:00:00Z,62500.73728703704
2021-04-15T14:00:00Z,62715.780851851836
2021-04-15T15:00:00Z,62844.02774999999
2021-04-15T16:00:00Z,62851.73773148147
2021-04-15T17:00:00Z,62775.2805
2021-04-15T18:00:00Z,62748.358601851854
2021-04-15T19:00:00Z,62953.19096296296
2021-04-15T20:00:00Z,63241.32799074074
2021-04-15T21:00:00Z,63497.11862037038
2021-04-15T22:00:00Z,63593.4665
2021-04-15T23:00:00Z,63525.10412037037
2021-04-16T00:00:00Z,63455.519916666664
2021-04-16T01:00:00Z,63324.70510185184
2021-04-16T02:00:00Z,63126.4472962963
2021-04-16T03:00:00Z,62964.29270370371
2021-04-16T04:00:00Z,62494.186342592584
2021-04-16T05:00:00Z,62014.74541666667
2021-04-16T06:00:00Z,61549.35349074074
2021-04-16T07:00:00Z,61248.67422222224
2021-04-16T08:00:00Z,61083.08673148148
2021-04-16T09:00:00Z,60851.22502777778
2021-04-16T10:00:00Z,60513.42742592592
2021-04-16T11:00:00Z,60373.6971388889
2021-04-16T12:00:00Z,60410.27327777778
2021-04-16T13:00:00Z,60535.19493518519
2021-04-16T14:00:00Z,60855.21885185186
2021-04-16T15:00:00Z,61281.50128703704
2021-04-16T16:00:00Z,61703.11312962963
2021-04-16T17:00:00Z,61946.13745370371
2021-04-16T18:00:00Z,62054.00944444444
2021-04-16T19:00:00Z,62045.67893518517
2021-04-16T20:00:00Z,62049.14658333332
2021-04-16T21:00:00Z,62019.619111111104
2021-04-16T22:00:00Z,61897.66958333334
2021-04-16T23:00:00Z,61690.82170370372
2021-04-17T00:00:00Z,61515.769027777795
2021-04-17T01:00:00Z,61552.125527777775
2021-04-17T02:00:00Z,61811.793296296295
2021-04-17T03:00:00Z,62182.99043518518
2021-04-17T04:00:00Z,62431.568981481476
2021-04-17T05:00:00Z,62497.232981481466
2021-04-17T06:00:00Z,62391.32258333333
2021-04-17T07:00:00Z,62263.16684259259
2021-04-17T08:00:00Z,62255.50798148149
2021-04-17T09:00:00Z,62122.86537962963
2021-04-17T10:00:00Z,61837.13669444444
2021-04-17T11:00:00Z,61369.06089814814
2021-04-17T12:00:00Z,60985.22410185186
2021-04-17T13:00:00Z,60800.88792592592
2021-04-17T14:00:00Z,60683.414694444444
2021-04-17T15:00:00Z,60505.154064814815
2021-04-17T16:00:00Z,60336.583407407416
2021-04-17T17:00:00Z,60049.04379629629
2021-04-17T18:00:00Z,59980.26698148148
2021-04-17T19:00:00Z,60162.75003703703
2021-04-17T20:00:00Z,60498.964444444435
2021-04-17T21:00:00Z,60792.41574999999
2021-04-17T22:00:00Z,60915.61388888889
2021-04-17T23:00:00Z,60703.17965740742
2021-04-18T00:00:00Z,60179.4985925926
2021-04-18T01:00:00Z,59581.70962037038
2021-04-18T02:00:00Z,59003.88728703704
2021-04-18T03:00:00Z,57736.4517037037
2021-04-18T04:00:00Z,56085.604499999994
2021-04-18T05:00:00Z,54874.9582962963
2021-04-18T06:00:00Z,54445.37120370371
2021-04-18T07:00:00Z,54821.39620370369
2021-04-18T08:00:00Z,55102.939296296296
2021-04-18T09:00:00Z,55150.27461111112
2021-04-18T10:00:00Z,54917.979787037046
2021-04-18T11:00:00Z,54239.951157407406
2021-04-18T12:00:00Z,54045.4065925926
2021-04-18T13:00:00Z,54287.132435185194
2021-04-18T14:00:00Z,54790.2260925926
2021-04-18T15:00:00Z,55327.219907407416
2021-04-18T16:00:00Z,55642.5321388889
2021-04-18T17:00:00Z,55669.91537962964
2021-04-18T18:00:00Z,55631.97718518519
2021-04-18T19:00:00Z,55673.168694444445
2021-04-18T20:00:00Z,55908.9482037037
2021-04-18T21:00:00Z,56231.77353703704
2021-04-18T22:00:00Z,56574.885962962966
2021-04-18T23:00:00Z,56691.711675925915
2021-04-19T00:00:00Z,56810.46203703703
2021-04-19T01:00:00Z,56910.23687037036
2021-04-19T02:00:00Z,57029.93177777777
2021-04-19T03:00:00Z,57168.153212962956
2021-04-19T04:00:00Z,57231.537000000004
2021-04-19T05:00:00Z,57100.60676851853
2021-04-19T06:00:00Z,57092.04787962963
2021-04-19T07:00:00Z,57201.637129629635
2021-04-19T08:00:00Z,57205.51309259259
2021-04-19T09:00:00Z,57082.42675925925
2021-04-19T10:00:00Z,56825.05837037037
2021-04-19T11:00:00Z,56774.7167962963
2021-04-19T12:00:00Z,56717.93324074076
2021-04-19T13:00:00Z,56696.137490740744
2021-04-19T14:00:00Z,56300.576416666656
2021-04-19T15:00:00Z,55514.84412037036
2021-04-19T16:00:00Z,54818.94777777777
2021-04-19T17:00:00Z,54580.50671296296
2021-04-19T18:00:00Z,54829.96112037037
2021-04-19T19:00:00Z,55363.44332407407
2021-04-19T20:00:00Z,55905.65944444444
2021-04-19T21:00:00Z,56308.93342592593
2021-04-19T22:00:00Z,56443.38050925926
2021-04-19T23:00:00Z,56279.03667592592
2021-04-20T00:00:00Z,55692.53807407408
2021-04-20T01:00:00Z,55074.40121296296
2021-04-20T02:00:00Z,54461.04421296297
2021-04-20T03:00:00Z,54163.42587962963
2021-04-20T04:00:00Z,54358.58824074074
2021-04-20T05:00:00Z,54685.88271296296
2021-04-20T06:00:00Z,54646.41856481481
2021-04-20T07:00:00Z,54480.761092592584
2021-04-20T08:00:00Z,54554.90085185185
2021-04-20T09:00:00Z,54752.07613888889
2021-04-20T10:00:00Z,55288.290972222225
2021-04-20T11:00:00Z,55917.08021296297
2021-04-20T12:00:00Z,56286.87108333335
2021-04-20T13:00:00Z,56526.045518518535
2021-04-20T14:00:00Z,56308.071324074066
2021-04-20T15:00:00Z,55894.55772222221
2021-04-20T16:00:00Z,55631.46321296296
2021-04-20T17:00:00Z,55613.16973148149
2021-04-20T18:00:00Z,55868.09014814815
2021-04-20T19:00:00Z,56271.0162962963
2021-04-20T20:00:00Z,56668.73946296298
2021-04-20T21:00:00Z,57021.00829629631
2021-04-20T22:00:00Z,57053.48608333335
2021-04-20T23:00:00Z,56896.2879814815
2021-04-21T00:00:00Z,56435.96151851852
2021-04-21T01:00:00Z,56066.60564814814
2021-04-21T02:00:00Z,55902.667333333324
2021-04-21T03:00:00Z,55648.92182407407
2021-04-21T04:00:00Z,55440.92337037037
2021-04-21T05:00:00Z,55277.10164814815
2021-04-21T06:00:00Z,55271.67650925927
2021-04-21T07:00:00Z,55293.687212962956
2021-04-21T08:00:00Z,55349.46804629629
2021-04-21T09:00:00Z,55435.69465740741
2021-04-21T10:00:00Z,55334.04829629631
2021-04-21T11:00:00Z,55043.37317592593
2021-04-21T12:00:00Z,54957.711824074075
2021-04-21T13:00:00Z,55115.89242592593
2021-04-21T14:00:00Z,55586.45355555555
2021-04-21T15:00:00Z,56064.570379629615
2021-04-21T16:00:00Z,56239.70414814815
2021-04-21T17:00:00Z,56106.92023148149
2021-04-21T18:00:00Z,55768.425777777775
2021-04-21T19:00:00Z,55494.19022222222
2021-04-21T20:00:00Z,55210.42962037036
2021-04-21T21:00:00Z,54934.69381481482
2021-04-21T22:00:00Z,54489.65528703705
2021-04-21T23:00:00Z,53991.56219444445
2021-04-22T00:00:00Z,53699.10135185185
2021-04-22T01:00:00Z,53593.80617592592
2021-04-22T02:00:00Z,53601.246333333336
2021-04-22T03:00:00Z,53546.57867592593
2021-04-22T04:00:00Z,53687.35310185185
2021-04-22T05:00:00Z,53993.76093518518
2021-04-22T06:00:00Z,54345.334694444435
2021-04-22T07:00:00Z,54493.63245370371
2021-04-22T08:00:00Z,54290.08343518519
2021-04-22T09:00:00Z,54146.46509259259
2021-04-22T10:00:00Z,53999.53201851852
2021-04-22T11:00:00Z,54211.40487037037
2021-04-22T12:00:00Z,54610.201564814815
2021-04-22T13:00:00Z,54823.296027777775
2021-04-22T14:00:00Z,54925.08377777777
2021-04-22T15:00:00Z,54874.06942592591
2021-04-22T16:00:00Z,54875.02850925925
2021-04-22T17:00:00Z,54452.84960185184
2021-04-22T18:00:00Z,53857.77905555555
2021-04-22T19:00:00Z,53181.732629629616
2021-04-22T20:00:00Z,52298.80845370371
2021-04-22T21:00:00Z,51584.24114814816
2021-04-22T22:00:00Z,51127.35020370371
2021-04-22T23:00:00Z,51027.8385462963
2021-04-23T00:00:00Z,51111.586490740745
2021-04-23T01:00:00Z,51112.99674999999
2021-04-23T02:00:00Z,50704.515490740734
2021-04-23T03:00:00Z,50261.04551851852
2021-04-23T04:00:00Z,49612.65765740742
2021-04-23T05:00:00Z,49141.3823425926
2021-04-23T06:00:00Z,48802.22449074075
2021-04-23T07:00:00Z,48305.70882407407
2021-04-23T08:00:00Z,48103.57192592593
2021-04-23T09:00:00Z,47962.56207407408
2021-04-23T10:00:00Z,48337.48809259259
2021-04-23T11:00:00Z,49089.85282407406
2021-04-23T12:00:00Z,49605.177064814816
2021-04-23T13:00:00Z,49749.20357407408
2021-04-23T14:00:00Z,49761.55710185185
2021-04-23T15:00:00Z,49807.22250925926
2021-04-23T16:00:00Z,49921.634675925925
2021-04-23T17:00:00Z,50017.82112962964
2021-04-23T18:00:00Z,50262.84158333333
2021-04-23T19:00:00Z,50634.36665740741
2021-04-23T20:00:00Z,50877.54093518518
2021-04-23T21:00:00Z,50873.881046296294
2021-04-23T22:00:00Z,50730.78032407407
2021-04-23T23:00:00Z,50786.38397222222
2021-04-24T00:00:00Z,50612.07169444445
2021-04-24T01:00:00Z,50282.64994444444
2021-04-24T02:00:00Z,50002.72473148148
2021-04-24T03:00:00Z,49887.61920370369
2021-04-24T04:00:00Z,50046.14012962962
2021-04-24T05:00:00Z,50294.13082407407
2021-04-24T06:00:00Z,50422.06151851851
2021-04-24T07:00:00Z,50308.71920370371
2021-04-24T08:00:00Z,50064.74331481481
2021-04-24T09:00:00Z,49754.56147222223
2021-04-24T10:00:00Z,49365.99642592592
2021-04-24T11:00:00Z,49060.37035185185
2021-04-24T12:00:00Z,49033.581046296305
2021-04-24T13:00:00Z,49208.12027777778
2021-04-24T14:00:00Z,49367.66524074073
2021-04-24T15:00:00Z,49704.09389814814
2021-04-24T16:00:00Z,49955.87208333332
2021-04-24T17:00:00Z,50177.019620370374
2021-04-24T18:00:00Z,50439.60868518518
2021-04-24T19:00:00Z,50685.93487962964
2021-04-24T20:00:00Z,50947.111768518516
2021-04-24T21:00:00Z,51104.88737962963
2021-04-24T22:00:00Z,50985.377314814825
2021-04-24T23:00:00Z,50642.255333333334
2021-04-25T00:00:00Z,50198.58258333333
2021-04-25T01:00:00Z,49944.520027777784
2021-04-25T02:00:00Z,49944.5941111111
2021-04-25T03:00:00Z,49902.82258333333
2021-04-25T04:00:00Z,49800.4375462963
2021-04-25T05:00:00Z,49704.470157407406
2021-04-25T06:00:00Z,49554.51856481482
2021-04-25T07:00:00Z,49514.23430555556
2021-04-25T08:00:00Z,49662.70299074075
2021-04-25T09:00:00Z,49723.612055555546
2021-04-25T10:00:00Z,49654.563944444446
2021-04-25T11:00:00Z,49551.12283333335
2021-04-25T12:00:00Z,49581.60112037038
2021-04-25T13:00:00Z,49730.82279629629
2021-04-25T14:00:00Z,50032.47902777777
2021-04-25T15:00:00Z,50292.05013888888
2021-04-25T16:00:00Z,50481.68246296296
2021-04-25T17:00:00Z,50439.986342592594
2021-04-25T18:00:00Z,50171.34615740741
2021-04-25T19:00:00Z,49768.16230555556
2021-04-25T20:00:00Z,49035.99487037037
2021-04-25T21:00:00Z,48175.96999074074
2021-04-25T22:00:00Z,47799.366592592596
2021-04-25T23:00:00Z,47997.46802777777
2021-04-26T00:00:00Z,49064.51464814815
2021-04-26T01:00:00Z,50606.37974074073
2021-04-26T02:00:00Z,51952.98527777777
2021-04-26T03:00:00Z,52865.418296296295
2021-04-26T04:00:00Z,53196.99233333332
2021-04-26T05:00:00Z,53219.830759259254
2021-04-26T06:00:00Z,53194.86422222222
2021-04-26T07:00:00Z,53171.82003703704
2021-04-26T08:00:00Z,53077.916629629624
2021-04-26T09:00:00Z,53191.4405462963
2021-04-26T10:00:00Z,53335.796796296294
2021-04-26T11:00:00Z,53581.749203703694
2021-04-26T12:00:00Z,53742.47512037037
2021-04-26T13:00:00Z,53846.9256388889
2021-04-26T14:00:00Z,53851.71932407408
2021-04-26T15:00:00Z,53802.293120370385
2021-04-26T16:00:00Z,53659.989611111116
2021-04-26T17:00:00Z,53721.757981481496
2021-04-26T18:00:00Z,53970.79437962963
2021-04-26T19:00:00Z,54196.89031481481
2021-04-26T20:00:00Z,54055.51267592594
2021-04-26T21:00:00Z,53727.945129629625
2021-04-26T22:00:00Z,53476.73974074073
2021-04-26T23:00:00Z,53534.10904629628
2021-04-27T00:00:00Z,53676.27655555556
2021-04-27T01:00:00Z,53813.38984259261
2021-04-27T02:00:00Z,53890.81612037037
2021-04-27T03:00:00Z,53814.65999074074
2021-04-27T04:00:00Z,53684.46590740742
2021-04-27T05:00:00Z,53684.529083333335
2021-04-27T06:00:00Z,54027.16486111111
2021-04-27T07:00:00Z,54450.97602777779
2021-04-27T08:00:00Z,54740.62157407408
2021-04-27T09:00:00Z,54831.30825
2021-04-27T10:00:00Z,54845.40630555557
2021-04-27T11:00:00Z,54983.665777777765
2021-04-27T12:00:00Z,55083.705462962964
2021-04-27T13:00:00Z,55079.44739814815
2021-04-27T14:00:00Z,55054.398009259254
2021-04-27T15:00:00Z,55050.755620370364
2021-04-27T16:00:00Z,54978.91344444444
2021-04-27T17:00:00Z,54935.50768518518
2021-04-27T18:00:00Z,54935.34114814814
2021-04-27T19:00:00Z,54921.61787037037
2021-04-27T20:00:00Z,55009.81965740739
2021-04-27T21:00:00Z,55157.76087962962
2021-04-27T22:00:00Z,55204.02248148149
2021-04-27T23:00:00Z,55191.14912037037
2021-04-28T00:00:00Z,55243.73310185185
2021-04-28T01:00:00Z,55379.27237962964
2021-04-28T02:00:00Z,55454.27807407407
2021-04-28T03:00:00Z,55322.70278703704
2021-04-28T04:00:00Z,55088.45185185185
2021-04-28T05:00:00Z,54810.721601851845
2021-04-28T06:00:00Z,54481.427805555555
2021-04-28T07:00:00Z,54237.51631481482
2021-04-28T08:00:00Z,54045.44677777778
2021-04-28T09:00:00Z,54001.21487037038
2021-04-28T10:00:00Z,54105.78400000001
2021-04-28T11:00:00Z,54398.971935185196
2021-04-28T12:00:00Z,54816.94376851851
2021-04-28T13:00:00Z,55063.032333333336
2021-04-28T14:00:00Z,55038.75048148147
2021-04-28T15:00:00Z,54788.73177777778
2021-04-28T16:00:00Z,54615.95966666667
2021-04-28T17:00:00Z,54625.63478703704
2021-04-28T18:00:00Z,54789.06896296295
2021-04-28T19:00:00Z,55108.58814814814
2021-04-28T20:00:00Z,55098.91898148148
2021-04-28T21:00:00Z,55005.99105555556
2021-04-28T22:00:00Z,54760.513490740756
2021-04-28T23:00:00Z,54661.53053703704
2021-04-29T00:00:00Z,54659.755953703694
2021-04-29T01:00:00Z,54662.05087037035
2021-04-29T02:00:00Z,54646.045879629615
2021-04-29T03:00:00Z,54515.107981481466
2021-04-29T04:00:00Z,54165.91038888888
2021-04-29T05:00:00Z,53871.05614814815
2021-04-29T06:00:00Z,53848.42368518518
2021-04-29T07:00:00Z,54057.137046296295
2021-04-29T08:00:00Z,54188.19792592593
2021-04-29T09:00:00Z,54354.51091666668
2021-04-29T10:00:00Z,54455.218981481485
2021-04-29T11:00:00Z,54492.114314814826
2021-04-29T12:00:00Z,54486.81353703704
2021-04-29T13:00:00Z,54216.05864814815
2021-04-29T14:00:00Z,53895.012111111115
2021-04-29T15:00:00Z,53649.783805555555
2021-04-29T16:00:00Z,53324.486583333346
2021-04-29T17:00:00Z,52967.722759259275
2021-04-29T18:00:00Z,52711.72361111111
2021-04-29T19:00:00Z,52602.22749074073
2021-04-29T20:00:00Z,52663.24425925925
2021-04-29T21:00:00Z,52895.16347222222
2021-04-29T22:00:00Z,53175.13717592593
2021-04-29T23:00:00Z,53455.07041666668
2021-04-30T00:00:00Z,53592.13410185185
2021-04-30T01:00:00Z,53610.182361111125
2021-04-30T02:00:00Z,53602.50517592593
2021-04-30T03:00:00Z,53651.66064814816
2021-04-30T04:00:00Z,53864.528453703715
2021-04-30T05:00:00Z,54151.14158333334
2021-04-30T06:00:00Z,54437.40937962963
2021-04-30T07:00:00Z,54588.734555555544
2021-04-30T08:00:00Z,54671.07730555555
2021-04-30T09:00:00Z,54637.348981481475
2021-04-30T10:00:00Z,54510.328157407406
2021-04-30T11:00:00Z,54373.3578425926
2021-04-30T12:00:00Z,54405.4847037037
2021-04-30T13:00:00Z,54932.21225925927
2021-04-30T14:00:00Z,55623.60956481481
2021-04-30T15:00:00Z,56551.22662037038
2021-04-30T16:00:00Z,57167.01020370371
2021-04-30T17:00:00Z,57359.34683333334
2021-04-30T18:00:00Z,57330.06190740741
2021-04-30T19:00:00Z,57245.56961111111
2021-04-30T20:00:00Z,57140.43375925926
2021-04-30T21:00:00Z,57098.86979629628
2021-04-30T22:00:00Z,57126.794305555544
2021-04-30T23:00:00Z,57365.583833333316
2021-05-01T00:00:00Z,57705.8364537037
2021-05-01T01:00:00Z,58178.30728703703
2021-05-01T02:00:00Z,58474.58801851852
2021-05-01T03:00:00Z,58586.226666666684
2021-05-01T04:00:00Z,58508.407999999996
2021-05-01T05:00:00Z,58368.35112962963
2021-05-01T06:00:00Z,58190.99013888888
2021-05-01T07:00:00Z,57987.08343518519
2021-05-01T08:00:00Z,57740.62150925927
2021-05-01T09:00:00Z,57536.202351851876
2021-05-01T10:00:00Z,57390.03843518521
2021-05-01T11:00:00Z,57454.42130555556
2021-05-01T12:00:00Z,57615.82660185185
2021-05-01T13:00:00Z,57732.310962962954
2021-05-01T14:00:00Z,57707.47399074074
2021-05-01T15:00:00Z,57571.54766666666
2021-05-01T16:00:00Z,57467.80805555556
2021-05-01T17:00:00Z,57456.515657407406
2021-05-01T18:00:00Z,57526.340046296296
2021-05-01T19:00:00Z,57662.81371296296
2021-05-01T20:00:00Z,57768.65147222221
2021-05-01T21:00:00Z,57747.59245370369
2021-05-01T22:00:00Z,57708.848481481466
2021-05-01T23:00:00Z,57724.13889814814
2021-05-02T00:00:00Z,57686.71722222222
2021-05-02T01:00:00Z,57606.51446296297
2021-05-02T02:00:00Z,57570.46503703704
2021-05-02T03:00:00Z,57237.98091666665
2021-05-02T04:00:00Z,56946.69584259259
2021-05-02T05:00:00Z,56751.65974074073
2021-05-02T06:00:00Z,56704.217046296304
2021-05-02T07:00:00Z,56690.61803703705
2021-05-02T08:00:00Z,56613.321629629645
2021-05-02T09:00:00Z,56494.8054074074
2021-05-02T10:00:00Z,56511.79740740739
2021-05-02T11:00:00Z,56709.68272222221
2021-05-02T12:00:00Z,56889.82924074075
2021-05-02T13:00:00Z,56935.42127777779
2021-05-02T14:00:00Z,56913.341916666664
2021-05-02T15:00:00Z,56803.98096296296
2021-05-02T16:00:00Z,56689.85638888888
2021-05-02T17:00:00Z,56668.21798148148
2021-05-02T18:00:00Z,56730.7383425926
2021-05-02T19:00:00Z,56829.583509259275
2021-05-02T20:00:00Z,56953.23339814815
2021-05-02T21:00:00Z,56945.10464814814
2021-05-02T22:00:00Z,56781.11178703703
2021-05-02T23:00:00Z,56620.429148148156
2021-05-03T00:00:00Z,56774.029749999994
2021-05-03T01:00:00Z,57291.29272222222
2021-05-03T02:00:00Z,57887.776962962955
2021-05-03T03:00:00Z,58273.58620370369
2021-05-03T04:00:00Z,58338.098796296304
2021-05-03T05:00:00Z,58242.02376851853
2021-05-03T06:00:00Z,58121.92781481482
2021-05-03T07:00:00Z,58295.17550925926
2021-05-03T08:00:00Z,58599.88933333333
2021-05-03T09:00:00Z,58778.839962962964
2021-05-03T10:00:00Z,58799.96096296297
2021-05-03T11:00:00Z,58754.53205555555
2021-05-03T12:00:00Z,58691.53316666667
2021-05-03T13:00:00Z,58389.351925925934
2021-05-03T14:00:00Z,58034.15961111112
2021-05-03T15:00:00Z,57683.61242592593
2021-05-03T16:00:00Z,57503.188814814814
2021-05-03T17:00:00Z,57566.72081481481
2021-05-03T18:00:00Z,57681.70197222221
2021-05-03T19:00:00Z,57716.33869444444
2021-05-03T20:00:00Z,57431.71443518518
2021-05-03T21:00:00Z,57138.44347222223
2021-05-03T22:00:00Z,57006.267138888885
2021-05-03T23:00:00Z,57015.42117592593
2021-05-04T00:00:00Z,56538.183861111116
2021-05-04T01:00:00Z,55947.35198148148
2021-05-04T02:00:00Z,55465.88848148149
2021-05-04T03:00:00Z,55204.369287037036
2021-05-04T04:00:00Z,55281.6816388889
2021-05-04T05:00:00Z,55529.60962037038
2021-05-04T06:00:00Z,55839.15772222222
2021-05-04T07:00:00Z,56029.84637037037
2021-05-04T08:00:00Z,56028.665537037035
2021-05-04T09:00:00Z,56015.02335185185
2021-05-04T10:00:00Z,56135.581666666665
2021-05-04T11:00:00Z,56259.672277777776
2021-05-04T12:00:00Z,56285.731601851854
2021-05-04T13:00:00Z,56043.72684259259
2021-05-04T14:00:00Z,55517.911296296304
2021-05-04T15:00:00Z,54684.18998148149
2021-05-04T16:00:00Z,53912.659037037054
2021-05-04T17:00:00Z,53535.500620370374
2021-05-04T18:00:00Z,53661.676157407404
2021-05-04T19:00:00Z,54048.29837962962
2021-05-04T20:00:00Z,54471.25388888889
2021-05-04T21:00:00Z,54650.58749074075
2021-05-04T22:00:00Z,54542.93884259259
2021-05-04T23:00:00Z,54050.48987037037
2021-05-05T00:00:00Z,53884.34872222221
2021-05-05T01:00:00Z,54075.106499999994
2021-05-05T02:00:00Z,54562.25822222223
2021-05-05T03:00:00Z,54956.14299074075
2021-05-05T04:00:00Z,55032.70435185186
2021-05-05T05:00:00Z,54945.307277777785
2021-05-05T06:00:00Z,54741.29212037037
2021-05-05T07:00:00Z,54691.03377777778
2021-05-05T08:00:00Z,54917.88473148147
2021-05-05T09:00:00Z,55236.67853703703
2021-05-05T10:00:00Z,55583.4032962963
2021-05-05T11:00:00Z,55647.627888888885
2021-05-05T12:00:00Z,55662.80446296296
2021-05-05T13:00:00Z,55867.09807407408
2021-05-05T14:00:00Z,56390.67223148149
2021-05-05T15:00:00Z,57146.484296296294
2021-05-05T16:00:00Z,57723.47410185185
2021-05-05T17:00:00Z,57952.08629629629
2021-05-05T18:00:00Z,57886.95657407406
2021-05-05T19:00:00Z,57646.74534259259
2021-05-05T20:00:00Z,57317.408416666665
2021-05-05T21:00:00Z,57016.28612037036
2021-05-05T22:00:00Z,56903.31066666666
2021-05-05T23:00:00Z,57047.96122222222
2021-05-06T00:00:00Z,57153.7798888889
2021-05-06T01:00:00Z,57137.11794444444
2021-05-06T02:00:00Z,57074.12160185185
2021-05-06T03:00:00Z,56964.76513888888
2021-05-06T04:00:00Z,56927.5
2021-05-06T05:00:00Z,57003.67356481482
2021-05-06T06:00:00Z,56950.84289814815
2021-05-06T07:00:00Z,56893.87603703704
2021-05-06T08:00:00Z,56868.00162037037
2021-05-06T09:00:00Z,56992.546592592604
2021-05-06T10:00:00Z,57404.87750925927
2021-05-06T11:00:00Z,57865.31651851851
2021-05-06T12:00:00Z,58105.84700000001
2021-05-06T13:00:00Z,57989.55252777777
2021-05-06T14:00:00Z,57660.33123148148
2021-05-06T15:00:00Z,57311.73937962963
2021-05-06T16:00:00Z,56977.64231481481
2021-05-06T17:00:00Z,56766.395231481474
2021-05-06T18:00:00Z,56352.553972222224
2021-05-06T19:00:00Z,56038.564064814804
2021-05-06T20:00:00Z,55803.29783333332
2021-05-06T21:00:00Z,55830.172
2021-05-06T22:00:00Z,56072.219777777784
2021-05-06T23:00:00Z,56317.24564814816
2021-05-07T00:00:00Z,56480.35637962964
2021-05-07T01:00:00Z,56461.43857407409
2021-05-07T02:00:00Z,56247.86762962964
2021-05-07T03:00:00Z,55956.7157962963
2021-05-07T04:00:00Z,55754.39792592593
2021-05-07T05:00:00Z,55679.523481481476
2021-05-07T06:00:00Z,55797.387388888885
2021-05-07T07:00:00Z,55878.63585185186
2021-05-07T08:00:00Z,55993.86607407408
2021-05-07T09:00:00Z,56128.6796851852
2021-05-07T10:00:00Z,56315.72974074075
2021-05-07T11:00:00Z,56496.75873148148
2021-05-07T12:00:00Z,56912.55744444444
2021-05-07T13:00:00Z,57222.177398148146
2021-05-07T14:00:00Z,57417.26201851852
2021-05-07T15:00:00Z,57577.300861111115
2021-05-07T16:00:00Z,57907.32403703704
2021-05-07T17:00:00Z,58237.42180555556
2021-05-07T18:00:00Z,58386.50037037038
2021-05-07T19:00:00Z,58246.34166666668
2021-05-07T20:00:00Z,57976.21061111111
2021-05-07T21:00:00Z,57674.725731481485
2021-05-07T22:00:00Z,57347.49873148147
2021-05-07T23:00:00Z,57175.720879629625
2021-05-08T00:00:00Z,57260.51140740741
2021-05-08T01:00:00Z,57454.0637037037
2021-05-08T02:00:00Z,57841.54172222221
2021-05-08T03:00:00Z,58162.26760185184
2021-05-08T04:00:00Z,58340.77259259258
2021-05-08T05:00:00Z,58315.864370370364
2021-05-08T06:00:00Z,58144.43005555556
2021-05-08T07:00:00Z,58166.61151851851
2021-05-08T08:00:00Z,58444.880046296304
2021-05-08T09:00:00Z,58797.7196388889
2021-05-08T10:00:00Z,58971.648916666665
2021-05-08T11:00:00Z,58953.49730555556
2021-05-08T12:00:00Z,58920.06003703704
2021-05-08T13:00:00Z,58925.85662962963
2021-05-08T14:00:00Z,58991.72606481481
2021-05-08T15:00:00Z,58657.5495648148
2021-05-08T16:00:00Z,58375.03432407407
2021-05-08T17:00:00Z,58379.026101851865
2021-05-08T18:00:00Z,58664.30906481484
2021-05-08T19:00:00Z,59023.571916666675
2021-05-08T20:00:00Z,59212.033194444455
2021-05-08T21:00:00Z,59189.1232037037
2021-05-08T22:00:00Z,59021.60321296297
2021-05-08T23:00:00Z,58912.09721296296
2021-05-09T00:00:00Z,58771.80143518519
2021-05-09T01:00:00Z,58830.64695370371
2021-05-09T02:00:00Z,58842.694453703705
2021-05-09T03:00:00Z,58794.06531481482
2021-05-09T04:00:00Z,58571.610101851846
2021-05-09T05:00:00Z,58390.54617592591
2021-05-09T06:00:00Z,58281.54346296296
2021-05-09T07:00:00Z,58150.849370370386
2021-05-09T08:00:00Z,58088.32917592593
2021-05-09T09:00:00Z,57995.84326851853
2021-05-09T10:00:00Z,57938.17778703704
2021-05-09T11:00:00Z,57891.768527777785
2021-05-09T12:00:00Z,57411.21037037036
2021-05-09T13:00:00Z,57039.531333333325
2021-05-09T14:00:00Z,56833.45523148149
2021-05-09T15:00:00Z,56924.03119444443
2021-05-09T16:00:00Z,57221.56430555556
2021-05-09T17:00:00Z,57468.48612962964
2021-05-09T18:00:00Z,57607.81379629629
2021-05-09T19:00:00Z,57580.28863888889
2021-05-09T20:00:00Z,57661.57128703705
2021-05-09T21:00:00Z,57850.79272222224
2021-05-09T22:00:00Z,58043.48527777779
2021-05-09T23:00:00Z,58245.57482407409
2021-05-10T00:00:00Z,58558.12834259259
2021-05-10T01:00:00Z,58832.92846296295
2021-05-10T02:00:00Z,59085.45711111111
2021-05-10T03:00:00Z,59337.840453703706
2021-05-10T04:00:00Z,59475.40264814815
2021-05-10T05:00:00Z,59476.48055555555
2021-05-10T06:00:00Z,59311.539018518524
2021-05-10T07:00:00Z,58947.665944444445
2021-05-10T08:00:00Z,58587.069462962965
2021-05-10T09:00:00Z,58200.00876851852
2021-05-10T10:00:00Z,57894.22536111113
2021-05-10T11:00:00Z,57798.89735185186
2021-05-10T12:00:00Z,57732.680916666664
2021-05-10T13:00:00Z,57705.71395370371
2021-05-10T14:00:00Z,57431.070740740746
2021-05-10T15:00:00Z,57511.652990740746
2021-05-10T16:00:00Z,57611.267574074074
2021-05-10T17:00:00Z,57527.566898148136
2021-05-10T18:00:00Z,57217.32496296295
2021-05-10T19:00:00Z,56510.61035185185
2021-05-10T20:00:00Z,55709.5047962963
2021-05-10T21:00:00Z,55224.941611111106
2021-05-10T22:00:00Z,55271.14925925926
2021-05-10T23:00:00Z,55516.98718518519
2021-05-11T00:00:00Z,55661.12216666667
2021-05-11T01:00:00Z,55652.307527777775
2021-05-11T02:00:00Z,55286.44419444443
2021-05-11T03:00:00Z,55009.430111111105
2021-05-11T04:00:00Z,54937.68124074075
2021-05-11T05:00:00Z,54896.09544444444
2021-05-11T06:00:00Z,55142.25499074074
2021-05-11T07:00:00Z,55469.267185185185
2021-05-11T08:00:00Z,55646.24249999999
2021-05-11T09:00:00Z,55830.24428703703
2021-05-11T10:00:00Z,55935.11174999998
2021-05-11T11:00:00Z,55815.943601851846
2021-05-11T12:00:00Z,55629.36850925927
2021-05-11T13:00:00Z,55555.70424074074
2021-05-11T14:00:00Z,55597.009
2021-05-11T15:00:00Z,55810.00834259259
2021-05-11T16:00:00Z,56018.26879629629
2021-05-11T17:00:00Z,56269.42872222222
2021-05-11T18:00:00Z,56472.89824074074
2021-05-11T19:00:00Z,56674.46782407407
2021-05-11T20:00:00Z,56874.50717592592
2021-05-11T21:00:00Z,56921.685555555545
2021-05-11T22:00:00Z,56831.14641666666
2021-05-11T23:00:00Z,56748.965305555575
2021-05-12T00:00:00Z,56911.279620370384
2021-05-12T01:00:00Z,57114.950759259256
2021-05-12T02:00:00Z,57300.94883333333
2021-05-12T03:00:00Z,57553.43583333333
2021-05-12T04:00:00Z,57664.36636111111
2021-05-12T05:00:00Z,57640.64527777778
2021-05-12T06:00:00Z,57446.268620370385
2021-05-12T07:00:00Z,57241.50994444446
2021-05-12T08:00:00Z,57057.79671296297
2021-05-12T09:00:00Z,56933.17021296296
2021-05-12T10:00:00Z,56615.26158333334
2021-05-12T11:00:00Z,56369.23846296297
2021-05-12T12:00:00Z,56220.79065740741
2021-05-12T13:00:00Z,56335.913537037035
2021-05-12T14:00:00Z,56360.22859259258
2021-05-12T15:00:00Z,56095.40411111111
2021-05-12T16:00:00Z,55561.48133333334
2021-05-12T17:00:00Z,54997.27346296296
2021-05-12T18:00:00Z,54402.20767592594
2021-05-12T19:00:00Z,54070.76576851852
2021-05-12T20:00:00Z,53985.33462037038
2021-05-12T21:00:00Z,54114.741462962964
2021-05-12T22:00:00Z,53806.29861111112
2021-05-12T23:00:00Z,52240.47223148148
2021-05-13T00:00:00Z,50391.52446296297
2021-05-13T01:00:00Z,49237.13412037038
2021-05-13T02:00:00Z,48961.94150000001
2021-05-13T03:00:00Z,49346.90996296296
2021-05-13T04:00:00Z,49855.23815740741
2021-05-13T05:00:00Z,50364.740324074075
2021-05-13T06:00:00Z,50894.10833333334
2021-05-13T07:00:00Z,51185.66606481482
2021-05-13T08:00:00Z,50982.26608333333
2021-05-13T09:00:00Z,50263.5070925926
2021-05-13T10:00:00Z,49470.740046296305
2021-05-13T11:00:00Z,49101.81171296296
2021-05-13T12:00:00Z,49269.95251851851
2021-05-13T13:00:00Z,49809.74387037036
2021-05-13T14:00:00Z,50294.2252037037
2021-05-13T15:00:00Z,50346.986962962976
2021-05-13T16:00:00Z,49812.315462962964
2021-05-13T17:00:00Z,49020.28632407406
2021-05-13T18:00:00Z,48175.36510185184
2021-05-13T19:00:00Z,47801.93989814814
2021-05-13T20:00:00Z,48070.51137962963
2021-05-13T21:00:00Z,48729.337703703706
2021-05-13T22:00:00Z,49182.991129629634
2021-05-13T23:00:00Z,49531.97198148148
2021-05-14T00:00:00Z,49834.12622222222
2021-05-14T01:00:00Z,50103.40547222222
2021-05-14T02:00:00Z,50126.83943518519
2021-05-14T03:00:00Z,49854.03589814814
2021-05-14T04:00:00Z,49484.048120370375
2021-05-14T05:00:00Z,49347.75331481482
2021-05-14T06:00:00Z,49248.93120370371
2021-05-14T07:00:00Z,49448.519787037025
2021-05-14T08:00:00Z,49860.529351851845
2021-05-14T09:00:00Z,50322.31982407407
2021-05-14T10:00:00Z,50756.54238888889
2021-05-14T11:00:00Z,50956.355
2021-05-14T12:00:00Z,50902.08978703703
2021-05-14T13:00:00Z,50900.851185185194
2021-05-14T14:00:00Z,50941.69566666667
2021-05-14T15:00:00Z,51122.28125925926
2021-05-14T16:00:00Z,51191.49408333333
2021-05-14T17:00:00Z,51070.79745370371
2021-05-14T18:00:00Z,50820.12700925927
2021-05-14T19:00:00Z,50472.606120370365
2021-05-14T20:00:00Z,49894.347046296294
2021-05-14T21:00:00Z,49525.383990740746
2021-05-14T22:00:00Z,49434.7875
2021-05-14T23:00:00Z,49550.82307407408
2021-05-15T00:00:00Z,49609.69518518518
2021-05-15T01:00:00Z,49917.3568425926
2021-05-15T02:00:00Z,50140.37798148149
2021-05-15T03:00:00Z,50144.92533333334
2021-05-15T04:00:00Z,49889.9645
2021-05-15T05:00:00Z,49633.05362962963
2021-05-15T06:00:00Z,49311.06164814814
2021-05-15T07:00:00Z,48904.68961111112
2021-05-15T08:00:00Z,48631.157592592586
2021-05-15T09:00:00Z,48459.99718518518
2021-05-15T10:00:00Z,48364.6092037037
2021-05-15T11:00:00Z,48476.798537037044
2021-05-15T12:00:00Z,48744.903944444435
2021-05-15T13:00:00Z,48991.727111111104
2021-05-15T14:00:00Z,49264.609379629626
2021-05-15T15:00:00Z,49328.54465740741
2021-05-15T16:00:00Z,48929.20203703704
2021-05-15T17:00:00Z,48333.05287037037
2021-05-15T18:00:00Z,47826.21992592592
2021-05-15T19:00:00Z,47636.488990740734
2021-05-15T20:00:00Z,47750.265222222224
2021-05-15T21:00:00Z,48035.685796296304
2021-05-15T22:00:00Z,48171.39076851852
2021-05-15T23:00:00Z,47789.611962962976
2021-05-16T00:00:00Z,47341.31024074075
2021-05-16T01:00:00Z,47250.56681481481
2021-05-16T02:00:00Z,47524.06118518518
2021-05-16T03:00:00Z,48001.90579629629
2021-05-16T04:00:00Z,48305.002870370365
2021-05-16T05:00:00Z,48397.83250925925
2021-05-16T06:00:00Z,48618.65663888888
2021-05-16T07:00:00Z,48995.53275925925
2021-05-16T08:00:00Z,49251.28384259259
2021-05-16T09:00:00Z,49415.63773148148
2021-05-16T10:00:00Z,49544.895268518514
2021-05-16T11:00:00Z,49500.66128703704
2021-05-16T12:00:00Z,49246.28793518519
2021-05-16T13:00:00Z,48997.64600925925
2021-05-16T14:00:00Z,48654.839851851866
2021-05-16T15:00:00Z,48208.14745370371
2021-05-16T16:00:00Z,47659.63595370371
2021-05-16T17:00:00Z,47142.92850925927
2021-05-16T18:00:00Z,46320.75785185185
2021-05-16T19:00:00Z,45561.567305555545
2021-05-16T20:00:00Z,44605.81925925926
2021-05-16T21:00:00Z,44167.04553703704
2021-05-16T22:00:00Z,44306.89923148149
2021-05-16T23:00:00Z,45050.667972222225
2021-05-17T00:00:00Z,45656.65700925927
2021-05-17T01:00:00Z,45692.72867592593
2021-05-17T02:00:00Z,45235.68108333335
2021-05-17T03:00:00Z,44182.591564814815
2021-05-17T04:00:00Z,43352.88508333333
2021-05-17T05:00:00Z,43094.94650925925
2021-05-17T06:00:00Z,43383.954305555555
2021-05-17T07:00:00Z,44139.955879629626
2021-05-17T08:00:00Z,44933.82126851851
2021-05-17T09:00:00Z,45527.90729629629
2021-05-17T10:00:00Z,45544.542398148136
2021-05-17T11:00:00Z,45584.84284259259
2021-05-17T12:00:00Z,45433.48153703704
2021-05-17T13:00:00Z,45289.74716666667
2021-05-17T14:00:00Z,44982.00589814815
2021-05-17T15:00:00Z,44298.47708333334
2021-05-17T16:00:00Z,43351.74075925927
2021-05-17T17:00:00Z,42519.06917592593
2021-05-17T18:00:00Z,42334.20822222222
2021-05-17T19:00:00Z,42837.13551851852
2021-05-17T20:00:00Z,43779.2748888889
2021-05-17T21:00:00Z,44248.802546296305
2021-05-17T22:00:00Z,44043.23076851852
2021-05-17T23:00:00Z,43665.696805555555
2021-05-18T00:00:00Z,43647.8284537037
2021-05-18T01:00:00Z,44172.69948148149
2021-05-18T02:00:00Z,44829.48178703704
2021-05-18T03:00:00Z,45219.52153703704
2021-05-18T04:00:00Z,45447.40412037037
2021-05-18T05:00:00Z,45556.52041666666
2021-05-18T06:00:00Z,45477.93343518518
2021-05-18T07:00:00Z,45366.214648148154
2021-05-18T08:00:00Z,45186.70577777777
2021-05-18T09:00:00Z,45048.07220370371
2021-05-18T10:00:00Z,45098.74671296297
2021-05-18T11:00:00Z,45231.056861111116
2021-05-18T12:00:00Z,44965.865805555564
2021-05-18T13:00:00Z,44406.332101851855
2021-05-18T14:00:00Z,43671.377601851855
2021-05-18T15:00:00Z,43036.33230555556
2021-05-18T16:00:00Z,42867.02275000001
2021-05-18T17:00:00Z,42941.38616666666
2021-05-18T18:00:00Z,42966.399574074065
2021-05-18T19:00:00Z,43025.896046296286
2021-05-18T20:00:00Z,43084.69563888888
2021-05-18T21:00:00Z,43091.01373148147
2021-05-18T22:00:00Z,43014.99087962962
2021-05-18T23:00:00Z,42898.503925925914
2021-05-19T00:00:00Z,42735.14149074074
2021-05-19T01:00:00Z,42075.129564814815
2021-05-19T02:00:00Z,41106.12287962963
2021-05-19T03:00:00Z,40302.024361111115
2021-05-19T04:00:00Z,39512.531796296294
2021-05-19T05:00:00Z,38972.65049074075
2021-05-19T06:00:00Z,38717.5023425926
2021-05-19T07:00:00Z,39025.66116666667
2021-05-19T08:00:00Z,39646.78320370371
2021-05-19T09:00:00Z,40209.32917592592
2021-05-19T10:00:00Z,40218.167064814814
2021-05-19T11:00:00Z,39662.6890462963
2021-05-19T12:00:00Z,37752.187324074075
2021-05-19T13:00:00Z,36015.15334259259
2021-05-19T14:00:00Z,35452.82682407408
2021-05-19T15:00:00Z,35858.884287037035
2021-05-19T16:00:00Z,37469.41212962963
2021-05-19T17:00:00Z,38970.83866666667
2021-05-19T18:00:00Z,39539.58305555556
2021-05-19T19:00:00Z,39695.32698148148
2021-05-19T20:00:00Z,39295.28934259259
2021-05-19T21:00:00Z,38974.600629629625
2021-05-19T22:00:00Z,38899.640537037034
2021-05-19T23:00:00Z,38272.130453703714
2021-05-20T00:00:00Z,37171.923425925925
2021-05-20T01:00:00Z,36377.885907407406
2021-05-20T02:00:00Z,36444.89133333333
2021-05-20T03:00:00Z,37191.92224074074
2021-05-20T04:00:00Z,38373.811879629626
2021-05-20T05:00:00Z,39505.63753703704
2021-05-20T06:00:00Z,40213.57738888889
2021-05-20T07:00:00Z,40552.15157407408
2021-05-20T08:00:00Z,40527.847601851856
2021-05-20T09:00:00Z,40372.19420370371
2021-05-20T10:00:00Z,40357.578166666666
2021-05-20T11:00:00Z,40476.49306481481
2021-05-20T12:00:00Z,41007.86946296296
2021-05-20T13:00:00Z,41621.02571296296
2021-05-20T14:00:00Z,42006.75001851851
2021-05-20T15:00:00Z,42082.74560185185
2021-05-20T16:00:00Z,41296.55140740741
2021-05-20T17:00:00Z,40376.24565740741
2021-05-20T18:00:00Z,39675.778259259256
2021-05-20T19:00:00Z,39496.69047222222
2021-05-20T20:00:00Z,39639.039796296296
2021-05-20T21:00:00Z,40050.74914814814
2021-05-20T22:00:00Z,40713.31842592592
2021-05-20T23:00:00Z,41067.92286111111
2021-05-21T00:00:00Z,41478.12114814815
2021-05-21T01:00:00Z,41694.4609537037
2021-05-21T02:00:00Z,41741.83850925926
2021-05-21T03:00:00Z,41496.05767592593
2021-05-21T04:00:00Z,40891.27619444444
2021-05-21T05:00:00Z,40224.79512037036
2021-05-21T06:00:00Z,39953.103037037035
2021-05-21T07:00:00Z,39819.01313888889
2021-05-21T08:00:00Z,39842.33205555555
2021-05-21T09:00:00Z,40147.06073148148
2021-05-21T10:00:00Z,40507.96209259259
2021-05-21T11:00:00Z,40943.21268518519
2021-05-21T12:00:00Z,41069.48241666667
2021-05-21T13:00:00Z,41137.81120370371
2021-05-21T14:00:00Z,40213.738074074085
2021-05-21T15:00:00Z,38619.17014814815
2021-05-21T16:00:00Z,37117.14790740741
2021-05-21T17:00:00Z,36303.91074074074
2021-05-21T18:00:00Z,36202.94225925926
2021-05-21T19:00:00Z,36131.51621296297
2021-05-21T20:00:00Z,35727.77251851852
2021-05-21T21:00:00Z,35617.130064814824
2021-05-21T22:00:00Z,35837.27193518519
2021-05-21T23:00:00Z,36454.10690740741
2021-05-22T00:00:00Z,37191.96187037037
2021-05-22T01:00:00Z,37730.30187037037
2021-05-22T02:00:00Z,37927.16848148149
2021-05-22T03:00:00Z,37720.22510185185
2021-05-22T04:00:00Z,37172.415611111115
2021-05-22T05:00:00Z,36616.459814814814
2021-05-22T06:00:00Z,36263.430796296285
2021-05-22T07:00:00Z,36108.74294444444
2021-05-22T08:00:00Z,36263.1184537037
2021-05-22T09:00:00Z,36638.1632962963
2021-05-22T10:00:00Z,37383.59612962962
2021-05-22T11:00:00Z,38082.695944444444
2021-05-22T12:00:00Z,38534.44380555556
2021-05-22T13:00:00Z,38711.35651851852
2021-05-22T14:00:00Z,38537.275490740736
2021-05-22T15:00:00Z,38353.16336111111
2021-05-22T16:00:00Z,38228.40499074074
2021-05-22T17:00:00Z,38140.05548148148
2021-05-22T18:00:00Z,37970.67555555556
2021-05-22T19:00:00Z,37678.194092592596
2021-05-22T20:00:00Z,37609.5925
2021-05-22T21:00:00Z,37763.05817592593
2021-05-22T22:00:00Z,37857.36387037037
2021-05-22T23:00:00Z,37789.142555555554
2021-05-23T00:00:00Z,37824.29074074075
2021-05-23T01:00:00Z,37880.75171296296
2021-05-23T02:00:00Z,37832.647425925934
2021-05-23T03:00:00Z,37685.09653703704
2021-05-23T04:00:00Z,37428.46829629629
2021-05-23T05:00:00Z,37134.637777777774
2021-05-23T06:00:00Z,36821.61888888889
2021-05-23T07:00:00Z,36360.620814814814
2021-05-23T08:00:00Z,35484.7967962963
2021-05-23T09:00:00Z,34527.62638888889
2021-05-23T10:00:00Z,34055.92440740741
2021-05-23T11:00:00Z,34213.60971296296
2021-05-23T12:00:00Z,34278.25118518519
2021-05-23T13:00:00Z,34084.050425925925
2021-05-23T14:00:00Z,33789.20762037037
2021-05-23T15:00:00Z,33422.51356481481
2021-05-23T16:00:00Z,32867.97149999999
2021-05-23T17:00:00Z,32449.471712962957
2021-05-23T18:00:00Z,32193.27742592592
2021-05-23T19:00:00Z,32323.42033333333
2021-05-23T20:00:00Z,32822.03755555556
2021-05-23T21:00:00Z,33480.782472222214
2021-05-23T22:00:00Z,33983.02842592593
2021-05-23T23:00:00Z,34468.42880555555
2021-05-24T00:00:00Z,34984.43978703704
2021-05-24T01:00:00Z,35374.32224074074
2021-05-24T02:00:00Z,35633.19570370371
2021-05-24T03:00:00Z,35694.27943518519
2021-05-24T04:00:00Z,35528.26203703704
2021-05-24T05:00:00Z,35398.96421296296
2021-05-24T06:00:00Z,35573.34394444444
2021-05-24T07:00:00Z,36076.49783333333
2021-05-24T08:00:00Z,36618.01900000001
2021-05-24T09:00:00Z,36846.67885185185
2021-05-24T10:00:00Z,36833.38119444445
2021-05-24T11:00:00Z,37054.708629629626
2021-05-24T12:00:00Z,37613.943240740744
2021-05-24T13:00:00Z,38045.169435185184
2021-05-24T14:00:00Z,38208.97232407408
2021-05-24T15:00:00Z,38078.217509259266
2021-05-24T16:00:00Z,37798.3023425926
2021-05-24T17:00:00Z,37640.28207407408
2021-05-24T18:00:00Z,37687.01668518519
2021-05-24T19:00:00Z,38338.99342592593
2021-05-24T20:00:00Z,38991.45997222223
2021-05-24T21:00:00Z,39276.147444444454
2021-05-24T22:00:00Z,39146.328083333334
2021-05-24T23:00:00Z,38927.697935185184
2021-05-25T00:00:00Z,39004.31783333333
2021-05-25T01:00:00Z,39087.04111111111
2021-05-25T02:00:00Z,38891.41207407407
2021-05-25T03:00:00Z,38581.2475462963
2021-05-25T04:00:00Z,38327.19070370371
2021-05-25T05:00:00Z,38240.634796296305
2021-05-25T06:00:00Z,38432.953888888886
2021-05-25T07:00:00Z,38736.27281481482
2021-05-25T08:00:00Z,38761.09440740741
2021-05-25T09:00:00Z,38512.34621296296
2021-05-25T10:00:00Z,37910.423342592585
2021-05-25T11:00:00Z,37128.097518518516
2021-05-25T12:00:00Z,36665.99732407407
2021-05-25T13:00:00Z,36671.20333333332
2021-05-25T14:00:00Z,37034.84843518517
2021-05-25T15:00:00Z,37649.45414814815
2021-05-25T16:00:00Z,38045.490388888895
2021-05-25T17:00:00Z,38232.17290740742
2021-05-25T18:00:00Z,38215.964240740745
2021-05-25T19:00:00Z,37941.61748148148
2021-05-25T20:00:00Z,37694.564768518525
2021-05-25T21:00:00Z,37639.902981481486
2021-05-25T22:00:00Z,37890.38548148148
2021-05-25T23:00:00Z,38227.85698148148
2021-05-26T00:00:00Z,38406.11208333333
2021-05-26T01:00:00Z,38571.277027777774
2021-05-26T02:00:00Z,38866.37271296296
2021-05-26T03:00:00Z,39293.920351851855
2021-05-26T04:00:00Z,39631.088398148146
2021-05-26T05:00:00Z,39723.963416666666
2021-05-26T06:00:00Z,40025.74953703704
2021-05-26T07:00:00Z,40391.82843518518
2021-05-26T08:00:00Z,40627.28781481481
2021-05-26T09:00:00Z,40656.50104629629
2021-05-26T10:00:00Z,40370.27524074073
2021-05-26T11:00:00Z,40073.26708333333
2021-05-26T12:00:00Z,39958.22110185184
2021-05-26T13:00:00Z,39615.91809259259
2021-05-26T14:00:00Z,39281.92601851851
2021-05-26T15:00:00Z,38902.46838888889
2021-05-26T16:00:00Z,38584.39856481482
2021-05-26T17:00:00Z,38536.8112962963
2021-05-26T18:00:00Z,38546.69418518518
2021-05-26T19:00:00Z,38545.13487962963
2021-05-26T20:00:00Z,38572.61414814814
2021-05-26T21:00:00Z,38719.49977777777
2021-05-26T22:00:00Z,38897.714101851845
2021-05-26T23:00:00Z,39125.589861111104
2021-05-27T00:00:00Z,39114.92155555555
2021-05-27T01:00:00Z,38655.44642592593
2021-05-27T02:00:00Z,38111.98426851852
2021-05-27T03:00:00Z,37634.974527777784
2021-05-27T04:00:00Z,37432.828611111116
2021-05-27T05:00:00Z,37565.72140740742
2021-05-27T06:00:00Z,37868.789824074076
2021-05-27T07:00:00Z,38177.9925
2021-05-27T08:00:00Z,38547.97322222223
2021-05-27T09:00:00Z,38980.34326851852
2021-05-27T10:00:00Z,39334.02423148148
2021-05-27T11:00:00Z,39677.634342592595
2021-05-27T12:00:00Z,39782.83783333333
2021-05-27T13:00:00Z,39887.08174074075
2021-05-27T14:00:00Z,40023.7750462963
2021-05-27T15:00:00Z,40051.890962962956
2021-05-27T16:00:00Z,39738.90043518518
2021-05-27T17:00:00Z,39334.85916666667
2021-05-27T18:00:00Z,39029.78912962964
2021-05-27T19:00:00Z,38825.769925925924
2021-05-27T20:00:00Z,38633.015
2021-05-27T21:00:00Z,38605.976814814814
2021-05-27T22:00:00Z,38558.65712962963
2021-05-27T23:00:00Z,38524.677148148156
2021-05-28T00:00:00Z,38336.29562037037
2021-05-28T01:00:00Z,38143.37190740741
2021-05-28T02:00:00Z,38068.6665
2021-05-28T03:00:00Z,38097.25289814815
2021-05-28T04:00:00Z,37905.579333333335
2021-05-28T05:00:00Z,37489.052879629635
2021-05-28T06:00:00Z,37027.88727777777
2021-05-28T07:00:00Z,36733.57592592592
2021-05-28T08:00:00Z,36362.07396296296
2021-05-28T09:00:00Z,36026.46756481481
2021-05-28T10:00:00Z,35764.08333333332
2021-05-28T11:00:00Z,35475.350175925916
2021-05-28T12:00:00Z,35649.15655555555
2021-05-28T13:00:00Z,36142.9785
2021-05-28T14:00:00Z,36602.30634259259
2021-05-28T15:00:00Z,36909.8936574074
2021-05-28T16:00:00Z,36713.84925
2021-05-28T17:00:00Z,36345.405648148146
2021-05-28T18:00:00Z,36082.076861111105
2021-05-28T19:00:00Z,35879.343175925926
2021-05-28T20:00:00Z,35592.72890740741
2021-05-28T21:00:00Z,35232.17134259259
2021-05-28T22:00:00Z,34934.8956388889
2021-05-28T23:00:00Z,34978.508638888896
2021-05-29T00:00:00Z,35406.96938888889
2021-05-29T01:00:00Z,35975.53388888889
2021-05-29T02:00:00Z,36419.88202777778
2021-05-29T03:00:00Z,36665.89609259259
2021-05-29T04:00:00Z,36503.82811111111
2021-05-29T05:00:00Z,36511.43053703703
2021-05-29T06:00:00Z,36544.87591666666
2021-05-29T07:00:00Z,36510.16396296296
2021-05-29T08:00:00Z,36286.446416666666
2021-05-29T09:00:00Z,35857.331398148155
2021-05-29T10:00:00Z,35410.92086111112
2021-05-29T11:00:00Z,35149.54325
2021-05-29T12:00:00Z,34907.25157407407
2021-05-29T13:00:00Z,34754.40930555555
2021-05-29T14:00:00Z,34598.85048148147
2021-05-29T15:00:00Z,34427.81209259259
2021-05-29T16:00:00Z,34436.07025
2021-05-29T17:00:00Z,34272.03337962963
2021-05-29T18:00:00Z,34098.6329537037
2021-05-29T19:00:00Z,33940.40038888888
2021-05-29T20:00:00Z,33932.35563888889
2021-05-29T21:00:00Z,34168.87942592593
2021-05-29T22:00:00Z,34412.26801851852
2021-05-29T23:00:00Z,34612.84767592593
2021-05-30T00:00:00Z,34485.81952777778
2021-05-30T01:00:00Z,34216.11467592592
2021-05-30T02:00:00Z,34138.67649074074
2021-05-30T03:00:00Z,34316.001749999996
2021-05-30T04:00:00Z,34609.12537962963
2021-05-30T05:00:00Z,35012.311518518516
2021-05-30T06:00:00Z,35480.18442592593
2021-05-30T07:00:00Z,35934.76194444445
2021-05-30T08:00:00Z,36153.21158333334
2021-05-30T09:00:00Z,36190.21417592593
2021-05-30T10:00:00Z,36068.89354629629
2021-05-30T11:00:00Z,36115.001666666656
2021-05-30T12:00:00Z,36018.77088888889
2021-05-30T13:00:00Z,35890.17943518518
2021-05-30T14:00:00Z,35647.40164814814
2021-05-30T15:00:00Z,35457.91149074074
2021-05-30T16:00:00Z,35457.837629629634
2021-05-30T17:00:00Z,35589.35897222223
2021-05-30T18:00:00Z,35852.79511111111
2021-05-30T19:00:00Z,36077.46119444444
2021-05-30T20:00:00Z,36206.62018518518
2021-05-30T21:00:00Z,36196.06512962963
2021-05-30T22:00:00Z,36042.38294444444
2021-05-30T23:00:00Z,35840.06813888889
2021-05-31T00:00:00Z,35577.33115740741
2021-05-31T01:00:00Z,35202.64834259259
2021-05-31T02:00:00Z,34835.351740740734
2021-05-31T03:00:00Z,34513.23307407408
2021-05-31T04:00:00Z,34321.38052777778
2021-05-31T05:00:00Z,34254.405722222225
2021-05-31T06:00:00Z,34451.99886111112
2021-05-31T07:00:00Z,34982.923138888895
2021-05-31T08:00:00Z,35665.159638888894
2021-05-31T09:00:00Z,36162.076564814815
2021-05-31T10:00:00Z,36645.38161111111
2021-05-31T11:00:00Z,36977.53992592592
2021-05-31T12:00:00Z,37152.24227777777
2021-05-31T13:00:00Z,37157.78225925926
2021-05-31T14:00:00Z,37013.36853703703
2021-05-31T15:00:00Z,36950.232342592586
2021-05-31T16:00:00Z,37009.6440462963
2021-05-31T17:00:00Z,37074.762787037034
2021-05-31T18:00:00Z,37017.21331481481
2021-05-31T19:00:00Z,36932.07128703704
2021-05-31T20:00:00Z,36808.06555555555
2021-05-31T21:00:00Z,36790.89329629629
2021-05-31T22:00:00Z,36820.841916666664
2021-05-31T23:00:00Z,36990.81918518518
2021-06-01T00:00:00Z,37351.839907407404
2021-06-01T01:00:00Z,37543.4507037037
2021-06-01T02:00:00Z,37447.347592592596
2021-06-01T03:00:00Z,37123.586148148155
2021-06-01T04:00:00Z,36803.50230555556
2021-06-01T05:00:00Z,36784.17125000001
2021-06-01T06:00:00Z,36861.547333333336
2021-06-01T07:00:00Z,36921.921
2021-06-01T08:00:00Z,36715.37625
2021-06-01T09:00:00Z,36412.989537037036
2021-06-01T10:00:00Z,36226.33201851852
2021-06-01T11:00:00Z,36241.58731481482
2021-06-01T12:00:00Z,36252.58624074073
2021-06-01T13:00:00Z,36476.01468518518
2021-06-01T14:00:00Z,36643.00458333333
2021-06-01T15:00:00Z,36622.69972222221
2021-06-01T16:00:00Z,36376.677361111106
2021-06-01T17:00:00Z,36126.28050925925
2021-06-01T18:00:00Z,36013.347898148146
2021-06-01T19:00:00Z,35964.24434259259
2021-06-01T20:00:00Z,36052.05281481481
2021-06-01T21:00:00Z,36197.714259259265
2021-06-01T22:00:00Z,36356.81650925926
2021-06-01T23:00:00Z,36547.564629629625
2021-06-02T00:00:00Z,36545.440722222214
2021-06-02T01:00:00Z,36457.340296296294
2021-06-02T02:00:00Z,36338.17650925927
2021-06-02T03:00:00Z,36319.554111111116
2021-06-02T04:00:00Z,36438.580111111114
2021-06-02T05:00:00Z,36639.55575
2021-06-02T06:00:00Z,36797.294490740744
2021-06-02T07:00:00Z,37011.51924074074
2021-06-02T08:00:00Z,37252.172
2021-06-02T09:00:00Z,37420.035740740735
2021-06-02T10:00:00Z,37450.41251851851
2021-06-02T11:00:00Z,37383.32787037036
2021-06-02T12:00:00Z,37318.94062037036
2021-06-02T13:00:00Z,37369.58422222222
2021-06-02T14:00:00Z,37577.182055555546
2021-06-02T15:00:00Z,37863.65684259259
2021-06-02T16:00:00Z,38051.72896296296
2021-06-02T17:00:00Z,38148.47333333333
2021-06-02T18:00:00Z,38159.6607037037
2021-06-02T19:00:00Z,38094.13617592593
2021-06-02T20:00:00Z,37966.05571296296
2021-06-02T21:00:00Z,37846.86059259259
2021-06-02T22:00:00Z,37694.70563888889
2021-06-02T23:00:00Z,37577.764824074075
2021-06-03T00:00:00Z,37483.47071296296
2021-06-03T01:00:00Z,37370.94584259259
2021-06-03T02:00:00Z,37310.88308333333
2021-06-03T03:00:00Z,37368.90584259259
2021-06-03T04:00:00Z,37590.080185185194
2021-06-03T05:00:00Z,38099.33233333333
2021-06-03T06:00:00Z,38677.25136111111
2021-06-03T07:00:00Z,39024.749472222225
2021-06-03T08:00:00Z,39148.046444444444
2021-06-03T09:00:00Z,39193.148990740745
2021-06-03T10:00:00Z,39276.106546296294
2021-06-03T11:00:00Z,39225.77599074074
2021-06-03T12:00:00Z,39154.175824074075
2021-06-03T13:00:00Z,38898.28168518519
2021-06-03T14:00:00Z,38676.78387037037
2021-06-03T15:00:00Z,38523.87885185185
2021-06-03T16:00:00Z,38557.69943518518
2021-06-03T17:00:00Z,38673.86972222222
2021-06-03T18:00:00Z,38711.890157407404
2021-06-03T19:00:00Z,38682.6365925926
2021-06-03T20:00:00Z,38646.066898148136
2021-06-03T21:00:00Z,38662.174175925924
2021-06-03T22:00:00Z,38755.61092592592
2021-06-03T23:00:00Z,38959.79521296296
2021-06-04T00:00:00Z,39004.590416666666
2021-06-04T01:00:00Z,38698.520638888884
2021-06-04T02:00:00Z,38205.67744444444
2021-06-04T03:00:00Z,37811.23383333333
2021-06-04T04:00:00Z,37533.83618518519
2021-06-04T05:00:00Z,37158.57403703705
2021-06-04T06:00:00Z,36791.178231481485
2021-06-04T07:00:00Z,36475.2345925926
2021-06-04T08:00:00Z,36353.7252962963
2021-06-04T09:00:00Z,36431.660888888895
2021-06-04T10:00:00Z,36526.377601851855
2021-06-04T11:00:00Z,36572.304777777776
2021-06-04T12:00:00Z,36658.55508333333
2021-06-04T13:00:00Z,36722.485527777775
2021-06-04T14:00:00Z,36765.63771296296
2021-06-04T15:00:00Z,36847.963574074085
2021-06-04T16:00:00Z,36915.498712962966
2021-06-04T17:00:00Z,37024.12266666666
2021-06-04T18:00:00Z,37126.4264537037
2021-06-04T19:00:00Z,37102.81181481481
2021-06-04T20:00:00Z,37068.95383333333
2021-06-04T21:00:00Z,37092.205490740744
2021-06-04T22:00:00Z,37135.337750000006
2021-06-04T23:00:00Z,37094.49812037037
2021-06-05T00:00:00Z,37238.57128703704
2021-06-05T01:00:00Z,37474.676
2021-06-05T02:00:00Z,37705.78707407408
2021-06-05T03:00:00Z,37760.961407407405
2021-06-05T04:00:00Z,37747.542527777776
2021-06-05T05:00:00Z,37697.49727777777
2021-06-05T06:00:00Z,37695.055870370365
2021-06-05T07:00:00Z,37684.85923148148
2021-06-05T08:00:00Z,37713.28863888889
2021-06-05T09:00:00Z,37332.918703703705
2021-06-05T10:00:00Z,36830.12295370371
2021-06-05T11:00:00Z,36215.16287037037
2021-06-05T12:00:00Z,35798.30342592592
2021-06-05T13:00:00Z,35557.27537037037
2021-06-05T14:00:00Z,35437.76215740741
2021-06-05T15:00:00Z,35613.11068518519
2021-06-05T16:00:00Z,35837.96721296297
2021-06-05T17:00:00Z,36023.028981481475
2021-06-05T18:00:00Z,36098.354592592594
2021-06-05T19:00:00Z,36014.622092592595
2021-06-05T20:00:00Z,35903.94031481482
2021-06-05T21:00:00Z,35563.65462962963
2021-06-05T22:00:00Z,35205.1053425926
2021-06-05T23:00:00Z,35072.30747222223
2021-06-06T00:00:00Z,35169.228500000005
2021-06-06T01:00:00Z,35580.53851851852
2021-06-06T02:00:00Z,35999.30808333334
2021-06-06T03:00:00Z,36242.690148148155
2021-06-06T04:00:00Z,36315.51755555556
2021-06-06T05:00:00Z,36316.10183333334
2021-06-06T06:00:00Z,36200.14676851852
2021-06-06T07:00:00Z,36133.955425925924
2021-06-06T08:00:00Z,36169.435759259264
2021-06-06T09:00:00Z,36221.426222222224
2021-06-06T10:00:00Z,36212.89865740741
2021-06-06T11:00:00Z,36099.19905555555
2021-06-06T12:00:00Z,35954.046037037035
2021-06-06T13:00:00Z,35775.82618518517
2021-06-06T14:00:00Z,35781.779768518514
2021-06-06T15:00:00Z,35911.58799074073
2021-06-06T16:00:00Z,36107.63491666667
2021-06-06T17:00:00Z,36204.60555555555
2021-06-06T18:00:00Z,36146.780981481475
2021-06-06T19:00:00Z,35978.90046296296
2021-06-06T20:00:00Z,35872.95987962963
2021-06-06T21:00:00Z,35850.200185185175
2021-06-06T22:00:00Z,35769.023962962965
2021-06-06T23:00:00Z,35725.09951851852
2021-06-07T00:00:00Z,35857.413499999995
2021-06-07T01:00:00Z,36201.35996296295
2021-06-07T02:00:00Z,36571.26539814815
2021-06-07T03:00:00Z,36738.06053703704
2021-06-07T04:00:00Z,36669.63177777778
2021-06-07T05:00:00Z,36499.65219444445
2021-06-07T06:00:00Z,36290.75389814815
2021-06-07T07:00:00Z,36149.32518518519
2021-06-07T08:00:00Z,36069.80694444445
2021-06-07T09:00:00Z,36102.34475000001
2021-06-07T10:00:00Z,36256.468240740745
2021-06-07T11:00:00Z,36395.32150925926
2021-06-07T12:00:00Z,36545.632342592595
2021-06-07T13:00:00Z,36555.93928703704
2021-06-07T14:00:00Z,36408.56989814815
2021-06-07T15:00:00Z,36195.871222222224
2021-06-07T16:00:00Z,35946.31657407407
2021-06-07T17:00:00Z,35742.76110185186
2021-06-07T18:00:00Z,35552.43399074074
2021-06-07T19:00:00Z,35464.78624074074
2021-06-07T20:00:00Z,35103.05062037036
2021-06-07T21:00:00Z,34568.413861111105
2021-06-07T22:00:00Z,34079.30236111111
2021-06-07T23:00:00Z,33623.8678425926
2021-06-08T00:00:00Z,33381.77678703704
2021-06-08T01:00:00Z,33340.009842592604
2021-06-08T02:00:00Z,33115.04214814815
2021-06-08T03:00:00Z,32857.02852777779
2021-06-08T04:00:00Z,32644.835314814816
2021-06-08T05:00:00Z,32584.1826388889
2021-06-08T06:00:00Z,32565.25598148149
2021-06-08T07:00:00Z,32657.313731481485
2021-06-08T08:00:00Z,32765.560444444447
2021-06-08T09:00:00Z,32840.87342592593
2021-06-08T10:00:00Z,32869.73230555555
2021-06-08T11:00:00Z,32942.81523148147
2021-06-08T12:00:00Z,32979.37732407407
2021-06-08T13:00:00Z,32830.74116666667
2021-06-08T14:00:00Z,32406.210120370368
2021-06-08T15:00:00Z,31915.9635
2021-06-08T16:00:00Z,31700.69830555556
2021-06-08T17:00:00Z,31752.868611111116
2021-06-08T18:00:00Z,32122.305574074082
2021-06-08T19:00:00Z,32574.067611111113
2021-06-08T20:00:00Z,33146.64812962963
2021-06-08T21:00:00Z,33588.06461111112
2021-06-08T22:00:00Z,33808.74053703705
2021-06-08T23:00:00Z,33808.319555555565
2021-06-09T00:00:00Z,33535.9332037037
2021-06-09T01:00:00Z,33089.41591666666
2021-06-09T02:00:00Z,32761.72704629629
2021-06-09T03:00:00Z,32634.008222222223
2021-06-09T04:00:00Z,32705.04353703703
2021-06-09T05:00:00Z,33009.680629629634
2021-06-09T06:00:00Z,33557.52827777778
2021-06-09T07:00:00Z,34085.88286111112
2021-06-09T08:00:00Z,34397.24317592593
2021-06-09T09:00:00Z,34445.2747037037
2021-06-09T10:00:00Z,34475.3298611111
2021-06-09T11:00:00Z,34684.52529629629
2021-06-09T12:00:00Z,34940.25857407407
2021-06-09T13:00:00Z,35177.49996296296
2021-06-09T14:00:00Z,35172.53329629631
2021-06-09T15:00:00Z,35525.15307407409
2021-06-09T16:00:00Z,36075.84656481483
2021-06-09T17:00:00Z,36628.83447222223
2021-06-09T18:00:00Z,36761.77692592594
2021-06-09T19:00:00Z,36656.89166666667
2021-06-09T20:00:00Z,36519.118925925926
2021-06-09T21:00:00Z,36537.25200925925
2021-06-09T22:00:00Z,36784.287787037036
2021-06-09T23:00:00Z,37145.91180555557
2021-06-10T00:00:00Z,37337.048787037034
2021-06-10T01:00:00Z,37315.21152777777
2021-06-10T02:00:00Z,37223.64725
2021-06-10T03:00:00Z,37105.97725
2021-06-10T04:00:00Z,36981.62191666667
2021-06-10T05:00:00Z,36876.20401851852
2021-06-10T06:00:00Z,36778.90130555556
2021-06-10T07:00:00Z,36789.86868518519
2021-06-10T08:00:00Z,36692.70898148149
2021-06-10T09:00:00Z,36850.96605555556
2021-06-10T10:00:00Z,37245.868462962964
2021-06-10T11:00:00Z,37696.82884259259
2021-06-10T12:00:00Z,38010.64534259259
2021-06-10T13:00:00Z,38123.78737037037
2021-06-10T14:00:00Z,37848.09500925926
2021-06-10T15:00:00Z,37399.16598148148
2021-06-10T16:00:00Z,36959.50872222222
2021-06-10T17:00:00Z,36575.260101851854
2021-06-10T18:00:00Z,36442.29387962963
2021-06-10T19:00:00Z,36445.4207962963
2021-06-10T20:00:00Z,36461.15065740741
2021-06-10T21:00:00Z,36524.879601851855
2021-06-10T22:00:00Z,36636.442712962955
2021-06-10T23:00:00Z,36713.518787037036
2021-06-11T00:00:00Z,36669.30025000001
2021-06-11T01:00:00Z,36514.878398148154
2021-06-11T02:00:00Z,36358.55223148148
2021-06-11T03:00:00Z,36396.87258333334
2021-06-11T04:00:00Z,36640.72082407408
2021-06-11T05:00:00Z,36918.94730555555
2021-06-11T06:00:00Z,36964.89601851851
2021-06-11T07:00:00Z,37019.83665740741
2021-06-11T08:00:00Z,37042.85118518519
2021-06-11T09:00:00Z,37087.41483333333
2021-06-11T10:00:00Z,37252.847499999996
2021-06-11T11:00:00Z,37400.38012037037
2021-06-11T12:00:00Z,37486.90624999999
2021-06-11T13:00:00Z,37527.23765740741
2021-06-11T14:00:00Z,37469.33348148148
2021-06-11T15:00:00Z,37248.31012962963
2021-06-11T16:00:00Z,36937.85367592594
2021-06-11T17:00:00Z,36740.70852777779
2021-06-11T18:00:00Z,36769.023879629625
2021-06-11T19:00:00Z,36963.9644537037
2021-06-11T20:00:00Z,37147.35971296296
2021-06-11T21:00:00Z,37170.51862962963
2021-06-11T22:00:00Z,37212.27625925926
2021-06-11T23:00:00Z,37269.90787962963
2021-06-12T00:00:00Z,37264.363333333335
2021-06-12T01:00:00Z,36956.607824074075
2021-06-12T02:00:00Z,36318.758592592596
2021-06-12T03:00:00Z,35685.27361111111
2021-06-12T04:00:00Z,35176.37396296296
2021-06-12T05:00:00Z,34900.47988888888
2021-06-12T06:00:00Z,34864.18367592592
2021-06-12T07:00:00Z,34956.06355555556
2021-06-12T08:00:00Z,35060.415925925925
2021-06-12T09:00:00Z,35146.392888888884
2021-06-12T10:00:00Z,35327.965314814806
2021-06-12T11:00:00Z,35515.897740740744
2021-06-12T12:00:00Z,35792.389842592595
2021-06-12T13:00:00Z,36020.83669444445
2021-06-12T14:00:00Z,36056.35994444445
2021-06-12T15:00:00Z,35878.476120370375
2021-06-12T16:00:00Z,35654.73966666667
2021-06-12T17:00:00Z,35559.367000000006
2021-06-12T18:00:00Z,35644.92853703704
2021-06-12T19:00:00Z,35754.90279629629
2021-06-12T20:00:00Z,35893.45805555555
2021-06-12T21:00:00Z,35943.709740740735
2021-06-12T22:00:00Z,35898.91336111111
2021-06-12T23:00:00Z,35760.79536111111
2021-06-13T00:00:00Z,35664.03943518519
2021-06-13T01:00:00Z,35656.74375
2021-06-13T02:00:00Z,35615.39600925927
2021-06-13T03:00:00Z,35369.27981481481
2021-06-13T04:00:00Z,35137.97974074074
2021-06-13T05:00:00Z,34937.47685185184
2021-06-13T06:00:00Z,34965.57030555556
2021-06-13T07:00:00Z,35094.28367592594
2021-06-13T08:00:00Z,35325.130453703714
2021-06-13T09:00:00Z,35610.68700000001
2021-06-13T10:00:00Z,35891.92772222224
2021-06-13T11:00:00Z,36070.87542592594
2021-06-13T12:00:00Z,36115.24497222223
2021-06-13T13:00:00Z,36073.04026851853
2021-06-13T14:00:00Z,35968.866629629636
2021-06-13T15:00:00Z,35946.50591666667
2021-06-13T16:00:00Z,36273.49953703704
2021-06-13T17:00:00Z,36825.765194444444
2021-06-13T18:00:00Z,37402.12201851851
2021-06-13T19:00:00Z,37828.93268518518
2021-06-13T20:00:00Z,38496.516
2021-06-13T21:00:00Z,39054.34438888889
2021-06-13T22:00:00Z,39396.67733333333
2021-06-13T23:00:00Z,39491.81561111111
2021-06-14T00:00:00Z,39434.62897222222
2021-06-14T01:00:00Z,39379.027935185186
2021-06-14T02:00:00Z,39279.93475925926
2021-06-14T03:00:00Z,39167.23350925926
2021-06-14T04:00:00Z,39145.45255555555
2021-06-14T05:00:00Z,39244.6697037037
2021-06-14T06:00:00Z,39438.13326851851
2021-06-14T07:00:00Z,39601.969287037035
2021-06-14T08:00:00Z,39522.7693425926
2021-06-14T09:00:00Z,39330.46993518519
2021-06-14T10:00:00Z,39206.76769444445
2021-06-14T11:00:00Z,39145.60060185186
2021-06-14T12:00:00Z,39271.32898148149
2021-06-14T13:00:00Z,39735.76663888889
2021-06-14T14:00:00Z,40285.58685185184
2021-06-14T15:00:00Z,40757.67381481481
2021-06-14T16:00:00Z,40847.226842592594
2021-06-14T17:00:00Z,40685.53750925925
2021-06-14T18:00:00Z,40303.54303703704
2021-06-14T19:00:00Z,39918.0370925926
2021-06-14T20:00:00Z,39690.651685185185
2021-06-14T21:00:00Z,39759.39945370371
2021-06-14T22:00:00Z,39963.04336111111
2021-06-14T23:00:00Z,40263.02792592592
2021-06-15T00:00:00Z,40461.32850925926
2021-06-15T01:00:00Z,40403.80899074074
2021-06-15T02:00:00Z,40310.429407407406
2021-06-15T03:00:00Z,40279.65744444445
2021-06-15T04:00:00Z,40367.523583333335
2021-06-15T05:00:00Z,40442.421101851854
2021-06-15T06:00:00Z,40441.300907407414
2021-06-15T07:00:00Z,40409.264777777775
2021-06-15T08:00:00Z,40214.290416666656
2021-06-15T09:00:00Z,40070.94297222221
2021-06-15T10:00:00Z,39934.250916666664
2021-06-15T11:00:00Z,39836.13762962963
2021-06-15T12:00:00Z,39956.67629629629
2021-06-15T13:00:00Z,40139.05062037037
2021-06-15T14:00:00Z,40223.13880555556
2021-06-15T15:00:00Z,40204.05856481482
2021-06-15T16:00:00Z,40167.179768518516
2021-06-15T17:00:00Z,40311.18819444444
2021-06-15T18:00:00Z,40510.52912962963
2021-06-15T19:00:00Z,40484.55062962963
2021-06-15T20:00:00Z,40282.113712962964
2021-06-15T21:00:00Z,40039.28430555555
2021-06-15T22:00:00Z,39932.36053703703
2021-06-15T23:00:00Z,39971.31125925925
2021-06-16T00:00:00Z,39985.458129629624
2021-06-16T01:00:00Z,40022.059981481485
2021-06-16T02:00:00Z,40037.50595370371
2021-06-16T03:00:00Z,40047.46080555556
2021-06-16T04:00:00Z,40120.44035185185
2021-06-16T05:00:00Z,40209.207407407404
2021-06-16T06:00:00Z,40324.74832407408
2021-06-16T07:00:00Z,40335.231212962964
2021-06-16T08:00:00Z,40249.7925
2021-06-16T09:00:00Z,40102.77136111111
2021-06-16T10:00:00Z,39916.43275925926
2021-06-16T11:00:00Z,39565.88487962963
2021-06-16T12:00:00Z,39197.778694444445
2021-06-16T13:00:00Z,38976.251851851855
2021-06-16T14:00:00Z,38818.93063888889
2021-06-16T15:00:00Z,38722.90500925926
2021-06-16T16:00:00Z,38621.536555555555
2021-06-16T17:00:00Z,38698.92909259259
2021-06-16T18:00:00Z,38752.16041666666
2021-06-16T19:00:00Z,38757.89137962962
2021-06-16T20:00:00Z,38660.298046296295
2021-06-16T21:00:00Z,38609.21792592592
2021-06-16T22:00:00Z,38571.529407407405
2021-06-16T23:00:00Z,38487.800379629625
2021-06-17T00:00:00Z,38470.13189814815
2021-06-17T01:00:00Z,38508.688129629634
2021-06-17T02:00:00Z,38607.85211111111
2021-06-17T03:00:00Z,38747.71525
2021-06-17T04:00:00Z,38847.10672222222
2021-06-17T05:00:00Z,38863.41160185185
2021-06-17T06:00:00Z,38980.604574074074
2021-06-17T07:00:00Z,39130.460277777776
2021-06-17T08:00:00Z,39287.96439814815
2021-06-17T09:00:00Z,39453.48546296296
2021-06-17T10:00:00Z,39493.79893518519
2021-06-17T11:00:00Z,39423.12385185185
2021-06-17T12:00:00Z,39185.111722222224
2021-06-17T13:00:00Z,38901.02569444445
2021-06-17T14:00:00Z,38738.288083333326
2021-06-17T15:00:00Z,38746.098555555545
2021-06-17T16:00:00Z,38697.02115740741
2021-06-17T17:00:00Z,38354.05374074075
2021-06-17T18:00:00Z,37919.48814814814
2021-06-17T19:00:00Z,37564.72183333334
2021-06-17T20:00:00Z,37425.10870370371
2021-06-17T21:00:00Z,37454.2895462963
2021-06-17T22:00:00Z,37611.49277777778
2021-06-17T23:00:00Z,37825.924925925916
2021-06-18T00:00:00Z,37899.45833333333
2021-06-18T01:00:00Z,37849.00167592592
2021-06-18T02:00:00Z,37768.25986111111
2021-06-18T03:00:00Z,37770.57206481482
2021-06-18T04:00:00Z,37841.74520370371
2021-06-18T05:00:00Z,37826.071407407406
2021-06-18T06:00:00Z,37696.523972222225
2021-06-18T07:00:00Z,37602.63193518518
2021-06-18T08:00:00Z,37635.96154629629
2021-06-18T09:00:00Z,37642.30497222222
2021-06-18T10:00:00Z,37708.38302777778
2021-06-18T11:00:00Z,37769.36587962963
2021-06-18T12:00:00Z,37702.16569444445
2021-06-18T13:00:00Z,37512.027
2021-06-18T14:00:00Z,37125.51667592593
2021-06-18T15:00:00Z,36652.594768518524
2021-06-18T16:00:00Z,36352.34494444445
2021-06-18T17:00:00Z,36147.596009259265
2021-06-18T18:00:00Z,35780.076231481486
2021-06-18T19:00:00Z,35387.042962962965
2021-06-18T20:00:00Z,35137.32630555555
2021-06-18T21:00:00Z,35146.767935185184
2021-06-18T22:00:00Z,35313.84511111111
2021-06-18T23:00:00Z,35549.5465462963
2021-06-19T00:00:00Z,35720.13474074074
2021-06-19T01:00:00Z,35923.181731481476
2021-06-19T02:00:00Z,35910.93864814815
2021-06-19T03:00:00Z,35656.728111111115
2021-06-19T04:00:00Z,35340.92411111111
2021-06-19T05:00:00Z,35203.4892037037
2021-06-19T06:00:00Z,35336.005564814805
2021-06-19T07:00:00Z,35585.00274999999
2021-06-19T08:00:00Z,35801.709768518514
2021-06-19T09:00:00Z,35865.40812037036
2021-06-19T10:00:00Z,35837.636222222216
2021-06-19T11:00:00Z,35847.32643518518
2021-06-19T12:00:00Z,35837.40687962963
2021-06-19T13:00:00Z,35828.1455462963
2021-06-19T14:00:00Z,35948.35396296296
2021-06-19T15:00:00Z,36083.88041666667
2021-06-19T16:00:00Z,36127.634287037035
2021-06-19T17:00:00Z,36033.7257037037
2021-06-19T18:00:00Z,35804.71103703704
2021-06-19T19:00:00Z,35709.64782407408
2021-06-19T20:00:00Z,35790.221379629635
2021-06-19T21:00:00Z,35890.51990740741
2021-06-19T22:00:00Z,35849.636666666665
2021-06-19T23:00:00Z,35687.42806481482
2021-06-20T00:00:00Z,35477.394416666655
2021-06-20T01:00:00Z,35401.13337037037
2021-06-20T02:00:00Z,35433.41861111111
2021-06-20T03:00:00Z,35490.15235185185
2021-06-20T04:00:00Z,35609.95022222222
2021-06-20T05:00:00Z,35706.67889814815
2021-06-20T06:00:00Z,35702.53623148148
2021-06-20T07:00:00Z,35665.72878703704
2021-06-20T08:00:00Z,35528.01805555556
2021-06-20T09:00:00Z,35285.358574074075
2021-06-20T10:00:00Z,34771.847148148154
2021-06-20T11:00:00Z,34171.48232407407
2021-06-20T12:00:00Z,33712.68978703704
2021-06-20T13:00:00Z,33505.28182407407
2021-06-20T14:00:00Z,33648.30973148148
2021-06-20T15:00:00Z,33960.563666666676
2021-06-20T16:00:00Z,34312.5801388889
2021-06-20T17:00:00Z,34570.75970370371
2021-06-20T18:00:00Z,34805.16062037038
2021-06-20T19:00:00Z,35141.16692592593
2021-06-20T20:00:00Z,35562.79431481482
2021-06-20T21:00:00Z,35835.59664814815
2021-06-20T22:00:00Z,35942.11166666667
2021-06-20T23:00:00Z,35890.05203703704
2021-06-21T00:00:00Z,35772.31325925927
2021-06-21T01:00:00Z,35579.49249074074
2021-06-21T02:00:00Z,35346.04275925926
2021-06-21T03:00:00Z,35002.32253703703
2021-06-21T04:00:00Z,34561.11133333333
2021-06-21T05:00:00Z,34250.779277777765
2021-06-21T06:00:00Z,33618.305527777775
2021-06-21T07:00:00Z,33045.24050925926
2021-06-21T08:00:00Z,32605.11914814815
2021-06-21T09:00:00Z,32506.435981481485
2021-06-21T10:00:00Z,32412.556694444447
2021-06-21T11:00:00Z,32352.983324074074
2021-06-21T12:00:00Z,32233.155305555556
2021-06-21T13:00:00Z,32400.845787037037
2021-06-21T14:00:00Z,32661.954870370373
2021-06-21T15:00:00Z,32825.911166666665
2021-06-21T16:00:00Z,32696.29154629629
2021-06-21T17:00:00Z,32434.196500000002
2021-06-21T18:00:00Z,32378.512101851855
2021-06-21T19:00:00Z,32437.936453703704
2021-06-21T20:00:00Z,32551.523564814823
2021-06-21T21:00:00Z,32289.876157407405
2021-06-21T22:00:00Z,31782.365833333333
2021-06-21T23:00:00Z,31390.811064814818
2021-06-22T00:00:00Z,31294.661814814815
2021-06-22T01:00:00Z,31681.922916666663
2021-06-22T02:00:00Z,32303.982203703705
2021-06-22T03:00:00Z,32894.78459259259
2021-06-22T04:00:00Z,33227.02855555555
2021-06-22T05:00:00Z,33199.164722222224
2021-06-22T06:00:00Z,33057.29117592593
2021-06-22T07:00:00Z,32848.20321296296
2021-06-22T08:00:00Z,32417.198101851853
2021-06-22T09:00:00Z,31910.680462962966
2021-06-22T10:00:00Z,31558.99293518519
2021-06-22T11:00:00Z,31263.835564814817
2021-06-22T12:00:00Z,30687.937481481484
2021-06-22T13:00:00Z,29846.760814814817
2021-06-22T14:00:00Z,29482.82930555556
2021-06-22T15:00:00Z,29945.56932407408
2021-06-22T16:00:00Z,31095.884916666666
2021-06-22T17:00:00Z,32317.581722222225
2021-06-22T18:00:00Z,33191.76224074075
2021-06-22T19:00:00Z,33411.76771296297
2021-06-22T20:00:00Z,33352.59849074073
2021-06-22T21:00:00Z,33071.02961111111
2021-06-22T22:00:00Z,32817.596731481484
2021-06-22T23:00:00Z,32633.56666666667
2021-06-23T00:00:00Z,32880.35225
2021-06-23T01:00:00Z,33427.31110185185
2021-06-23T02:00:00Z,33925.36363888889
2021-06-23T03:00:00Z,34244.117685185185
2021-06-23T04:00:00Z,34261.07033333334
2021-06-23T05:00:00Z,34295.439675925925
2021-06-23T06:00:00Z,34230.27407407407
2021-06-23T07:00:00Z,34156.205074074074
2021-06-23T08:00:00Z,34007.10993518518
2021-06-23T09:00:00Z,33905.144101851845
2021-06-23T10:00:00Z,33964.028203703696
2021-06-23T11:00:00Z,34012.272268518514
2021-06-23T12:00:00Z,34114.141555555565
2021-06-23T13:00:00Z,34128.94731481482
2021-06-23T14:00:00Z,34121.963027777776
2021-06-23T15:00:00Z,33929.27981481482
2021-06-23T16:00:00Z,33737.519231481485
2021-06-23T17:00:00Z,33580.13600925927
2021-06-23T18:00:00Z,33410.660796296295
2021-06-23T19:00:00Z,33159.69902777777
2021-06-23T20:00:00Z,32951.496157407404
2021-06-23T21:00:00Z,32938.6850462963
2021-06-23T22:00:00Z,33108.355416666665
2021-06-23T23:00:00Z,33393.86431481482
2021-06-24T00:00:00Z,33492.16676851852
2021-06-24T01:00:00Z,33261.4569074074
2021-06-24T02:00:00Z,32852.925092592595
2021-06-24T03:00:00Z,32513.987620370364
2021-06-24T04:00:00Z,32344.259509259264
2021-06-24T05:00:00Z,32460.824092592597
2021-06-24T06:00:00Z,32704.1178425926
2021-06-24T07:00:00Z,32891.13874999999
2021-06-24T08:00:00Z,33124.92835185184
2021-06-24T09:00:00Z,33292.17514814814
2021-06-24T10:00:00Z,33378.739333333324
2021-06-24T11:00:00Z,33574.356861111104
2021-06-24T12:00:00Z,33849.76288888889
2021-06-24T13:00:00Z,34115.40078703703
2021-06-24T14:00:00Z,34269.333277777776
2021-06-24T15:00:00Z,34246.79192592593
2021-06-24T16:00:00Z,34314.207046296295
2021-06-24T17:00:00Z,34582.768268518514
2021-06-24T18:00:00Z,34888.69041666666
2021-06-24T19:00:00Z,35086.361611111104
2021-06-24T20:00:00Z,35125.57874999999
2021-06-24T21:00:00Z,35040.118787037034
2021-06-24T22:00:00Z,34917.565425925925
2021-06-24T23:00:00Z,34787.89377777778
2021-06-25T00:00:00Z,34672.7612962963
2021-06-25T01:00:00Z,34658.681888888896
2021-06-25T02:00:00Z,34789.56137037037
2021-06-25T03:00:00Z,34971.188333333324
2021-06-25T04:00:00Z,35019.45637962962
2021-06-25T05:00:00Z,34867.53381481481
2021-06-25T06:00:00Z,34623.28316666667
2021-06-25T07:00:00Z,34377.33357407408
2021-06-25T08:00:00Z,34215.68999074074
2021-06-25T09:00:00Z,33986.299305555556
2021-06-25T10:00:00Z,33767.962907407404
2021-06-25T11:00:00Z,33472.553490740735
2021-06-25T12:00:00Z,33162.74954629629
2021-06-25T13:00:00Z,32906.32361111111
2021-06-25T14:00:00Z,32699.30623148149
2021-06-25T15:00:00Z,32535.695287037044
2021-06-25T16:00:00Z,32231.644944444448
2021-06-25T17:00:00Z,31849.55633333333
2021-06-25T18:00:00Z,31645.93292592593
2021-06-25T19:00:00Z,31700.073879629632
2021-06-25T20:00:00Z,31909.026898148146
2021-06-25T21:00:00Z,31989.27271296296
2021-06-25T22:00:00Z,31817.26378703704
2021-06-25T23:00:00Z,31596.510250000003
2021-06-26T00:00:00Z,31569.767564814814
2021-06-26T01:00:00Z,31703.56962037037
2021-06-26T02:00:00Z,31878.35153703704
2021-06-26T03:00:00Z,32001.321500000002
2021-06-26T04:00:00Z,32161.271064814817
2021-06-26T05:00:00Z,32282.84625925926
2021-06-26T06:00:00Z,32200.935425925927
2021-06-26T07:00:00Z,31698.051296296286
2021-06-26T08:00:00Z,30980.376527777767
2021-06-26T09:00:00Z,30554.314953703695
2021-06-26T10:00:00Z,30502.44860185185
2021-06-26T11:00:00Z,30911.083314814812
2021-06-26T12:00:00Z,31278.38571296296
2021-06-26T13:00:00Z,31324.26217592592
2021-06-26T14:00:00Z,31270.092805555556
2021-06-26T15:00:00Z,31287.92205555555
2021-06-26T16:00:00Z,31327.046657407405
2021-06-26T17:00:00Z,31479.47396296296
2021-06-26T18:00:00Z,31595.814777777774
2021-06-26T19:00:00Z,31662.71400925926
2021-06-26T20:00:00Z,31596.686898148142
2021-06-26T21:00:00Z,31495.545814814814
2021-06-26T22:00:00Z,31521.02896296296
2021-06-26T23:00:00Z,31783.53112962963
2021-06-27T00:00:00Z,32154.369592592597
2021-06-27T01:00:00Z,32604.439222222223
2021-06-27T02:00:00Z,33020.90217592593
2021-06-27T03:00:00Z,33313.55798148148
2021-06-27T04:00:00Z,33452.61618518518
2021-06-27T05:00:00Z,33384.799157407404
2021-06-27T06:00:00Z,33265.833249999996
2021-06-27T07:00:00Z,33224.88330555556
2021-06-27T08:00:00Z,33175.876537037046
2021-06-27T09:00:00Z,32993.837194444444
2021-06-27T10:00:00Z,32785.786611111114
2021-06-27T11:00:00Z,32792.663592592595
2021-06-27T12:00:00Z,32989.74795370371
2021-06-27T13:00:00Z,33179.95001851852
2021-06-27T14:00:00Z,33307.3032962963
2021-06-27T15:00:00Z,33326.725675925925
2021-06-27T16:00:00Z,33240.379879629625
2021-06-27T17:00:00Z,33136.08480555555
2021-06-27T18:00:00Z,32953.89090740741
2021-06-27T19:00:00Z,32809.00401851852
2021-06-27T20:00:00Z,32671.557879629632
2021-06-27T21:00:00Z,32651.5025462963
2021-06-27T22:00:00Z,33167.724916666666
2021-06-27T23:00:00Z,33967.758638888896
2021-06-28T00:00:00Z,34674.63926851852
2021-06-28T01:00:00Z,34949.3802962963
2021-06-28T02:00:00Z,34890.25718518519
2021-06-28T03:00:00Z,34701.414361111114
2021-06-28T04:00:00Z,34528.58135185185
2021-06-28T05:00:00Z,34473.75562037038
2021-06-28T06:00:00Z,34485.48986111112
2021-06-28T07:00:00Z,34681.24943518519
2021-06-28T08:00:00Z,34884.483185185185
2021-06-28T09:00:00Z,34872.2263425926
2021-06-28T10:00:00Z,34643.82907407408
2021-06-28T11:00:00Z,34320.72709259259
2021-06-28T12:00:00Z,34169.43698148148
2021-06-28T13:00:00Z,34148.25516666667
2021-06-28T14:00:00Z,34217.260611111116
2021-06-28T15:00:00Z,34477.888657407406
2021-06-28T16:00:00Z,34683.636351851856
2021-06-28T17:00:00Z,34669.39808333334
2021-06-28T18:00:00Z,34480.04718518519
2021-06-28T19:00:00Z,34332.55970370371
2021-06-28T20:00:00Z,34368.895546296306
2021-06-28T21:00:00Z,34514.14247222223
2021-06-28T22:00:00Z,34586.31426851852
2021-06-28T23:00:00Z,34578.262175925935
2021-06-29T00:00:00Z,34655.142546296294
2021-06-29T01:00:00Z,34711.733194444445
2021-06-29T02:00:00Z,34644.11631481482
2021-06-29T03:00:00Z,34570.929518518526
2021-06-29T04:00:00Z,34605.5735462963
2021-06-29T05:00:00Z,34687.89743518519
2021-06-29T06:00:00Z,34948.32692592592
2021-06-29T07:00:00Z,35084.6765462963
2021-06-29T08:00:00Z,35161.04000925925
2021-06-29T09:00:00Z,35218.61112037037
2021-06-29T10:00:00Z,35385.09286111111
2021-06-29T11:00:00Z,35576.7024537037
2021-06-29T12:00:00Z,35784.010064814815
2021-06-29T13:00:00Z,36078.5825462963
2021-06-29T14:00:00Z,36321.902657407416
2021-06-29T15:00:00Z,36471.49166666667
2021-06-29T16:00:00Z,36527.46510185185
2021-06-29T17:00:00Z,36523.91807407407
2021-06-29T18:00:00Z,36469.075305555554
2021-06-29T19:00:00Z,36438.54181481482
2021-06-29T20:00:00Z,36352.08450925926
2021-06-29T21:00:00Z,36276.99265740741
2021-06-29T22:00:00Z,36134.70961111111
2021-06-29T23:00:00Z,35981.259
2021-06-30T00:00:00Z,35857.14689814814
2021-06-30T01:00:00Z,35776.927342592586
2021-06-30T02:00:00Z,35740.32607407407
2021-06-30T03:00:00Z,35521.64927777779
2021-06-30T04:00:00Z,35138.544435185184
2021-06-30T05:00:00Z,34769.87526851852
2021-06-30T06:00:00Z,34615.03652777777
2021-06-30T07:00:00Z,34735.65288888889
2021-06-30T08:00:00Z,34780.82907407408
2021-06-30T09:00:00Z,34742.7825
2021-06-30T10:00:00Z,34671.878731481476
2021-06-30T11:00:00Z,34674.74238888888
2021-06-30T12:00:00Z,34686.61471296296
2021-06-30T13:00:00Z,34708.68008333333
2021-06-30T14:00:00Z,34676.96702777778
2021-06-30T15:00:00Z,34506.2292962963
2021-06-30T16:00:00Z,34282.029879629634
2021-06-30T17:00:00Z,34261.9113888889
2021-06-30T18:00:00Z,34439.91220370371
2021-06-30T19:00:00Z,34673.69963888889
2021-06-30T20:00:00Z,34783.39507407407
2021-06-30T21:00:00Z,34826.11514814814
2021-06-30T22:00:00Z,34856.52206481481
2021-06-30T23:00:00Z,34944.59801851851
2021-07-01T00:00:00Z,34952.910388888886
2021-07-01T01:00:00Z,34957.497398148145
2021-07-01T02:00:00Z,34767.05150925927
2021-07-01T03:00:00Z,34460.90778703704
2021-07-01T04:00:00Z,34229.44769444445
2021-07-01T05:00:00Z,34128.46694444445
2021-07-01T06:00:00Z,33917.98161111111
2021-07-01T07:00:00Z,33606.957379629624
2021-07-01T08:00:00Z,33332.45874074074
2021-07-01T09:00:00Z,33135.62637962963
2021-07-01T10:00:00Z,33049.088851851855
2021-07-01T11:00:00Z,33195.91405555556
2021-07-01T12:00:00Z,33413.25160185184
2021-07-01T13:00:00Z,33543.99605555555
2021-07-01T14:00:00Z,33496.90172222222
2021-07-01T15:00:00Z,33415.71101851852
2021-07-01T16:00:00Z,33288.157416666676
2021-07-01T17:00:00Z,33289.810740740744
2021-07-01T18:00:00Z,33313.92092592593
2021-07-01T19:00:00Z,33268.95924074074
2021-07-01T20:00:00Z,33279.48637962962
2021-07-01T21:00:00Z,33345.38647222222
2021-07-01T22:00:00Z,33464.44932407408
2021-07-01T23:00:00Z,33561.20786111111
2021-07-02T00:00:00Z,33678.46478703703
2021-07-02T01:00:00Z,33626.43087037036
2021-07-02T02:00:00Z,33487.79906481482
2021-07-02T03:00:00Z,33222.052472222225
2021-07-02T04:00:00Z,33034.781481481485
2021-07-02T05:00:00Z,32877.889824074075
2021-07-02T06:00:00Z,32819.13741666667
2021-07-02T07:00:00Z,32945.49487962963
2021-07-02T08:00:00Z,33150.283796296295
2021-07-02T09:00:00Z,33228.40938888888
2021-07-02T10:00:00Z,33175.20332407408
2021-07-02T11:00:00Z,33068.02252777778
2021-07-02T12:00:00Z,33053.14351851851
2021-07-02T13:00:00Z,33197.84175925925
2021-07-02T14:00:00Z,33440.020324074074
2021-07-02T15:00:00Z,33668.90888888889
2021-07-02T16:00:00Z,33784.463407407406
2021-07-02T17:00:00Z,33749.58350925925
2021-07-02T18:00:00Z,33586.972398148144
2021-07-02T19:00:00Z,33419.24468518518
2021-07-02T20:00:00Z,33245.15325
2021-07-02T21:00:00Z,33222.34988888889
2021-07-02T22:00:00Z,33368.419731481474
2021-07-02T23:00:00Z,33603.802435185185
2021-07-03T00:00:00Z,33731.26352777778
2021-07-03T01:00:00Z,33776.78686111111
2021-07-03T02:00:00Z,33712.85132407408
2021-07-03T03:00:00Z,33618.885166666674
2021-07-03T04:00:00Z,33590.217379629634
2021-07-03T05:00:00Z,33621.65828703704
2021-07-03T06:00:00Z,33678.2121111111
2021-07-03T07:00:00Z,33961.46866666666
2021-07-03T08:00:00Z,34313.84068518518
2021-07-03T09:00:00Z,34644.67072222222
2021-07-03T10:00:00Z,34830.87901851852
2021-07-03T11:00:00Z,34860.8831574074
2021-07-03T12:00:00Z,34790.5237037037
2021-07-03T13:00:00Z,34737.16576851852
2021-07-03T14:00:00Z,34718.597990740745
2021-07-03T15:00:00Z,34701.635611111116
2021-07-03T16:00:00Z,34656.45735185185
2021-07-03T17:00:00Z,34663.20797222222
2021-07-03T18:00:00Z,34675.429000000004
2021-07-03T19:00:00Z,34716.90933333334
2021-07-03T20:00:00Z,34745.36528703704
2021-07-03T21:00:00Z,34704.97162962963
2021-07-03T22:00:00Z,34641.05852777778
2021-07-03T23:00:00Z,34611.11226851851
2021-07-04T00:00:00Z,34573.39549074074
2021-07-04T01:00:00Z,34522.350601851846
2021-07-04T02:00:00Z,34510.94231481481
2021-07-04T03:00:00Z,34546.15352777777
2021-07-04T04:00:00Z,34646.65023148148
2021-07-04T05:00:00Z,34879.97931481482
2021-07-04T06:00:00Z,35187.34985185185
2021-07-04T07:00:00Z,35504.17218518519
2021-07-04T08:00:00Z,35708.98312037037
2021-07-04T09:00:00Z,35762.04518518518
2021-07-04T10:00:00Z,35741.09856481481
2021-07-04T11:00:00Z,35676.92996296296
2021-07-04T12:00:00Z,35533.20187962964
2021-07-04T13:00:00Z,35406.3861851852
2021-07-04T14:00:00Z,35355.75306481482
2021-07-04T15:00:00Z,35389.04633333334
2021-07-04T16:00:00Z,35449.75233333334
2021-07-04T17:00:00Z,35518.27344444445
2021-07-04T18:00:00Z,35551.2307962963
2021-07-04T19:00:00Z,35577.685666666664
2021-07-04T20:00:00Z,35585.79109259259
2021-07-04T21:00:00Z,35685.366472222224
2021-07-04T22:00:00Z,35658.87308333333
2021-07-04T23:00:00Z,35533.796722222214
2021-07-05T00:00:00Z,35237.519046296286
2021-07-05T01:00:00Z,34845.29281481481
2021-07-05T02:00:00Z,34485.380990740734
2021-07-05T03:00:00Z,34232.87880555555
2021-07-05T04:00:00Z,34080.803638888894
2021-07-05T05:00:00Z,34061.75291666667
2021-07-05T06:00:00Z,34114.69419444445
2021-07-05T07:00:00Z,34176.73951851852
2021-07-05T08:00:00Z,34220.677111111116
2021-07-05T09:00:00Z,34257.54694444445
2021-07-05T10:00:00Z,34339.25812037038
2021-07-05T11:00:00Z,34105.738833333344
2021-07-05T12:00:00Z,33755.93151851852
2021-07-05T13:00:00Z,33475.43926851852
2021-07-05T14:00:00Z,33391.67016666667
2021-07-05T15:00:00Z,33442.19693518518
2021-07-05T16:00:00Z,33533.68075925926
2021-07-05T17:00:00Z,33620.19775925927
2021-07-05T18:00:00Z,33768.07089814815
2021-07-05T19:00:00Z,33968.75943518519
2021-07-05T20:00:00Z,34059.078342592584
2021-07-05T21:00:00Z,34136.7929074074
2021-07-05T22:00:00Z,34127.122388888885
2021-07-05T23:00:00Z,34001.370472222225
2021-07-06T00:00:00Z,33944.462824074064
2021-07-06T01:00:00Z,33871.763953703696
2021-07-06T02:00:00Z,33865.4249537037
2021-07-06T03:00:00Z,33885.62090740741
2021-07-06T04:00:00Z,34130.68727777777
2021-07-06T05:00:00Z,34490.850666666665
2021-07-06T06:00:00Z,34785.107500000006
2021-07-06T07:00:00Z,34983.375796296306
2021-07-06T08:00:00Z,35083.83907407407
2021-07-06T09:00:00Z,34895.85525
2021-07-06T10:00:00Z,34497.36341666667
2021-07-06T11:00:00Z,34119.81873148148
2021-07-06T12:00:00Z,33992.88162962962
2021-07-06T13:00:00Z,34011.22195370371
2021-07-06T14:00:00Z,34082.69066666666
2021-07-06T15:00:00Z,34093.3307037037
2021-07-06T16:00:00Z,34058.8179537037
2021-07-06T17:00:00Z,33995.998611111114
2021-07-06T18:00:00Z,33908.54084259259
2021-07-06T19:00:00Z,33884.99810185185
2021-07-06T20:00:00Z,33893.21530555556
2021-07-06T21:00:00Z,33866.18146296297
2021-07-06T22:00:00Z,33891.376444444446
2021-07-06T23:00:00Z,33999.72724999999
2021-07-07T00:00:00Z,34124.34101851851
2021-07-07T01:00:00Z,34243.70694444443
2021-07-07T02:00:00Z,34320.33139814814
2021-07-07T03:00:00Z,34404.91169444444
2021-07-07T04:00:00Z,34560.769898148144
2021-07-07T05:00:00Z,34749.974490740744
2021-07-07T06:00:00Z,34870.462416666676
2021-07-07T07:00:00Z,34901.68392592593
2021-07-07T08:00:00Z,34888.663990740744
2021-07-07T09:00:00Z,34834.81958333334
2021-07-07T10:00:00Z,34756.35626851852
2021-07-07T11:00:00Z,34739.624361111106
2021-07-07T12:00:00Z,34777.35367592592
2021-07-07T13:00:00Z,34829.90012962963
2021-07-07T14:00:00Z,34806.39010185186
2021-07-07T15:00:00Z,34699.00917592592
2021-07-07T16:00:00Z,34588.63566666667
2021-07-07T17:00:00Z,34543.89051851852
2021-07-07T18:00:00Z,34574.86361111113
2021-07-07T19:00:00Z,34618.475000000006
2021-07-07T20:00:00Z,34616.73260185186
2021-07-07T21:00:00Z,34493.98217592592
2021-07-07T22:00:00Z,34308.310203703695
2021-07-07T23:00:00Z,34059.82243518519
2021-07-08T00:00:00Z,33661.97642592593
2021-07-08T01:00:00Z,33307.69537037037
2021-07-08T02:00:00Z,33104.28841666667
2021-07-08T03:00:00Z,33060.97247222223
2021-07-08T04:00:00Z,33118.14761111111
2021-07-08T05:00:00Z,33058.37186111111
2021-07-08T06:00:00Z,33000.37819444444
2021-07-08T07:00:00Z,32788.55011111111
2021-07-08T08:00:00Z,32584.864907407406
2021-07-08T09:00:00Z,32447.15879629629
2021-07-08T10:00:00Z,32375.940240740743
2021-07-08T11:00:00Z,32438.260722222225
2021-07-08T12:00:00Z,32511.32233333334
2021-07-08T13:00:00Z,32539.518388888897
2021-07-08T14:00:00Z,32604.197148148145
2021-07-08T15:00:00Z,32728.376342592586
2021-07-08T16:00:00Z,32870.185203703695
2021-07-08T17:00:00Z,32960.075657407404
2021-07-08T18:00:00Z,32971.70548148147
2021-07-08T19:00:00Z,32980.100277777776
2021-07-08T20:00:00Z,32943.70499074074
2021-07-08T21:00:00Z,32856.667037037034
2021-07-08T22:00:00Z,32715.265509259265
2021-07-08T23:00:00Z,32676.543703703708
2021-07-09T00:00:00Z,32581.58969444445
2021-07-09T01:00:00Z,32563.689537037037
2021-07-09T02:00:00Z,32665.690416666665
2021-07-09T03:00:00Z,32818.73777777777
2021-07-09T04:00:00Z,32988.32305555556
2021-07-09T05:00:00Z,33081.09598148149
2021-07-09T06:00:00Z,33061.081
2021-07-09T07:00:00Z,32995.18953703703
2021-07-09T08:00:00Z,32908.471675925925
2021-07-09T09:00:00Z,32870.46292592592
2021-07-09T10:00:00Z,32867.22116666666
2021-07-09T11:00:00Z,32845.12944444444
2021-07-09T12:00:00Z,32873.19079629631
2021-07-09T13:00:00Z,33055.85633333334
2021-07-09T14:00:00Z,33326.9557962963
2021-07-09T15:00:00Z,33574.21694444444
2021-07-09T16:00:00Z,33701.62176851851
2021-07-09T17:00:00Z,33702.123953703696
2021-07-09T18:00:00Z,33608.685703703704
2021-07-09T19:00:00Z,33515.503814814816
2021-07-09T20:00:00Z,33475.767555555554
2021-07-09T21:00:00Z,33585.65283333333
2021-07-09T22:00:00Z,33791.4052037037
2021-07-09T23:00:00Z,33936.25488888889
2021-07-10T00:00:00Z,34049.60330555555
2021-07-10T01:00:00Z,34024.70796296295
2021-07-10T02:00:00Z,33923.828462962956
2021-07-10T03:00:00Z,33828.08783333333
2021-07-10T04:00:00Z,33727.01549074074
2021-07-10T05:00:00Z,33663.7744537037
2021-07-10T06:00:00Z,33675.286194444445
2021-07-10T07:00:00Z,33716.175083333335
2021-07-10T08:00:00Z,33759.98818518518
2021-07-10T09:00:00Z,33773.979546296294
2021-07-10T10:00:00Z,33731.885435185184
2021-07-10T11:00:00Z,33722.85184259259
2021-07-10T12:00:00Z,33761.55572222222
2021-07-10T13:00:00Z,33778.617009259244
2021-07-10T14:00:00Z,33804.600657407405
2021-07-10T15:00:00Z,33834.93711111112
2021-07-10T16:00:00Z,33915.87861111111
2021-07-10T17:00:00Z,33823.839925925924
2021-07-10T18:00:00Z,33654.521564814815
2021-07-10T19:00:00Z,33461.28169444445
2021-07-10T20:00:00Z,33311.645231481474
2021-07-10T21:00:00Z,33276.10249074074
2021-07-10T22:00:00Z,33367.40725
2021-07-10T23:00:00Z,33471.14244444444
2021-07-11T00:00:00Z,33603.6043425926
2021-07-11T01:00:00Z,33679.84340740742
2021-07-11T02:00:00Z,33672.62038888889
2021-07-11T03:00:00Z,33595.167916666665
2021-07-11T04:00:00Z,33506.286064814805
2021-07-11T05:00:00Z,33486.01654629629
2021-07-11T06:00:00Z,33481.70229629629
2021-07-11T07:00:00Z,33493.05264814814
2021-07-11T08:00:00Z,33555.48332407407
2021-07-11T09:00:00Z,33637.713037037036
2021-07-11T10:00:00Z,33729.947611111114
2021-07-11T11:00:00Z,33809.04875925926
2021-07-11T12:00:00Z,33835.483129629625
2021-07-11T13:00:00Z,33874.9545
2021-07-11T14:00:00Z,33921.26785185186
2021-07-11T15:00:00Z,33968.808842592596
2021-07-11T16:00:00Z,34014.37124074075
2021-07-11T17:00:00Z,34013.94830555556
2021-07-11T18:00:00Z,34000.52424074074
2021-07-11T19:00:00Z,33964.09476851852
2021-07-11T20:00:00Z,33913.33974074074
2021-07-11T21:00:00Z,34057.70326851852
2021-07-11T22:00:00Z,34260.62772222222
2021-07-11T23:00:00Z,34399.92601851853
2021-07-12T00:00:00Z,34407.083000000006
2021-07-12T01:00:00Z,34312.74841666666
2021-07-12T02:00:00Z,34248.445268518524
2021-07-12T03:00:00Z,34288.30908333335
2021-07-12T04:00:00Z,34340.325620370386
2021-07-12T05:00:00Z,34369.887092592595
2021-07-12T06:00:00Z,34385.575629629624
2021-07-12T07:00:00Z,34361.88515740741
2021-07-12T08:00:00Z,34327.250990740744
2021-07-12T09:00:00Z,34224.03407407407
2021-07-12T10:00:00Z,34025.949499999995
2021-07-12T11:00:00Z,33755.416259259255
2021-07-12T12:00:00Z,33528.02394444444
2021-07-12T13:00:00Z,33406.49074074074
2021-07-12T14:00:00Z,33342.73724074074
2021-07-12T15:00:00Z,33300.823527777786
2021-07-12T16:00:00Z,33211.657657407406
2021-07-12T17:00:00Z,33110.56635185185
2021-07-12T18:00:00Z,33004.50621296296
2021-07-12T19:00:00Z,32879.69863888888
2021-07-12T20:00:00Z,32789.01405555555
2021-07-12T21:00:00Z,32749.05089814815
2021-07-12T22:00:00Z,32811.44695370371
2021-07-12T23:00:00Z,32935.75647222222
2021-07-13T00:00:00Z,33047.98357407407
2021-07-13T01:00:00Z,33140.834888888894
2021-07-13T02:00:00Z,33168.843620370375
2021-07-13T03:00:00Z,33158.61888888889
2021-07-13T04:00:00Z,33143.61413888889
2021-07-13T05:00:00Z,33041.71870370371
2021-07-13T06:00:00Z,32962.69778703704
2021-07-13T07:00:00Z,32980.18678703704
2021-07-13T08:00:00Z,33079.45725925925
2021-07-13T09:00:00Z,33213.80807407407
2021-07-13T10:00:00Z,33256.713398148146
2021-07-13T11:00:00Z,33207.355490740745
2021-07-13T12:00:00Z,32910.95087962963
2021-07-13T13:00:00Z,32620.884314814815
2021-07-13T14:00:00Z,32424.76882407407
2021-07-13T15:00:00Z,32438.41119444444
2021-07-13T16:00:00Z,32580.071851851855
2021-07-13T17:00:00Z,32718.032453703712
2021-07-13T18:00:00Z,32710.406981481487
2021-07-13T19:00:00Z,32551.583657407406
2021-07-13T20:00:00Z,32426.412685185176
2021-07-13T21:00:00Z,32400.61209259259
2021-07-13T22:00:00Z,32456.96239814814
2021-07-13T23:00:00Z,32576.61225925926
2021-07-14T00:00:00Z,32595.84087037037
2021-07-14T01:00:00Z,32530.28083333334
2021-07-14T02:00:00Z,32477.479388888893
2021-07-14T03:00:00Z,32255.749601851847
2021-07-14T04:00:00Z,32029.459990740736
2021-07-14T05:00:00Z,31813.376120370365
2021-07-14T06:00:00Z,31694.43410185185
2021-07-14T07:00:00Z,31704.039787037036
2021-07-14T08:00:00Z,31720.06815740741
2021-07-14T09:00:00Z,31907.286935185188
2021-07-14T10:00:00Z,32170.280805555554
2021-07-14T11:00:00Z,32425.16592592592
2021-07-14T12:00:00Z,32540.161648148147
2021-07-14T13:00:00Z,32666.852620370377
2021-07-14T14:00:00Z,32805.76971296297
2021-07-14T15:00:00Z,32910.118740740734
2021-07-14T16:00:00Z,32968.04708333333
2021-07-14T17:00:00Z,32961.233527777775
2021-07-14T18:00:00Z,32905.3253425926
2021-07-14T19:00:00Z,32830.04837037037
2021-07-14T20:00:00Z,32786.79463888889
2021-07-14T21:00:00Z,32790.00408333333
2021-07-14T22:00:00Z,32859.67524999999
2021-07-14T23:00:00Z,32896.34129629629
2021-07-15T00:00:00Z,32933.32062037037
2021-07-15T01:00:00Z,32904.13787962964
2021-07-15T02:00:00Z,32846.39619444445
2021-07-15T03:00:00Z,32753.705472222224
2021-07-15T04:00:00Z,32667.142111111112
2021-07-15T05:00:00Z,32589.68726851852
2021-07-15T06:00:00Z,32517.95858333333
2021-07-15T07:00:00Z,32457.933833333333
2021-07-15T08:00:00Z,32391.84552777778
2021-07-15T09:00:00Z,32381.731888888888
2021-07-15T10:00:00Z,32218.357092592592
2021-07-15T11:00:00Z,32006.221981481485
2021-07-15T12:00:00Z,31769.23387037037
2021-07-15T13:00:00Z,31640.293120370363
2021-07-15T14:00:00Z,31614.829185185183
2021-07-15T15:00:00Z,31619.23325
2021-07-15T16:00:00Z,31597.579518518523
2021-07-15T17:00:00Z,31462.335129629628
2021-07-15T18:00:00Z,31358.734064814813
2021-07-15T19:00:00Z,31339.295222222223
2021-07-15T20:00:00Z,31460.792805555557
2021-07-15T21:00:00Z,31603.247472222225
2021-07-15T22:00:00Z,31731.62112037036
2021-07-15T23:00:00Z,31831.737546296295
2021-07-16T00:00:00Z,31828.41001851852
2021-07-16T01:00:00Z,31823.17300925926
2021-07-16T02:00:00Z,31843.991851851853
2021-07-16T03:00:00Z,31893.791120370366
2021-07-16T04:00:00Z,31942.695083333336
2021-07-16T05:00:00Z,31928.404870370363
2021-07-16T06:00:00Z,31820.67322222222
2021-07-16T07:00:00Z,31739.081499999997
2021-07-16T08:00:00Z,31614.469722222217
2021-07-16T09:00:00Z,31484.21085185185
2021-07-16T10:00:00Z,31351.65459259259
2021-07-16T11:00:00Z,31188.024083333334
2021-07-16T12:00:00Z,31241.284111111116
2021-07-16T13:00:00Z,31436.40843518519
2021-07-16T14:00:00Z,31700.707231481483
2021-07-16T15:00:00Z,31986.3417962963
2021-07-16T16:00:00Z,32167.09995370371
2021-07-16T17:00:00Z,32243.770000000008
2021-07-16T18:00:00Z,32205.486518518523
2021-07-16T19:00:00Z,32098.88938888889
2021-07-16T20:00:00Z,31964.337888888887
2021-07-16T21:00:00Z,31828.57529629629
2021-07-16T22:00:00Z,31685.390583333337
2021-07-16T23:00:00Z,31513.624833333335
2021-07-17T00:00:00Z,31444.499425925926
2021-07-17T01:00:00Z,31390.581972222222
2021-07-17T02:00:00Z,31349.572148148156
2021-07-17T03:00:00Z,31300.38472222223
2021-07-17T04:00:00Z,31284.47106481482
2021-07-17T05:00:00Z,31332.429398148146
2021-07-17T06:00:00Z,31437.98140740741
2021-07-17T07:00:00Z,31525.94865740741
2021-07-17T08:00:00Z,31622.515379629636
2021-07-17T09:00:00Z,31675.39387037037
2021-07-17T10:00:00Z,31594.213138888892
2021-07-17T11:00:00Z,31480.861175925933
2021-07-17T12:00:00Z,31415.412379629637
2021-07-17T13:00:00Z,31456.021129629633
2021-07-17T14:00:00Z,31556.325518518523
2021-07-17T15:00:00Z,31683.106833333335
2021-07-17T16:00:00Z,31756.919953703706
2021-07-17T17:00:00Z,31791.282222222217
2021-07-17T18:00:00Z,31798.585175925924
2021-07-17T19:00:00Z,31820.788879629632
2021-07-17T20:00:00Z,31818.078166666673
2021-07-17T21:00:00Z,31792.189037037035
2021-07-17T22:00:00Z,31729.132768518513
2021-07-17T23:00:00Z,31629.270425925923
2021-07-18T00:00:00Z,31680.470287037035
2021-07-18T01:00:00Z,31883.994981481486
2021-07-18T02:00:00Z,32126.23476851852
2021-07-18T03:00:00Z,32285.988175925926
2021-07-18T04:00:00Z,32304.582583333337
2021-07-18T05:00:00Z,32234.51599074074
2021-07-18T06:00:00Z,32091.527796296297
2021-07-18T07:00:00Z,31903.300592592597
2021-07-18T08:00:00Z,31753.823740740743
2021-07-18T09:00:00Z,31667.277962962966
2021-07-18T10:00:00Z,31641.383666666672
2021-07-18T11:00:00Z,31675.062953703706
2021-07-18T12:00:00Z,31712.934194444446
2021-07-18T13:00:00Z,31728.572296296294
2021-07-18T14:00:00Z,31609.958777777774
2021-07-18T15:00:00Z,31456.465814814805
2021-07-18T16:00:00Z,31359.77324074073
2021-07-18T17:00:00Z,31387.224824074074
2021-07-18T18:00:00Z,31490.966222222225
2021-07-18T19:00:00Z,31601.727546296297
2021-07-18T20:00:00Z,31670.906666666673
2021-07-18T21:00:00Z,31747.668888888893
2021-07-18T22:00:00Z,31738.170851851857
2021-07-18T23:00:00Z,31745.854611111117
2021-07-19T00:00:00Z,31705.773305555562
2021-07-19T01:00:00Z,31658.761592592597
2021-07-19T02:00:00Z,31595.04043518519
2021-07-19T03:00:00Z,31540.551074074076
2021-07-19T04:00:00Z,31574.048333333336
2021-07-19T05:00:00Z,31665.80748148148
2021-07-19T06:00:00Z,31771.07299074074
2021-07-19T07:00:00Z,31781.05740740741
2021-07-19T08:00:00Z,31686.744666666676
2021-07-19T09:00:00Z,31528.595370370374
2021-07-19T10:00:00Z,31334.177175925928
2021-07-19T11:00:00Z,31202.507907407406
2021-07-19T12:00:00Z,30976.794314814808
2021-07-19T13:00:00Z,30723.150583333332
2021-07-19T14:00:00Z,30579.144925925928
2021-07-19T15:00:00Z,30517.13725
2021-07-19T16:00:00Z,30543.069379629625
2021-07-19T17:00:00Z,30598.990712962957
2021-07-19T18:00:00Z,30630.266499999998
2021-07-19T19:00:00Z,30665.8119537037
2021-07-19T20:00:00Z,30710.428731481486
2021-07-19T21:00:00Z,30740.599925925926
2021-07-19T22:00:00Z,30792.256425925927
2021-07-19T23:00:00Z,30832.99352777778
2021-07-20T00:00:00Z,30854.82478703703
2021-07-20T01:00:00Z,30801.493444444437
2021-07-20T02:00:00Z,30578.88311111111
2021-07-20T03:00:00Z,30140.626092592593
2021-07-20T04:00:00Z,29712.741944444442
2021-07-20T05:00:00Z,29457.31062037037
2021-07-20T06:00:00Z,29403.742935185186
2021-07-20T07:00:00Z,29511.41556481481
2021-07-20T08:00:00Z,29598.685379629624
2021-07-20T09:00:00Z,29572.50537962963
2021-07-20T10:00:00Z,29557.70614814815
2021-07-20T11:00:00Z,29576.42071296297
2021-07-20T12:00:00Z,29634.473481481487
2021-07-20T13:00:00Z,29638.915314814814
2021-07-20T14:00:00Z,29659.379601851848
2021-07-20T15:00:00Z,29738.27763888889
2021-07-20T16:00:00Z,29775.8476574074
2021-07-20T17:00:00Z,29767.35719444444
2021-07-20T18:00:00Z,29754.02590740741
2021-07-20T19:00:00Z,29757.699842592596
2021-07-20T20:00:00Z,29804.27123148148
2021-07-20T21:00:00Z,29806.98540740741
2021-07-20T22:00:00Z,29728.751453703706
2021-07-20T23:00:00Z,29690.962712962966
2021-07-21T00:00:00Z,29641.633175925923
2021-07-21T01:00:00Z,29656.414166666666
2021-07-21T02:00:00Z,29714.501925925924
2021-07-21T03:00:00Z,29789.90182407407
2021-07-21T04:00:00Z,30107.083555555553
2021-07-21T05:00:00Z,30490.015148148144
2021-07-21T06:00:00Z,30862.481453703702
2021-07-21T07:00:00Z,31072.445787037028
2021-07-21T08:00:00Z,31116.945194444444
2021-07-21T09:00:00Z,31211.804453703702
2021-07-21T10:00:00Z,31345.80992592592
2021-07-21T11:00:00Z,31531.41375925926
2021-07-21T12:00:00Z,31637.81664814815
2021-07-21T13:00:00Z,31664.32106481482
2021-07-21T14:00:00Z,31736.060944444453
2021-07-21T15:00:00Z,31859.62797222222
2021-07-21T16:00:00Z,32036.72322222222
2021-07-21T17:00:00Z,32201.79607407407
2021-07-21T18:00:00Z,32187.051194444444
2021-07-21T19:00:00Z,32010.230712962963
2021-07-21T20:00:00Z,31835.771379629634
2021-07-21T21:00:00Z,31745.2183425926
2021-07-21T22:00:00Z,31829.60850925927
2021-07-21T23:00:00Z,31990.426527777778
2021-07-22T00:00:00Z,32117.303898148148
2021-07-22T01:00:00Z,32142.392935185184
2021-07-22T02:00:00Z,32060.926333333337
2021-07-22T03:00:00Z,31970.64778703704
2021-07-22T04:00:00Z,31947.58902777778
2021-07-22T05:00:00Z,31939.931305555558
2021-07-22T06:00:00Z,31971.952425925923
2021-07-22T07:00:00Z,32038.907629629626
2021-07-22T08:00:00Z,32107.19558333333
2021-07-22T09:00:00Z,32085.232407407402
2021-07-22T10:00:00Z,31982.984111111116
2021-07-22T11:00:00Z,31892.029407407415
2021-07-22T12:00:00Z,31935.315583333333
2021-07-22T13:00:00Z,32024.262370370372
2021-07-22T14:00:00Z,32163.934777777777
2021-07-22T15:00:00Z,32347.53730555555
2021-07-22T16:00:00Z,32463.721870370366
2021-07-22T17:00:00Z,32524.066037037042
2021-07-22T18:00:00Z,32481.358055555553
2021-07-22T19:00:00Z,32428.032759259255
2021-07-22T20:00:00Z,32349.836555555554
2021-07-22T21:00:00Z,32259.145527777775
2021-07-22T22:00:00Z,32191.82557407407
2021-07-22T23:00:00Z,32181.447314814814
2021-07-23T00:00:00Z,32234.82363888889
2021-07-23T01:00:00Z,32394.46350925926
2021-07-23T02:00:00Z,32567.322037037036
2021-07-23T03:00:00Z,32681.820759259255
2021-07-23T04:00:00Z,32746.259203703696
2021-07-23T05:00:00Z,32747.7094537037
2021-07-23T06:00:00Z,32708.870620370366
2021-07-23T07:00:00Z,32625.03934259259
2021-07-23T08:00:00Z,32488.682074074077
2021-07-23T09:00:00Z,32363.885620370373
2021-07-23T10:00:00Z,32283.34017592594
2021-07-23T11:00:00Z,32251.59944444445
2021-07-23T12:00:00Z,32288.537555555562
2021-07-23T13:00:00Z,32378.175620370374
2021-07-23T14:00:00Z,32465.059268518522
2021-07-23T15:00:00Z,32469.662694444443
2021-07-23T16:00:00Z,32374.53336111111
2021-07-23T17:00:00Z,32255.603148148144
2021-07-23T18:00:00Z,32153.412527777782
2021-07-23T19:00:00Z,32139.894361111114
2021-07-23T20:00:00Z,32243.236185185186
2021-07-23T21:00:00Z,32425.962009259256
2021-07-23T22:00:00Z,32757.07485185184
2021-07-23T23:00:00Z,33229.37762962963
2021-07-24T00:00:00Z,33634.05548148148
2021-07-24T01:00:00Z,33881.69155555556
2021-07-24T02:00:00Z,33960.48806481482
2021-07-24T03:00:00Z,33929.67478703704
2021-07-24T04:00:00Z,33869.06534259259
2021-07-24T05:00:00Z,33830.61752777778
2021-07-24T06:00:00Z,33852.26250925926
2021-07-24T07:00:00Z,33880.32100925926
2021-07-24T08:00:00Z,33836.39749074074
2021-07-24T09:00:00Z,33812.88446296295
2021-07-24T10:00:00Z,33825.49635185185
2021-07-24T11:00:00Z,33868.58140740741
2021-07-24T12:00:00Z,33899.015194444444
2021-07-24T13:00:00Z,33888.19287037037
2021-07-24T14:00:00Z,33878.96911111111
2021-07-24T15:00:00Z,33881.62858333333
2021-07-24T16:00:00Z,34065.89916666666
2021-07-24T17:00:00Z,34272.54128703703
2021-07-24T18:00:00Z,34421.743777777774
2021-07-24T19:00:00Z,34343.712879629624
2021-07-24T20:00:00Z,34149.17392592593
2021-07-24T21:00:00Z,34021.37378703703
2021-07-24T22:00:00Z,33976.70684259259
2021-07-24T23:00:00Z,34070.40519444444
2021-07-25T00:00:00Z,34121.69398148148
2021-07-25T01:00:00Z,34097.86150925926
2021-07-25T02:00:00Z,34103.82965740741
2021-07-25T03:00:00Z,34131.60536111112
2021-07-25T04:00:00Z,34241.849148148154
2021-07-25T05:00:00Z,34345.38491666667
2021-07-25T06:00:00Z,34452.455314814826
2021-07-25T07:00:00Z,34595.457990740746
2021-07-25T08:00:00Z,34687.80819444444
2021-07-25T09:00:00Z,34709.14522222222
2021-07-25T10:00:00Z,34620.58681481481
2021-07-25T11:00:00Z,34502.67522222222
2021-07-25T12:00:00Z,34379.90429629629
2021-07-25T13:00:00Z,34264.80380555556
2021-07-25T14:00:00Z,34158.50337962963
2021-07-25T15:00:00Z,34106.00366666667
2021-07-25T16:00:00Z,34115.88306481482
2021-07-25T17:00:00Z,34231.65615740741
2021-07-25T18:00:00Z,34366.50428703704
2021-07-25T19:00:00Z,34448.17946296296
2021-07-25T20:00:00Z,34496.84444444444
2021-07-25T21:00:00Z,34543.76069444444
2021-07-25T22:00:00Z,34621.378814814816
2021-07-25T23:00:00Z,34920.172611111106
2021-07-26T00:00:00Z,35674.73506481481
2021-07-26T01:00:00Z,36974.89025
2021-07-26T02:00:00Z,38151.7835925926
2021-07-26T03:00:00Z,38921.22311111111
2021-07-26T04:00:00Z,39156.868064814815
2021-07-26T05:00:00Z,39126.81871296296
2021-07-26T06:00:00Z,39035.84630555555
2021-07-26T07:00:00Z,38800.21957407407
2021-07-26T08:00:00Z,38539.080509259256
2021-07-26T09:00:00Z,38319.879231481485
2021-07-26T10:00:00Z,38323.85037037037
2021-07-26T11:00:00Z,38418.348999999995
2021-07-26T12:00:00Z,38569.31603703704
2021-07-26T13:00:00Z,38581.22440740742
2021-07-26T14:00:00Z,38494.426185185184
2021-07-26T15:00:00Z,38466.07369444445
2021-07-26T16:00:00Z,38631.86769444445
2021-07-26T17:00:00Z,38947.15147222223
2021-07-26T18:00:00Z,39389.313157407414
2021-07-26T19:00:00Z,39649.196351851846
2021-07-26T20:00:00Z,39224.08048148148
2021-07-26T21:00:00Z,38290.544712962954
2021-07-26T22:00:00Z,37462.46189814814
2021-07-26T23:00:00Z,36944.582129629634
2021-07-27T00:00:00Z,36865.33856481482
2021-07-27T01:00:00Z,36839.068629629626
2021-07-27T02:00:00Z,36697.05098148149
2021-07-27T03:00:00Z,36595.873722222226
2021-07-27T04:00:00Z,36615.48496296296
2021-07-27T05:00:00Z,36791.31200925926
2021-07-27T06:00:00Z,36957.78528703704
2021-07-27T07:00:00Z,37095.40035185186
2021-07-27T08:00:00Z,37209.6490925926
2021-07-27T09:00:00Z,37333.7033425926
2021-07-27T10:00:00Z,37510.02589814814
2021-07-27T11:00:00Z,37795.1858611111
2021-07-27T12:00:00Z,38160.10027777777
2021-07-27T13:00:00Z,38495.39262962963
2021-07-27T14:00:00Z,38637.857777777775
2021-07-27T15:00:00Z,38592.03128703703
2021-07-27T16:00:00Z,38281.34033333333
2021-07-27T17:00:00Z,37954.92857407407
2021-07-27T18:00:00Z,37765.46229629629
2021-07-27T19:00:00Z,37700.08797222222
2021-07-27T20:00:00Z,37789.975
2021-07-27T21:00:00Z,38008.70339814815
2021-07-27T22:00:00Z,38497.56677777778
2021-07-27T23:00:00Z,39101.88082407407
2021-07-28T00:00:00Z,39484.704962962955
2021-07-28T01:00:00Z,39817.0329537037
2021-07-28T02:00:00Z,40015.23780555555
2021-07-28T03:00:00Z,40118.70106481482
2021-07-28T04:00:00Z,40081.80014814815
2021-07-28T05:00:00Z,40089.23784259259
2021-07-28T06:00:00Z,39961.070685185194
2021-07-28T07:00:00Z,39894.20771296297
2021-07-28T08:00:00Z,39756.72043518519
2021-07-28T09:00:00Z,39738.27685185184
2021-07-28T10:00:00Z,39884.60051851851
2021-07-28T11:00:00Z,40262.51065740741
2021-07-28T12:00:00Z,40345.229750000006
2021-07-28T13:00:00Z,40169.296935185186
2021-07-28T14:00:00Z,39832.61162037037
2021-07-28T15:00:00Z,39585.30532407408
2021-07-28T16:00:00Z,39642.87291666667
2021-07-28T17:00:00Z,39509.4094537037
2021-07-28T18:00:00Z,39699.28435185184
2021-07-28T19:00:00Z,40000.61012962962
2021-07-28T20:00:00Z,40202.77872222222
2021-07-28T21:00:00Z,40289.95335185185
2021-07-28T22:00:00Z,40135.661925925924
2021-07-28T23:00:00Z,40006.58753703704
2021-07-29T00:00:00Z,39770.40729629629
2021-07-29T01:00:00Z,39614.49181481482
2021-07-29T02:00:00Z,39547.45789814815
2021-07-29T03:00:00Z,39543.02529629629
2021-07-29T04:00:00Z,39686.049675925926
2021-07-29T05:00:00Z,39899.43380555555
2021-07-29T06:00:00Z,40067.487111111106
2021-07-29T07:00:00Z,40117.25065740741
2021-07-29T08:00:00Z,40078.095620370375
2021-07-29T09:00:00Z,40144.73503703705
2021-07-29T10:00:00Z,40223.233351851864
2021-07-29T11:00:00Z,40165.23319444445
2021-07-29T12:00:00Z,39987.853472222225
2021-07-29T13:00:00Z,39829.52982407407
2021-07-29T14:00:00Z,39787.24524074074
2021-07-29T15:00:00Z,39837.322925925924
2021-07-29T16:00:00Z,39848.44903703704
2021-07-29T17:00:00Z,39771.69644444445
2021-07-29T18:00:00Z,39638.526740740745
2021-07-29T19:00:00Z,39566.2555462963
2021-07-29T20:00:00Z,39576.515638888886
2021-07-29T21:00:00Z,39588.50119444445
2021-07-29T22:00:00Z,39654.917861111106
2021-07-29T23:00:00Z,39797.183731481484
2021-07-30T00:00:00Z,39926.9881574074
2021-07-30T01:00:00Z,40064.39482407408
2021-07-30T02:00:00Z,40114.59868518519
2021-07-30T03:00:00Z,40104.79875000001
2021-07-30T04:00:00Z,40014.48327777777
2021-07-30T05:00:00Z,39880.05649074074
2021-07-30T06:00:00Z,39795.39004629629
2021-07-30T07:00:00Z,39733.71371296296
2021-07-30T08:00:00Z,39411.522527777786
2021-07-30T09:00:00Z,39020.472555555556
2021-07-30T10:00:00Z,38714.4188425926
2021-07-30T11:00:00Z,38528.736361111114
2021-07-30T12:00:00Z,38495.603870370374
2021-07-30T13:00:00Z,38568.742296296296
2021-07-30T14:00:00Z,38739.049157407404
2021-07-30T15:00:00Z,38937.795685185185
2021-07-30T16:00:00Z,39049.362074074066
2021-07-30T17:00:00Z,39090.466120370365
2021-07-30T18:00:00Z,39104.46210185185
2021-07-30T19:00:00Z,39357.5265
2021-07-30T20:00:00Z,39935.54273148148
2021-07-30T21:00:00Z,40710.15855555556
2021-07-30T22:00:00Z,41406.90994444444
2021-07-30T23:00:00Z,42064.775481481476
2021-07-31T00:00:00Z,42421.649972222214
2021-07-31T01:00:00Z,42533.86272222223
2021-07-31T02:00:00Z,42454.52306481482
2021-07-31T03:00:00Z,42250.38068518518
2021-07-31T04:00:00Z,42051.97699074073
2021-07-31T05:00:00Z,41864.283268518506
2021-07-31T06:00:00Z,41682.12842592592
2021-07-31T07:00:00Z,41546.80401851852
2021-07-31T08:00:00Z,41523.60318518518
2021-07-31T09:00:00Z,41559.857648148136
2021-07-31T10:00:00Z,41662.71772222221
2021-07-31T11:00:00Z,41700.792509259256
2021-07-31T12:00:00Z,41703.36333333334
2021-07-31T13:00:00Z,41606.16757407408
2021-07-31T14:00:00Z,41482.53588888889
2021-07-31T15:00:00Z,41432.403249999996
2021-07-31T16:00:00Z,41371.65447222222
2021-07-31T17:00:00Z,41290.004259259265
2021-07-31T18:00:00Z,41264.61601851852
2021-07-31T19:00:00Z,41265.38835185185
2021-07-31T20:00:00Z,41353.272277777774
2021-07-31T21:00:00Z,41599.83252777777
2021-07-31T22:00:00Z,41844.45783333333
2021-07-31T23:00:00Z,41891.385388888884
2021-08-01T00:00:00Z,41852.0839537037
2021-08-01T01:00:00Z,41779.26838888888
2021-08-01T02:00:00Z,41773.3710462963
2021-08-01T03:00:00Z,42004.801990740736
2021-08-01T04:00:00Z,42186.5603425926
2021-08-01T05:00:00Z,42204.67346296297
2021-08-01T06:00:00Z,42055.208111111126
2021-08-01T07:00:00Z,41843.747212962975
2021-08-01T08:00:00Z,41710.73066666667
2021-08-01T09:00:00Z,41718.53847222222
2021-08-01T10:00:00Z,41682.96236111111
2021-08-01T11:00:00Z,41632.81487962962
2021-08-01T12:00:00Z,41566.55482407407
2021-08-01T13:00:00Z,41483.60882407407
2021-08-01T14:00:00Z,41395.76632407407
2021-08-01T15:00:00Z,41307.489111111114
2021-08-01T16:00:00Z,41237.867333333335
2021-08-01T17:00:00Z,41148.13210185186
2021-08-01T18:00:00Z,41063.16665740742
2021-08-01T19:00:00Z,41063.350666666665
2021-08-01T20:00:00Z,41125.44616666667
2021-08-01T21:00:00Z,41157.04792592592
2021-08-01T22:00:00Z,40901.230759259255
2021-08-01T23:00:00Z,40402.41434259259
2021-08-02T00:00:00Z,39812.11561111111
2021-08-02T01:00:00Z,39396.09142592592
2021-08-02T02:00:00Z,39284.380240740735
2021-08-02T03:00:00Z,39385.80556481481
2021-08-02T04:00:00Z,39525.843166666666
2021-08-02T05:00:00Z,39637.98150925927
2021-08-02T06:00:00Z,39861.80974074075
2021-08-02T07:00:00Z,40064.086444444445
2021-08-02T08:00:00Z,40030.84069444444
2021-08-02T09:00:00Z,39859.76219444443
2021-08-02T10:00:00Z,39684.716879629625
2021-08-02T11:00:00Z,39557.379138888886
2021-08-02T12:00:00Z,39422.471712962964
2021-08-02T13:00:00Z,39384.96222222222
2021-08-02T14:00:00Z,39429.456925925915
2021-08-02T15:00:00Z,39551.32033333333
2021-08-02T16:00:00Z,39708.08732407407
2021-08-02T17:00:00Z,39787.63211111111
2021-08-02T18:00:00Z,39784.65721296295
2021-08-02T19:00:00Z,39590.95554629629
2021-08-02T20:00:00Z,39245.33648148148
2021-08-02T21:00:00Z,39013.80115740741
2021-08-02T22:00:00Z,39008.65990740741
2021-08-02T23:00:00Z,39083.57780555555
2021-08-03T00:00:00Z,39207.680129629625
2021-08-03T01:00:00Z,39139.936037037034
2021-08-03T02:00:00Z,39006.86081481481
2021-08-03T03:00:00Z,38802.12664814815
2021-08-03T04:00:00Z,38532.600648148145
2021-08-03T05:00:00Z,38284.96632407408
2021-08-03T06:00:00Z,38151.61066666667
2021-08-03T07:00:00Z,38211.68313888889
2021-08-03T08:00:00Z,38351.6387037037
2021-08-03T09:00:00Z,38514.1657962963
2021-08-03T10:00:00Z,38656.66417592592
2021-08-03T11:00:00Z,38679.127074074066
2021-08-03T12:00:00Z,38603.65755555555
2021-08-03T13:00:00Z,38502.83266666666
2021-08-03T14:00:00Z,38367.1104537037
2021-08-03T15:00:00Z,38233.79327777777
2021-08-03T16:00:00Z,38203.849620370376
2021-08-03T17:00:00Z,38129.328138888886
2021-08-03T18:00:00Z,38105.81935185185
2021-08-03T19:00:00Z,38047.58826851851
2021-08-03T20:00:00Z,38012.95416666666
2021-08-03T21:00:00Z,38080.17045370369
2021-08-03T22:00:00Z,38194.975546296286
2021-08-03T23:00:00Z,38266.21692592592
2021-08-04T00:00:00Z,38334.20019444444
2021-08-04T01:00:00Z,38368.81725925926
2021-08-04T02:00:00Z,38306.39006481483
2021-08-04T03:00:00Z,38163.09777777778
2021-08-04T04:00:00Z,38003.98133333334
2021-08-04T05:00:00Z,37906.02762962963
2021-08-04T06:00:00Z,37826.288175925925
2021-08-04T07:00:00Z,37773.86237037037
2021-08-04T08:00:00Z,37719.38061111111
2021-08-04T09:00:00Z,37708.610194444445
2021-08-04T10:00:00Z,37810.214268518524
2021-08-04T11:00:00Z,37976.24700925927
2021-08-04T12:00:00Z,38341.28036111112
2021-08-04T13:00:00Z,38772.55612037038
2021-08-04T14:00:00Z,39150.00362962963
2021-08-04T15:00:00Z,39420.68468518518
2021-08-04T16:00:00Z,39595.998851851844
2021-08-04T17:00:00Z,39654.75516666667
2021-08-04T18:00:00Z,39687.17925
2021-08-04T19:00:00Z,39746.03610185185
2021-08-04T20:00:00Z,39808.54723148148
2021-08-04T21:00:00Z,39880.537833333336
2021-08-04T22:00:00Z,39887.38858333334
2021-08-04T23:00:00Z,39849.58646296297
2021-08-05T00:00:00Z,39741.64371296297
2021-08-05T01:00:00Z,39608.60688888889
2021-08-05T02:00:00Z,39462.54501851851
2021-08-05T03:00:00Z,39370.65898148149
2021-08-05T04:00:00Z,39315.30227777778
2021-08-05T05:00:00Z,39295.56754629629
2021-08-05T06:00:00Z,39216.13959259259
2021-08-05T07:00:00Z,39048.104101851844
2021-08-05T08:00:00Z,38756.06961111111
2021-08-05T09:00:00Z,38341.91392592593
2021-08-05T10:00:00Z,37982.461453703705
2021-08-05T11:00:00Z,37768.73011111111
2021-08-05T12:00:00Z,37724.468537037035
2021-08-05T13:00:00Z,37785.200509259266
2021-08-05T14:00:00Z,38172.8199074074
2021-08-05T15:00:00Z,38581.04322222222
2021-08-05T16:00:00Z,39186.9840462963
2021-08-05T17:00:00Z,40007.439027777786
2021-08-05T18:00:00Z,40783.47762962964
2021-08-05T19:00:00Z,41255.96172222224
2021-08-05T20:00:00Z,41415.31393518518
2021-08-05T21:00:00Z,41363.23697222222
2021-08-05T22:00:00Z,41246.255287037035
2021-08-05T23:00:00Z,41126.29305555556
2021-08-06T00:00:00Z,40777.32719444444
2021-08-06T01:00:00Z,40530.06797222223
2021-08-06T02:00:00Z,40338.09095370371
2021-08-06T03:00:00Z,40226.91424074074
2021-08-06T04:00:00Z,40151.514768518515
2021-08-06T05:00:00Z,40208.73963888888
2021-08-06T06:00:00Z,40496.65538888889
2021-08-06T07:00:00Z,40760.74321296297
2021-08-06T08:00:00Z,40980.08416666667
2021-08-06T09:00:00Z,40972.7828888889
2021-08-06T10:00:00Z,40869.31836111111
2021-08-06T11:00:00Z,40705.62236111111
2021-08-06T12:00:00Z,40643.56102777778
2021-08-06T13:00:00Z,40716.15355555556
2021-08-06T14:00:00Z,40803.89525
2021-08-06T15:00:00Z,41286.49644444445
2021-08-06T16:00:00Z,41965.128351851854
2021-08-06T17:00:00Z,42697.92751851852
2021-08-06T18:00:00Z,43179.05132407407
2021-08-06T19:00:00Z,43365.54072222222
2021-08-06T20:00:00Z,43283.52378703703
2021-08-06T21:00:00Z,43010.34251851851
2021-08-06T22:00:00Z,42815.92684259259
2021-08-06T23:00:00Z,42740.62399074074
2021-08-07T00:00:00Z,42910.48505555555
2021-08-07T01:00:00Z,43138.06809259259
2021-08-07T02:00:00Z,43339.09532407407
2021-08-07T03:00:00Z,43565.62514814814
2021-08-07T04:00:00Z,43628.28225
2021-08-07T05:00:00Z,43620.493953703706
2021-08-07T06:00:00Z,43508.170361111115
2021-08-07T07:00:00Z,43369.16918518519
2021-08-07T08:00:00Z,43338.557583333335
2021-08-07T09:00:00Z,43437.91750000001
2021-08-07T10:00:00Z,43597.13453703703
2021-08-07T11:00:00Z,43773.165962962965
2021-08-07T12:00:00Z,43811.97313888889
2021-08-07T13:00:00Z,43646.46400925926
2021-08-07T14:00:00Z,43498.15191666666
2021-08-07T15:00:00Z,43385.557120370366
2021-08-07T16:00:00Z,43453.21883333333
2021-08-07T17:00:00Z,43514.08116666667
2021-08-07T18:00:00Z,43572.41631481483
2021-08-07T19:00:00Z,43722.068722222226
2021-08-07T20:00:00Z,43889.592444444446
2021-08-07T21:00:00Z,43911.792370370364
2021-08-07T22:00:00Z,43962.152111111114
2021-08-07T23:00:00Z,44182.34809259259
2021-08-08T00:00:00Z,44479.254185185186
2021-08-08T01:00:00Z,44591.02012037038
2021-08-08T02:00:00Z,44452.657768518526
2021-08-08T03:00:00Z,44316.40954629629
2021-08-08T04:00:00Z,44269.400222222226
2021-08-08T05:00:00Z,44446.80946296294
2021-08-08T06:00:00Z,44767.46347222221
2021-08-08T07:00:00Z,44996.56622222223
2021-08-08T08:00:00Z,44971.71682407407
2021-08-08T09:00:00Z,44861.21470370371
2021-08-08T10:00:00Z,44657.466750000014
2021-08-08T11:00:00Z,44507.878555555566
2021-08-08T12:00:00Z,44597.72468518519
2021-08-08T13:00:00Z,44725.69891666667
2021-08-08T14:00:00Z,44584.75152777778
2021-08-08T15:00:00Z,44293.96993518518
2021-08-08T16:00:00Z,43916.910722222216
2021-08-08T17:00:00Z,43634.200018518524
2021-08-08T18:00:00Z,43486.50775000001
2021-08-08T19:00:00Z,43470.46099074074
2021-08-08T20:00:00Z,43570.48588888888
2021-08-08T21:00:00Z,43833.487768518506
2021-08-08T22:00:00Z,44110.54327777777
2021-08-08T23:00:00Z,44186.590898148155
2021-08-09T00:00:00Z,43913.24106481482
2021-08-09T01:00:00Z,43476.39598148149
2021-08-09T02:00:00Z,43210.497370370365
2021-08-09T03:00:00Z,43179.54880555555
2021-08-09T04:00:00Z,43328.83532407407
2021-08-09T05:00:00Z,43492.096666666665
2021-08-09T06:00:00Z,43565.992259259256
2021-08-09T07:00:00Z,43670.739944444445
2021-08-09T08:00:00Z,43756.343962962965
2021-08-09T09:00:00Z,44156.54504629629
2021-08-09T10:00:00Z,44872.15883333333
2021-08-09T11:00:00Z,45681.996703703706
2021-08-09T12:00:00Z,46196.39816666667
2021-08-09T13:00:00Z,46246.98306481482
2021-08-09T14:00:00Z,46070.00088888889
2021-08-09T15:00:00Z,45935.13341666666
2021-08-09T16:00:00Z,45917.81874074073
2021-08-09T17:00:00Z,45946.22705555555
2021-08-09T18:00:00Z,46063.15378703703
2021-08-09T19:00:00Z,46126.218842592585
2021-08-09T20:00:00Z,45972.74784259259
2021-08-09T21:00:00Z,45793.97217592591
2021-08-09T22:00:00Z,45812.94989814815
2021-08-09T23:00:00Z,46004.0997962963
2021-08-10T00:00:00Z,46148.88858333335
2021-08-10T01:00:00Z,46182.52389814815
2021-08-10T02:00:00Z,46145.799166666664
2021-08-10T03:00:00Z,45995.16484259259
2021-08-10T04:00:00Z,45757.002148148145
2021-08-10T05:00:00Z,45550.34813888888
2021-08-10T06:00:00Z,45433.4775
2021-08-10T07:00:00Z,45545.11540740741
2021-08-10T08:00:00Z,45804.73960185185
2021-08-10T09:00:00Z,46018.536148148145
2021-08-10T10:00:00Z,45937.48383333334
2021-08-10T11:00:00Z,45682.785842592595
2021-08-10T12:00:00Z,45587.37384259259
2021-08-10T13:00:00Z,45549.111740740744
2021-08-10T14:00:00Z,45509.095055555554
2021-08-10T15:00:00Z,45365.442435185185
2021-08-10T16:00:00Z,45084.62735185184
2021-08-10T17:00:00Z,44917.62184259258
2021-08-10T18:00:00Z,44941.17194444445
2021-08-10T19:00:00Z,45147.52162037038
2021-08-10T20:00:00Z,45426.72635185185
2021-08-10T21:00:00Z,45669.982481481486
2021-08-10T22:00:00Z,45733.58619444445
2021-08-10T23:00:00Z,45713.40841666667
2021-08-11T00:00:00Z,45705.522750000004
2021-08-11T01:00:00Z,45737.603101851855
2021-08-11T02:00:00Z,45693.91981481481
2021-08-11T03:00:00Z,45636.24978703705
2021-08-11T04:00:00Z,45594.31887037037
2021-08-11T05:00:00Z,45645.556712962956
2021-08-11T06:00:00Z,45830.99483333333
2021-08-11T07:00:00Z,46109.01870370371
2021-08-11T08:00:00Z,46315.31775000001
2021-08-11T09:00:00Z,46376.32825
2021-08-11T10:00:00Z,46309.86746296296
2021-08-11T11:00:00Z,46160.46335185185
2021-08-11T12:00:00Z,46034.37486111111
2021-08-11T13:00:00Z,46053.087601851854
2021-08-11T14:00:00Z,46228.26198148149
2021-08-11T15:00:00Z,46427.67451851852
2021-08-11T16:00:00Z,46527.65838888889
2021-08-11T17:00:00Z,46571.50674074073
2021-08-11T18:00:00Z,46513.69148148147
2021-08-11T19:00:00Z,46473.15814814813
2021-08-11T20:00:00Z,46416.85212962962
2021-08-11T21:00:00Z,46371.89399999999
2021-08-11T22:00:00Z,46170.265370370376
2021-08-11T23:00:00Z,45853.5825
2021-08-12T00:00:00Z,45619.802046296296
2021-08-12T01:00:00Z,45599.78860185185
2021-08-12T02:00:00Z,45800.8485462963
2021-08-12T03:00:00Z,45973.784268518524
2021-08-12T04:00:00Z,45946.533212962946
2021-08-12T05:00:00Z,45660.51897222222
2021-08-12T06:00:00Z,45334.78719444444
2021-08-12T07:00:00Z,45123.70452777777
2021-08-12T08:00:00Z,45058.58249074073
2021-08-12T09:00:00Z,45127.15784259259
2021-08-12T10:00:00Z,45233.91937037037
2021-08-12T11:00:00Z,45139.56460185184
2021-08-12T12:00:00Z,44892.905231481476
2021-08-12T13:00:00Z,44582.167546296296
2021-08-12T14:00:00Z,44253.08705555555
2021-08-12T15:00:00Z,44047.931694444436
2021-08-12T16:00:00Z,43914.2729537037
2021-08-12T17:00:00Z,43890.93480555556
2021-08-12T18:00:00Z,44032.05112962964
2021-08-12T19:00:00Z,44223.86122222224
2021-08-12T20:00:00Z,44408.616666666676
2021-08-12T21:00:00Z,44455.98083333333
2021-08-12T22:00:00Z,44319.362407407396
2021-08-12T23:00:00Z,44251.68637037036
2021-08-13T00:00:00Z,44297.64298148148
2021-08-13T01:00:00Z,44521.40573148148
2021-08-13T02:00:00Z,44913.388583333326
2021-08-13T03:00:00Z,45238.60927777778
2021-08-13T04:00:00Z,45446.96832407408
2021-08-13T05:00:00Z,45508.848314814815
2021-08-13T06:00:00Z,45655.4024537037
2021-08-13T07:00:00Z,45911.443120370364
2021-08-13T08:00:00Z,46180.60097222222
2021-08-13T09:00:00Z,46385.64610185186
2021-08-13T10:00:00Z,46485.96321296296
2021-08-13T11:00:00Z,46463.083407407416
2021-08-13T12:00:00Z,46484.82870370371
2021-08-13T13:00:00Z,46538.218333333345
2021-08-13T14:00:00Z,46572.60650925926
2021-08-13T15:00:00Z,46551.60775
2021-08-13T16:00:00Z,46537.61210185185
2021-08-13T17:00:00Z,46531.29132407408
2021-08-13T18:00:00Z,46535.77526851852
2021-08-13T19:00:00Z,46528.42803703705
2021-08-13T20:00:00Z,46845.5926388889
2021-08-13T21:00:00Z,47283.91700925926
2021-08-13T22:00:00Z,47673.69736111112
2021-08-13T23:00:00Z,47947.37341666667
2021-08-14T00:00:00Z,47997.04268518519
2021-08-14T01:00:00Z,47919.0287962963
2021-08-14T02:00:00Z,47781.794027777774
2021-08-14T03:00:00Z,47657.445611111114
2021-08-14T04:00:00Z,47551.5352037037
2021-08-14T05:00:00Z,47507.99530555556
2021-08-14T06:00:00Z,47504.30028703704
2021-08-14T07:00:00Z,47550.53843518519
2021-08-14T08:00:00Z,47605.00436111111
2021-08-14T09:00:00Z,47454.25286111111
2021-08-14T10:00:00Z,47013.07511111111
2021-08-14T11:00:00Z,46585.546620370376
2021-08-14T12:00:00Z,46240.6914074074
2021-08-14T13:00:00Z,46146.91460185186
2021-08-14T14:00:00Z,46347.140601851854
2021-08-14T15:00:00Z,46652.68268518519
2021-08-14T16:00:00Z,46903.77876851851
2021-08-14T17:00:00Z,46999.97381481482
2021-08-14T18:00:00Z,46961.58360185185
2021-08-14T19:00:00Z,46964.059935185185
2021-08-14T20:00:00Z,46896.768453703706
2021-08-14T21:00:00Z,46917.540925925925
2021-08-14T22:00:00Z,46922.80158333333
2021-08-14T23:00:00Z,46990.67249999999
2021-08-15T00:00:00Z,47108.82246296296
2021-08-15T01:00:00Z,47199.76287962963
2021-08-15T02:00:00Z,47266.90225000001
2021-08-15T03:00:00Z,47194.20654629631
2021-08-15T04:00:00Z,47012.28883333335
2021-08-15T05:00:00Z,46788.26900000001
2021-08-15T06:00:00Z,46561.14484259259
2021-08-15T07:00:00Z,46201.70683333334
2021-08-15T08:00:00Z,45843.31996296297
2021-08-15T09:00:00Z,45671.67098148149
2021-08-15T10:00:00Z,45663.04115740742
2021-08-15T11:00:00Z,45761.569120370375
2021-08-15T12:00:00Z,45822.697592592594
2021-08-15T13:00:00Z,45905.566564814806
2021-08-15T14:00:00Z,45942.18073148147
2021-08-15T15:00:00Z,46037.23605555556
2021-08-15T16:00:00Z,46053.85776851852
2021-08-15T17:00:00Z,46041.44374074074
2021-08-15T18:00:00Z,46112.75893518518
2021-08-15T19:00:00Z,46239.48873148146
2021-08-15T20:00:00Z,46480.937268518515
2021-08-15T21:00:00Z,46750.09666666667
2021-08-15T22:00:00Z,47067.88123148148
2021-08-15T23:00:00Z,47252.16810185185
2021-08-16T00:00:00Z,47469.27673148148
2021-08-16T01:00:00Z,47670.138555555546
2021-08-16T02:00:00Z,47914.419472222224
2021-08-16T03:00:00Z,47930.6898425926
2021-08-16T04:00:00Z,47790.180166666665
2021-08-16T05:00:00Z,47650.055370370355
2021-08-16T06:00:00Z,47503.76600925925
2021-08-16T07:00:00Z,47400.607500000006
2021-08-16T08:00:00Z,47267.66333333333
2021-08-16T09:00:00Z,47160.59827777776
2021-08-16T10:00:00Z,47176.63246296297
2021-08-16T11:00:00Z,47306.169037037034
2021-08-16T12:00:00Z,47394.54157407407
2021-08-16T13:00:00Z,47138.44248148147
2021-08-16T14:00:00Z,46634.79824074075
2021-08-16T15:00:00Z,46209.073435185186
2021-08-16T16:00:00Z,46034.0318425926
2021-08-16T17:00:00Z,46106.338592592605
2021-08-16T18:00:00Z,46272.63698148148
2021-08-16T19:00:00Z,46294.170259259256
2021-08-16T20:00:00Z,46203.882361111115
2021-08-16T21:00:00Z,46078.119287037036
2021-08-16T22:00:00Z,46010.67401851851
2021-08-16T23:00:00Z,45950.73582407407
2021-08-17T00:00:00Z,45859.958694444445
2021-08-17T01:00:00Z,45921.88348148149
2021-08-17T02:00:00Z,46117.954712962965
2021-08-17T03:00:00Z,46351.4786574074
2021-08-17T04:00:00Z,46504.80045370371
2021-08-17T05:00:00Z,46441.281314814834
2021-08-17T06:00:00Z,46186.4145462963
2021-08-17T07:00:00Z,45950.157148148144
2021-08-17T08:00:00Z,45894.86479629629
2021-08-17T09:00:00Z,46185.22000925926
2021-08-17T10:00:00Z,46531.36404629629
2021-08-17T11:00:00Z,46844.10438888889
2021-08-17T12:00:00Z,46960.16722222223
2021-08-17T13:00:00Z,46838.369148148166
2021-08-17T14:00:00Z,46494.407018518534
2021-08-17T15:00:00Z,46047.63278703704
2021-08-17T16:00:00Z,45669.52788888888
2021-08-17T17:00:00Z,45498.895361111114
2021-08-17T18:00:00Z,45495.270305555554
2021-08-17T19:00:00Z,45494.034601851854
2021-08-17T20:00:00Z,45317.11534259259
2021-08-17T21:00:00Z,45004.83360185185
2021-08-17T22:00:00Z,44756.221435185194
2021-08-17T23:00:00Z,44582.68255555556
2021-08-18T00:00:00Z,44556.78826851852
2021-08-18T01:00:00Z,44698.87928703703
2021-08-18T02:00:00Z,44853.6139537037
2021-08-18T03:00:00Z,45002.00733333332
2021-08-18T04:00:00Z,45092.37835185184
2021-08-18T05:00:00Z,45238.09877777778
2021-08-18T06:00:00Z,45385.19699074074
2021-08-18T07:00:00Z,45361.36657407406
2021-08-18T08:00:00Z,45307.5811388889
2021-08-18T09:00:00Z,45284.97812037038
2021-08-18T10:00:00Z,45270.10271296297
2021-08-18T11:00:00Z,45125.773222222226
2021-08-18T12:00:00Z,44987.7589074074
2021-08-18T13:00:00Z,44982.17501851852
2021-08-18T14:00:00Z,45133.31545370369
2021-08-18T15:00:00Z,45459.79601851853
2021-08-18T16:00:00Z,45788.58169444444
2021-08-18T17:00:00Z,45996.457407407404
2021-08-18T18:00:00Z,45940.008277777764
2021-08-18T19:00:00Z,45577.50169444443
2021-08-18T20:00:00Z,45035.13289814814
2021-08-18T21:00:00Z,44577.992379629635
2021-08-18T22:00:00Z,44421.175972222234
2021-08-18T23:00:00Z,44448.9036388889
2021-08-19T00:00:00Z,44660.73612962963
2021-08-19T01:00:00Z,44858.77096296297
2021-08-19T02:00:00Z,44879.4751111111
2021-08-19T03:00:00Z,44619.54600925926
2021-08-19T04:00:00Z,44281.82680555556
2021-08-19T05:00:00Z,44109.08406481482
2021-08-19T06:00:00Z,44114.702787037044
2021-08-19T07:00:00Z,44306.95849074074
2021-08-19T08:00:00Z,44533.19672222222
2021-08-19T09:00:00Z,44732.032092592584
2021-08-19T10:00:00Z,44732.621740740724
2021-08-19T11:00:00Z,44561.555092592585
2021-08-19T12:00:00Z,44441.76896296296
2021-08-19T13:00:00Z,44540.59703703703
2021-08-19T14:00:00Z,44918.51951851852
2021-08-19T15:00:00Z,45439.389009259256
2021-08-19T16:00:00Z,45812.70224074074
2021-08-19T17:00:00Z,45995.831990740735
2021-08-19T18:00:00Z,46264.53958333334
2021-08-19T19:00:00Z,46585.74384259259
2021-08-19T20:00:00Z,46833.198722222216
2021-08-19T21:00:00Z,46932.50510185186
2021-08-19T22:00:00Z,46941.10381481482
2021-08-19T23:00:00Z,46912.63778703703
2021-08-20T00:00:00Z,46998.471620370365
2021-08-20T01:00:00Z,47144.24205555555
2021-08-20T02:00:00Z,47259.36696296295
2021-08-20T03:00:00Z,47275.64795370369
2021-08-20T04:00:00Z,47230.698694444436
2021-08-20T05:00:00Z,47180.96117592591
2021-08-20T06:00:00Z,47163.375546296294
2021-08-20T07:00:00Z,47061.356944444444
2021-08-20T08:00:00Z,46947.54641666667
2021-08-20T09:00:00Z,46945.90902777778
2021-08-20T10:00:00Z,47045.068546296294
2021-08-20T11:00:00Z,47090.851083333335
2021-08-20T12:00:00Z,47131.66121296296
2021-08-20T13:00:00Z,47343.49700925926
2021-08-20T14:00:00Z,47857.83249074075
2021-08-20T15:00:00Z,48472.413898148145
2021-08-20T16:00:00Z,48951.850416666675
2021-08-20T17:00:00Z,49146.05168518519
2021-08-20T18:00:00Z,49044.0415
2021-08-20T19:00:00Z,48885.95444444445
2021-08-20T20:00:00Z,48755.91808333333
2021-08-20T21:00:00Z,48900.649175925915
2021-08-20T22:00:00Z,49132.242342592595
2021-08-20T23:00:00Z,49362.09155555555
2021-08-21T00:00:00Z,49363.94138888889
2021-08-21T01:00:00Z,49258.232333333326
2021-08-21T02:00:00Z,49083.7783611111
2021-08-21T03:00:00Z,48927.36498148148
2021-08-21T04:00:00Z,48772.81684259259
2021-08-21T05:00:00Z,48714.8091851852
2021-08-21T06:00:00Z,48691.14665740741
2021-08-21T07:00:00Z,48765.93542592592
2021-08-21T08:00:00Z,48848.68066666666
2021-08-21T09:00:00Z,48893.72125925926
2021-08-21T10:00:00Z,49042.087564814814
2021-08-21T11:00:00Z,48986.54936111111
2021-08-21T12:00:00Z,49028.88098148148
2021-08-21T13:00:00Z,49085.23597222221
2021-08-21T14:00:00Z,49128.469740740744
2021-08-21T15:00:00Z,49198.58357407408
2021-08-21T16:00:00Z,49331.592509259266
2021-08-21T17:00:00Z,49535.81098148148
2021-08-21T18:00:00Z,49668.71075
2021-08-21T19:00:00Z,49546.68423148148
2021-08-21T20:00:00Z,49289.4351574074
2021-08-21T21:00:00Z,49096.50884259259
2021-08-21T22:00:00Z,49092.09851851852
2021-08-21T23:00:00Z,49058.07837037038
2021-08-22T00:00:00Z,49017.19897222222
2021-08-22T01:00:00Z,48984.358861111104
2021-08-22T02:00:00Z,48930.29152777779
2021-08-22T03:00:00Z,48877.044712962954
2021-08-22T04:00:00Z,48912.293472222205
2021-08-22T05:00:00Z,49010.43810185185
2021-08-22T06:00:00Z,49139.679481481486
2021-08-22T07:00:00Z,49246.81625925926
2021-08-22T08:00:00Z,49238.66721296295
2021-08-22T09:00:00Z,49231.77914814815
2021-08-22T10:00:00Z,49205.730379629626
2021-08-22T11:00:00Z,49186.239527777776
2021-08-22T12:00:00Z,49097.54514814814
2021-08-22T13:00:00Z,48987.51761111111
2021-08-22T14:00:00Z,48708.566898148136
2021-08-22T15:00:00Z,48485.54799074074
2021-08-22T16:00:00Z,48398.115277777775
2021-08-22T17:00:00Z,48457.585796296284
2021-08-22T18:00:00Z,48495.77246296295
2021-08-22T19:00:00Z,48555.52650925927
2021-08-22T20:00:00Z,48531.7449074074
2021-08-22T21:00:00Z,48567.93396296296
2021-08-22T22:00:00Z,48813.77440740741
2021-08-22T23:00:00Z,49118.261101851844
2021-08-23T00:00:00Z,49422.41108333333
2021-08-23T01:00:00Z,49731.69699074074
2021-08-23T02:00:00Z,50026.81412037037
2021-08-23T03:00:00Z,50302.82162962962
2021-08-23T04:00:00Z,50493.69491666666
2021-08-23T05:00:00Z,50545.6250462963
2021-08-23T06:00:00Z,50479.98711111111
2021-08-23T07:00:00Z,50359.77412037037
2021-08-23T08:00:00Z,50281.5785462963
2021-08-23T09:00:00Z,50273.10502777778
2021-08-23T10:00:00Z,50286.09461111112
2021-08-23T11:00:00Z,50343.68241666668
2021-08-23T12:00:00Z,50366.36905555555
2021-08-23T13:00:00Z,50325.62435185185
2021-08-23T14:00:00Z,50120.793231481475
2021-08-23T15:00:00Z,49812.04982407406
2021-08-23T16:00:00Z,49584.4914074074
2021-08-23T17:00:00Z,49410.4182962963
2021-08-23T18:00:00Z,49335.97655555556
2021-08-23T19:00:00Z,49255.49246296296
2021-08-23T20:00:00Z,49272.50031481482
2021-08-23T21:00:00Z,49362.77049074074
2021-08-23T22:00:00Z,49509.96465740741
2021-08-23T23:00:00Z,49599.4470462963
2021-08-24T00:00:00Z,49524.085388888896
2021-08-24T01:00:00Z,49303.2895462963
2021-08-24T02:00:00Z,49128.53106481481
2021-08-24T03:00:00Z,49100.91123148147
2021-08-24T04:00:00Z,49231.02463888887
2021-08-24T05:00:00Z,49429.09043518518
2021-08-24T06:00:00Z,49655.148546296296
2021-08-24T07:00:00Z,49825.14027777777
2021-08-24T08:00:00Z,49892.36591666666
2021-08-24T09:00:00Z,49846.946120370376
2021-08-24T10:00:00Z,49653.038648148155
2021-08-24T11:00:00Z,49478.06686111111
2021-08-24T12:00:00Z,49341.28726851851
2021-08-24T13:00:00Z,49057.45135185184
2021-08-24T14:00:00Z,48720.72896296296
2021-08-24T15:00:00Z,48366.250935185184
2021-08-24T16:00:00Z,48025.734990740755
2021-08-24T17:00:00Z,47818.38433333335
2021-08-24T18:00:00Z,47790.41847222223
2021-08-24T19:00:00Z,47906.782074074086
2021-08-24T20:00:00Z,48098.7883888889
2021-08-24T21:00:00Z,48227.68468518518
2021-08-24T22:00:00Z,48311.708101851844
2021-08-24T23:00:00Z,48163.23798148148
2021-08-25T00:00:00Z,48016.65869444445
2021-08-25T01:00:00Z,47963.549083333346
2021-08-25T02:00:00Z,48028.16699074075
2021-08-25T03:00:00Z,48082.24033333334
2021-08-25T04:00:00Z,48084.19565740742
2021-08-25T05:00:00Z,48201.172129629645
2021-08-25T06:00:00Z,48317.055583333335
2021-08-25T07:00:00Z,48355.85425
2021-08-25T08:00:00Z,48041.62642592593
2021-08-25T09:00:00Z,47584.869333333336
2021-08-25T10:00:00Z,47266.92697222222
2021-08-25T11:00:00Z,47197.25670370372
2021-08-25T12:00:00Z,47373.2207037037
2021-08-25T13:00:00Z,47568.098759259265
2021-08-25T14:00:00Z,47934.07114814815
2021-08-25T15:00:00Z,48408.1111111111
2021-08-25T16:00:00Z,48806.030166666664
2021-08-25T17:00:00Z,49050.86399074073
2021-08-25T18:00:00Z,49142.92597222221
2021-08-25T19:00:00Z,49063.97741666667
2021-08-25T20:00:00Z,48929.52814814815
2021-08-25T21:00:00Z,48916.164462962966
2021-08-25T22:00:00Z,48934.23477777777
2021-08-25T23:00:00Z,48994.60317592593
2021-08-26T00:00:00Z,49127.26558333333
2021-08-26T01:00:00Z,49096.829666666665
2021-08-26T02:00:00Z,48966.21405555556
2021-08-26T03:00:00Z,48555.73421296297
2021-08-26T04:00:00Z,48095.67523148147
2021-08-26T05:00:00Z,47506.12447222221
2021-08-26T06:00:00Z,46963.6981111111
2021-08-26T07:00:00Z,46598.97785185185
2021-08-26T08:00:00Z,46468.61675000001
2021-08-26T09:00:00Z,46487.724749999994
2021-08-26T10:00:00Z,46622.425074074075
2021-08-26T11:00:00Z,46740.44294444445
2021-08-26T12:00:00Z,46842.08489814815
2021-08-26T13:00:00Z,46990.66115740741
2021-08-26T14:00:00Z,47030.56028703703
2021-08-26T15:00:00Z,46979.339564814814
2021-08-26T16:00:00Z,46908.29928703703
2021-08-26T17:00:00Z,46881.639814814815
2021-08-26T18:00:00Z,46920.382259259255
2021-08-26T19:00:00Z,46961.232231481474
2021-08-26T20:00:00Z,47002.967259259254
2021-08-26T21:00:00Z,47102.55648148148
2021-08-26T22:00:00Z,47195.846638888885
2021-08-26T23:00:00Z,47157.292861111106
2021-08-27T00:00:00Z,47155.27964814814
2021-08-27T01:00:00Z,47176.24577777777
2021-08-27T02:00:00Z,47226.7735648148
2021-08-27T03:00:00Z,47148.373314814795
2021-08-27T04:00:00Z,47018.08324999999
2021-08-27T05:00:00Z,46960.252370370355
2021-08-27T06:00:00Z,47007.681685185176
2021-08-27T07:00:00Z,47204.69898148148
2021-08-27T08:00:00Z,47320.73163888889
2021-08-27T09:00:00Z,47352.14839814815
2021-08-27T10:00:00Z,47377.5376574074
2021-08-27T11:00:00Z,47429.31644444444
2021-08-27T12:00:00Z,47461.61637037038
2021-08-27T13:00:00Z,47439.081046296305
2021-08-27T14:00:00Z,47630.68571296297
2021-08-27T15:00:00Z,47937.18925925926
2021-08-27T16:00:00Z,48241.570148148145
2021-08-27T17:00:00Z,48410.510342592584
2021-08-27T18:00:00Z,48473.466990740744
2021-08-27T19:00:00Z,48474.07794444444
2021-08-27T20:00:00Z,48632.93449074074
2021-08-27T21:00:00Z,48869.022083333344
2021-08-27T22:00:00Z,49081.0337314815
2021-08-27T23:00:00Z,49217.23442592594
2021-08-28T00:00:00Z,49309.8384351852
2021-08-28T01:00:00Z,49336.783925925934
2021-08-28T02:00:00Z,49260.98369444445
2021-08-28T03:00:00Z,49110.90708333333
2021-08-28T04:00:00Z,48983.961435185185
2021-08-28T05:00:00Z,48901.85871296297
2021-08-28T06:00:00Z,48907.72044444445
2021-08-28T07:00:00Z,48937.40956481482
2021-08-28T08:00:00Z,48958.18808333334
2021-08-28T09:00:00Z,48963.88499074075
2021-08-28T10:00:00Z,48935.151398148155
2021-08-28T11:00:00Z,48849.37846296296
2021-08-28T12:00:00Z,48809.42731481481
2021-08-28T13:00:00Z,48772.855268518506
2021-08-28T14:00:00Z,48725.33201851851
2021-08-28T15:00:00Z,48726.66513888887
2021-08-28T16:00:00Z,48804.77103703704
2021-08-28T17:00:00Z,48933.24555555556
2021-08-28T18:00:00Z,48978.71149074074
2021-08-28T19:00:00Z,48906.277805555554
2021-08-28T20:00:00Z,48800.158620370355
2021-08-28T21:00:00Z,48790.59875
2021-08-28T22:00:00Z,48786.89647222221
2021-08-28T23:00:00Z,48834.482249999994
2021-08-29T00:00:00Z,49080.45394444443
2021-08-29T01:00:00Z,49329.72247222221
2021-08-29T02:00:00Z,49282.69441666666
2021-08-29T03:00:00Z,48915.11377777776
2021-08-29T04:00:00Z,48431.12268518519
2021-08-29T05:00:00Z,48122.8762037037
2021-08-29T06:00:00Z,48082.37416666667
2021-08-29T07:00:00Z,48221.2683425926
2021-08-29T08:00:00Z,48394.51733333335
2021-08-29T09:00:00Z,48535.580657407416
2021-08-29T10:00:00Z,48609.28412962963
2021-08-29T11:00:00Z,48510.87668518519
2021-08-29T12:00:00Z,48402.64458333334
2021-08-29T13:00:00Z,48316.93288888889
2021-08-29T14:00:00Z,48263.12360185185
2021-08-29T15:00:00Z,48310.784305555535
2021-08-29T16:00:00Z,48453.14784259259
2021-08-29T17:00:00Z,48652.188916666666
2021-08-29T18:00:00Z,48820.34083333332
2021-08-29T19:00:00Z,48916.96119444444
2021-08-29T20:00:00Z,48968.06050925925
2021-08-29T21:00:00Z,48987.10936111111
2021-08-29T22:00:00Z,49061.79188888889
2021-08-29T23:00:00Z,49041.24453703704
2021-08-30T00:00:00Z,48848.529462962964
2021-08-30T01:00:00Z,48624.58880555555
2021-08-30T02:00:00Z,48424.017250000004
2021-08-30T03:00:00Z,48196.18037962964
2021-08-30T04:00:00Z,47973.302
2021-08-30T05:00:00Z,47837.6028425926
2021-08-30T06:00:00Z,47800.39408333335
2021-08-30T07:00:00Z,47832.775175925926
2021-08-30T08:00:00Z,47924.38953703704
2021-08-30T09:00:00Z,47971.29058333333
2021-08-30T10:00:00Z,48010.79212962963
2021-08-30T11:00:00Z,48001.102694444446
2021-08-30T12:00:00Z,47865.23672222222
2021-08-30T13:00:00Z,47749.66388888889
2021-08-30T14:00:00Z,47665.874342592586
2021-08-30T15:00:00Z,47747.665944444445
2021-08-30T16:00:00Z,47941.63921296296
2021-08-30T17:00:00Z,48186.19546296296
2021-08-30T18:00:00Z,48432.92953703704
2021-08-30T19:00:00Z,48636.83167592593
2021-08-30T20:00:00Z,48767.74265740742
2021-08-30T21:00:00Z,48739.74048148148
2021-08-30T22:00:00Z,48388.5380462963
2021-08-30T23:00:00Z,47745.44753703704
2021-08-31T00:00:00Z,47075.08297222222
2021-08-31T01:00:00Z,46625.176592592594
2021-08-31T02:00:00Z,46504.50176851851
2021-08-31T03:00:00Z,46645.94016666667
2021-08-31T04:00:00Z,46845.582268518534
2021-08-31T05:00:00Z,47027.09978703704
2021-08-31T06:00:00Z,47088.67943518518
2021-08-31T07:00:00Z,47304.8259537037
2021-08-31T08:00:00Z,47568.66355555556
2021-08-31T09:00:00Z,47694.55866666667
2021-08-31T10:00:00Z,47678.72162962963
2021-08-31T11:00:00Z,47729.60768518519
2021-08-31T12:00:00Z,47808.32937037037
2021-08-31T13:00:00Z,47913.64919444444
2021-08-31T14:00:00Z,47793.58975000001
2021-08-31T15:00:00Z,47587.60278703704
2021-08-31T16:00:00Z,47393.84175925927
2021-08-31T17:00:00Z,47214.6663888889
2021-08-31T18:00:00Z,47158.98998148148
2021-08-31T19:00:00Z,47169.81453703704
2021-08-31T20:00:00Z,47130.76921296297
2021-08-31T21:00:00Z,47039.51051851852
2021-08-31T22:00:00Z,46976.85064814816
2021-08-31T23:00:00Z,46982.802009259256
2021-09-01T00:00:00Z,46935.3690925926
2021-09-01T01:00:00Z,46879.53339814814
2021-09-01T02:00:00Z,46833.08986111111
2021-09-01T03:00:00Z,46869.952379629634
2021-09-01T04:00:00Z,46986.07927777778
2021-09-01T05:00:00Z,47196.42130555556
2021-09-01T06:00:00Z,47366.945675925934
2021-09-01T07:00:00Z,47414.18830555555
2021-09-01T08:00:00Z,47417.38472222222
2021-09-01T09:00:00Z,47489.96631481481
2021-09-01T10:00:00Z,47570.454277777775
2021-09-01T11:00:00Z,47687.711824074075
2021-09-01T12:00:00Z,47774.81843518518
2021-09-01T13:00:00Z,47742.52931481481
2021-09-01T14:00:00Z,47591.953638888874
2021-09-01T15:00:00Z,47473.058953703694
2021-09-01T16:00:00Z,47711.96324999999
2021-09-01T17:00:00Z,48209.711009259256
2021-09-01T18:00:00Z,48689.14119444444
2021-09-01T19:00:00Z,48807.82759259259
2021-09-01T20:00:00Z,48673.9144537037
2021-09-01T21:00:00Z,48510.315907407414
2021-09-01T22:00:00Z,48424.36660185185
2021-09-01T23:00:00Z,48545.7855
2021-09-02T00:00:00Z,48718.230027777776
2021-09-02T01:00:00Z,49135.275324074064
2021-09-02T02:00:00Z,49540.392499999994
2021-09-02T03:00:00Z,49812.94277777778
2021-09-02T04:00:00Z,49843.78619444445
2021-09-02T05:00:00Z,49733.64355555557
2021-09-02T06:00:00Z,49755.07607407408
2021-09-02T07:00:00Z,49847.3575462963
2021-09-02T08:00:00Z,50024.657787037046
2021-09-02T09:00:00Z,50080.48487962963
2021-09-02T10:00:00Z,50105.513444444434
2021-09-02T11:00:00Z,50118.081259259256
2021-09-02T12:00:00Z,50113.89100925926
2021-09-02T13:00:00Z,50137.83513888889
2021-09-02T14:00:00Z,49975.355175925935
2021-09-02T15:00:00Z,49751.88056481481
2021-09-02T16:00:00Z,49557.438518518524
2021-09-02T17:00:00Z,49444.62824074074
2021-09-02T18:00:00Z,49373.1179074074
2021-09-02T19:00:00Z,49315.30875925926
2021-09-02T20:00:00Z,49339.29777777777
2021-09-02T21:00:00Z,49497.766879629635
2021-09-02T22:00:00Z,49669.55058333333
2021-09-02T23:00:00Z,49652.880629629624
2021-09-03T00:00:00Z,49297.5495
2021-09-03T01:00:00Z,48831.249509259265
2021-09-03T02:00:00Z,48590.798611111124
2021-09-03T03:00:00Z,48751.4965925926
2021-09-03T04:00:00Z,49185.3345
2021-09-03T05:00:00Z,49540.25831481482
2021-09-03T06:00:00Z,49678.15414814814
2021-09-03T07:00:00Z,49601.959814814814
2021-09-03T08:00:00Z,49661.66128703704
2021-09-03T09:00:00Z,49857.75049074075
2021-09-03T10:00:00Z,50012.99641666666
2021-09-03T11:00:00Z,50170.278759259265
2021-09-03T12:00:00Z,50398.8263425926
2021-09-03T13:00:00Z,50659.48747222221
2021-09-03T14:00:00Z,50862.91824999999
2021-09-03T15:00:00Z,50905.073814814794
2021-09-03T16:00:00Z,50801.49997222222
2021-09-03T17:00:00Z,50630.95039814813
2021-09-03T18:00:00Z,50499.85176851851
2021-09-03T19:00:00Z,50456.29009259257
2021-09-03T20:00:00Z,50358.99625925926
2021-09-03T21:00:00Z,50270.02323148149
2021-09-03T22:00:00Z,50036.76416666666
2021-09-03T23:00:00Z,49881.941916666656
2021-09-04T00:00:00Z,49805.53913888888
2021-09-04T01:00:00Z,49739.89462962963
2021-09-04T02:00:00Z,49816.463740740735
2021-09-04T03:00:00Z,49991.06726851852
2021-09-04T04:00:00Z,50215.910962962975
2021-09-04T05:00:00Z,50372.65153703705
2021-09-04T06:00:00Z,50442.73200925926
2021-09-04T07:00:00Z,50403.54210185186
2021-09-04T08:00:00Z,50299.76588888889
2021-09-04T09:00:00Z,50286.93185185185
2021-09-04T10:00:00Z,50151.153435185195
2021-09-04T11:00:00Z,50015.32552777778
2021-09-04T12:00:00Z,49998.78324074074
2021-09-04T13:00:00Z,50067.20300925927
2021-09-04T14:00:00Z,50111.36939814815
2021-09-04T15:00:00Z,50059.94078703704
2021-09-04T16:00:00Z,49959.99461111112
